Competitor,Domain,Competitor Type,Observed Ranking Keyword Families,Notable Ranking Pages,Content Types,Route Coverage,Local Coverage,Cost Content,FAQ Content,Schema Observed,Trust Signals,Content Depth (1-5),Conversion Approach,Strengths,Weaknesses,Content Gap Opportunity for DPR
Foufoufly,foufoufly.com,Direct service (premium pet relocation concierge),"pet relocation Dubai; pet import Dubai; dog/cat relocation Dubai; UK to Dubai; India to Dubai; Dubai to Australia; Dubai to New Zealand; MOCCAE pet permit; how to bring a dog to Dubai; pet relocation cost Dubai; export from Dubai","/ ; /import-to-dubai/ ; /export-from-dubai/ ; /pet-relocation-uk-to-dubai/ ; /pet-relocation-india-to-dubai/ ; /pet-relocation-dubai-to-australia/ ; /pet-relocation-dubai-to-new-zealand/ ; /pet-relocation-cost-dubai/ ; /moccae-pet-import-permit/ ; /how-to-bring-a-dog-to-dubai/","Import/export service pages; 20+ route guides both directions; cost guide; MOCCAE permit guide; titre test guide; checklist; FAQs; testimonials; named-author guides","20+ origin and destination countries (UK, USA, Canada, Australia, NZ, France, Germany, India, South Korea, Singapore), both inbound and outbound","None observed (no Dubai community/area pages)","Strong: tier pricing (AED 4,000/8,000/15,000), route-level all-in ranges, per-item AED/INR cost tables","Extensive FAQ blocks on every page","Not directly verifiable from search snippets; FAQ + author/date markup strongly implied (inferred)","CEO named author (Sam Jamal); '500+ relocations, zero rejections'; dated 'Last Updated 2026'; route-specific client testimonials; tiered service transparency",5,"WhatsApp-first CTA ('Get Free Assessment on WhatsApp'), 24h written quote promise","Most complete topical coverage in SERP; AI-overview-optimized 'Quick Answer' blocks; current-dated content; full route-page architecture; strong E-E-A-T signals","Young domain with limited offline/brand history (inferred); no local-area pages; no pet taxi/local services; premium pricing may deter budget searchers; no GCC (Saudi/Qatar) route pages observed","Match route architecture but add: Dubai community pages, Abu Dhabi pages, GCC routes, post-arrival/Municipality registration content, pet taxi/airport-clearance micro-service pages, and real review-platform proof (Google/Trustpilot embeds)"
DKC (Dubai Kennels & Cattery),dkc.ae,Direct service (boarding + relocation + vet clinic),"DKC brand terms; pet relocation Dubai (via directory/listicle mentions); pet transits UAE","/what-we-do/global-relocations/animal-relocations-by-animal-people ; /what-we-do/global-relocations/pet-transits-through-the-uae","Service pages with large FAQ sections; boarding/daycare pages; vet clinic pages","Import/export/transit; '100+ countries' claimed via IPATA knowledge","Umm Ramool + Motor City facilities; UAE-wide collection/delivery","None observed (no published pricing found)","Yes - large quirky FAQ blocks on service pages","Not verified","Operating since 1983/1987; IPATA member; official animal handler for Emirates SkyCargo & dnata at DXB/DWC; 24/7 on-site vet clinic; thousands of relocations/year",4,"Contact form / phone; quote request","Unmatched offline authority, airport handler status, real facility, 40yr brand, one-stop (boarding+vet+crates+taxi)","Website content is quirky/informal rather than SEO-structured; no route pages, no cost guides, weak informational content (inferred from observed pages)","DPR can out-content DKC on every informational and route keyword while citing equivalent credentials; publish transparent pricing DKC won't; target 'DKC alternative/reviews' comparison terms"
Carry My Pet,carrymypet.ae,"Direct service (pet relocation; India-UAE corridor strength)","Carry My Pet Dubai relocation (brand); surfaced via listicles and own booking subdomain","book.carrymypet.ae (reviews/landing)","Homepage/service overview; heavy testimonial content; booking flow on subdomain","50+ countries claimed; observed reviews concentrate on India-UAE, UAE-Saudi (Riyadh), UAE-Canada routes","Dubai + Abu Dhabi teams mentioned in reviews","None observed on pages seen","Limited on observed pages","Not verified","Large volume of detailed named-staff Google-style reviews; 'world's most followed pet travel community' claim; India-UAE corridor reputation",3,"Quote/contact form; booking subdomain; WhatsApp (inferred)","Review volume and community/social proof; strong India-UAE and GCC corridor experience","Thin informational content; few route/cost guides observed; site split across main + book. subdomain may dilute SEO","Beat on informational content for India-Dubai and GCC routes; publish structured guides with costs where they rely on reviews alone"
PawPaths,pawpathsae.com,Direct service (pet relocation + travel tools),"PawPaths brand; surfaced via listicles (missmeow, magicpin, petsguide)","/ ; /products","Tiered package pages (Essentials/Premium/Elite); add-on services; AI tools (crate calculator, breed scanner)","50+ countries claimed; UAE export-focused (Dubai, Abu Dhabi, Sharjah, Al Ain pickups)","Dubai, Abu Dhabi, Sharjah, Al Ain named","Yes - published tier pricing (from AED 799 / 2,499 / 4,999) plus add-ons","Limited on observed pages","Not verified","IPATA & ATA member claims; IATA/LAR certified claims; 5.0 from 70+ Google reviews; 10+ years claim",3,"Package CTAs ('Get Started'), WhatsApp support tiers, quote form","Only competitor observed with transparent published package pricing and interactive tools (crate calculator)","Limited informational/route content observed; young-looking brand; export-focused with little inbound Dubai content (inferred)","Build a free pet relocation cost calculator + crate-size tool; undercut their pricing transparency with richer AED breakdowns per route"
Pet Express UAE,petexpressuae.com,Direct service (pet relocation),"Pet Express UAE relocation (brand); recommended in listicles (petwatchapp, missmeow)","/ (homepage)","Simple homepage + services page; thin content observed","Worldwide import/export claimed; rescue flights angle","Dubai-based; no area pages observed","None observed","None observed on homepage","Not verified","'16+ years' claim; 'longest standing' claim; rescue/rehabilitation story","2","Email + contact form only","Longevity, affordability positioning, emotional rescue story","Weakest content of direct competitors; no route pages, costs, FAQs, or guides observed; no WhatsApp CTA observed","Easy to outrank on all non-brand terms; DPR should target their brand-adjacent terms and win 'affordable pet relocation Dubai' content"
Freightworks,freightworks.com,"Direct service (logistics/mover; Emirates Group)","pet relocation Dubai (page exists; surfaced on brand query)","/animals ; /Relocations/pet_relocation_dubai","Two service pages; crate manufacturing content","International via airline network; transit oversight; thousands of animals/yr claimed","Dubai HQ; no local pages","None observed","Minimal","Not verified","Emirates Group ownership; 40+ years UAE logistics; direct airline-system access (AWB booking/tracking); IATA crate manufacturing","2","Phone (600 57 7773) + email; corporate contact","Unique airline-system access and Emirates Group trust; in-house crate manufacture; corporate channel (Emirates HR)","Almost no SEO content; two thin pages; not pet-specialist brand; no reviews/social proof observed","DPR wins on specialist positioning and content depth; target corporate/HR relocation keyword angles they ignore"
Sandy Paws / Sandy Paws Express,sandypaws.ae / sandypawsexpress.com,Direct service (pet relocation),"Sandy Paws Dubai (brand); frequent listicle presence (PropertyFinder, petwatchapp, missmeow)","sandypaws.ae/contact ; sandypawsexpress.com/contact-us","Standard service site; Track & Trace feature; reviews page","International relocations; 'first relocator inside DXB Cargo Terminal'","Office at Cargo Mega Terminal, DXB airport","None observed","Not observed","Not verified","Physical office inside Dubai International Airport Cargo Mega Terminal; 24/7 expert access claim",2,"Contact form ('reply in 01-24 hours'), email, appointment booking","Airport-side location = clearance speed credibility; Track & Trace differentiator","Two domains split authority; thin content; no guides/costs observed","DPR: build airport-clearance process content and a pet tracking/updates promise; consolidate learnings into one strong domain"
DeloroPets,deloropets.ae / deloropets.com / deloropets.uk,Direct service (pet relocation),"DeloroPets Dubai (brand); runs Google Ads on 'moccae pet import' (observed gclid URL) - buying terms organically weak","deloropets.com/en/our-services/pet-relocation-to-from-the-uae/ ; deloropets.uk/our-services/pet-transportation-between-uk-and-uae/","Service pages per corridor; Instagram case stories (200+ cases); license display","Popular destinations listed: Canada, France, Saudi Arabia, Spain, Australia, UK, USA, Vietnam, NZ, Indonesia; dedicated UK-UAE site","Own 24/7 pet taxi in UAE (Abu Dhabi/Dubai)","None observed","Step-by-step service guide format (7 steps)","Not verified","IPATA member; displays relocation license; 200+ documented Instagram cases; official contract promise",3,"Quote form; 24/7 manager contact; Instagram funnel","Multi-domain geo strategy (.ae/.com/.uk); visual case-study proof; turnkey contract positioning","Relies on paid ads for terms like 'moccae pet import'; content thinner than Foufoufly; fragmented across 3 domains (inferred)","DPR can win 'moccae pet import' organically (they pay for it); build UK-UAE corridor content on one domain with richer detail"
JetSet Pets,jetsetpets.ae (listed via petsguide.ae),Direct service (pet relocation),"Jetset Pets Dubai (brand, via directory)","petsguide.ae/businesses/jetset-pets listing","Directory presence; service list (flights, boarding, vet, permits, crates, customs, Dubai Municipality tag registration)","International relocations; Dubai Municipality registration add-on","Business Bay, Dubai","None observed","Not observed","Not verified","Directory-verified listing",1,"Directory contact; phone (inferred)","Full-service incl. post-arrival Municipality registration","Minimal web presence/content observed; no owned ranking content found in searches","DPR: own 'Dubai Municipality pet registration after arrival' content and bundle it as a service differentiator"
PetJet Express,petjetexpress.com,"Direct service (pet travel; UAE export niche)","Dubai to London pet flight (route guide)","/flying-with-pets-from-dubai-to-london/","Route guide blog content (Dubai-London 2026); service pitch embedded","UAE outbound focus; UK corridor","Dubai-based (villa pickups mentioned)","Partial - route cost context in guide","Yes (in guide)","Not verified","Approved vet network claim; brachycephalic breed expertise claim; APHA/MOCCAE monitoring claim",3,"Contact for end-to-end service; door-to-door pitch","Route-specific content that ranks for export terms; UK corridor focus","Small site; few routes observed; low authority (inferred)","Compete on Dubai-to-UK/Europe export route guides with deeper cost/timeline detail"
Pet Station Group,petstationgroup.com,Direct service (kennels + relocation + vet + taxi),"pet relocation Dubai (surfaced on dog relocation query)","/home/index.php/services-pet-relocation/","Service page; group-of-companies structure (kennels, cattery, vet clinic, crate manufacturing, pet taxi)","Import/export; MOCCAE-authorized quarantine kennels","Al Quoz facility (via listicles); UAE-wide","'Very reasonable price' claim, no numbers","Not observed","Not verified","Since 2014; MOCCAE-authorized quarantine kennels; 24/7 call centre; Arabic-speaking team for government liaison",2,"24/7 call centre; office open 7 days","Quarantine authorization is unique trust asset; full in-house infrastructure","Dated site (index.php URLs); thin SEO content; no route/cost content observed","DPR: create quarantine/what-if-things-go-wrong content; emphasize Arabic-language government liaison if available"
ISS Relocations,iss-relocations.com,International mover (pet relocation as add-on),"pet relocation Dubai to UK; cost of pet relocation UAE; pet relocation Sharjah; pet relocation Ras Al Khaimah","/blog/pet-relocation-dubai-to-uk-guide/ ; /blog/cost-of-pet-relocation-comprehensive-guide/ ; /blog/pet-relocation-services-in-sharjah/","Blog guides: route guides, cost guides, city pages (Sharjah, RAK, Dubai)","UAE to UK, Oman, Bahrain, Kuwait, Qatar, India, Saudi, Sri Lanka; GCC/South Asia strength","City-level pages across UAE emirates","Yes - cost guide (AED 2,000-10,000 ranges)","Yes - FAQ sections in blogs","Not verified","Corporate mover brand; multilingual team; 24/7 monitoring claim",3,"Blog CTAs ('Talk to Our Pet Move Experts'), quote form","Only mover with deliberate pet-relocation content cluster incl. emirate-level city pages","Generic, keyword-stuffed blog quality; pet service is add-on not core; vague costs","DPR can out-rank their city pages with specialist Dubai community-level pages and precise AED cost data"
Sparkle Relocation,sparklerelocation.com,Local mover (pet relocation add-on),"pet relocation Dubai; pet relocation Dubai requirements","/pet-relocations-dubai/ ; /pet-relocation-dubai-requirements/","Service page + long-form requirements guide","Domestic UAE + international","Dubai-focused","No pricing; detailed permit/fee context in guide","Yes","Not verified","Mover brand; process transparency",3,"Quote request; moving-bundle cross-sell (groupage)","One genuinely strong informational guide (requirements sequence, quarantine avoidance)","Keyword-stuffing on service page; mover not specialist; limited trust signals","DPR: publish a better sequenced 'requirements in order' guide with downloadable checklist and real fee table"
Noble Vet Clinic,noblevetclinic.com,Veterinary clinic (relocation services + blog),"cat relocation Dubai; pet relocation Dubai guide","/blog/pet-relocation-dubai-guide","Blog guide + relocation service offer (vet-led, both directions, airline recommendations)","Inbound + outbound from Dubai","Dubai clinic","'See exactly what your move would cost' CTA, no numbers","Partial","Not verified","MOCCAE-approved vet angle; vet signs own health certificates; pre/post-arrival vet checks",3,"Contact/consult CTA","Vet-led trust (same vet examines and certifies); medical credibility","Single blog post; not a relocation specialist; limited route coverage","DPR: partner-with-vet or vet-reviewed content badges; medical-review bylines to match their E-E-A-T"
Falcon Veterinary,falconveterinaryllc.com,Veterinary clinic (pet taxi/local transport),"pet taxi Dubai; pet transport Dubai; dog taxi Dubai; cat taxi Dubai","/pet-taxi/","Local service page with district-level coverage, pricing table, FAQ","Local UAE only (vet runs, airport transfers DXB/AUH)","Extensive: Dubai districts (Marina, JBR, JLT, Business Bay, Arabian Ranches, Palm Jumeirah, Mirdif, Al Barsha, DIFC...), Abu Dhabi, Sharjah, Ajman, RAK, Fujairah","Yes - full AED price table (60-450+, airport transfers 150-350)","Yes","Not verified","MOCCAE Approved badge; vet-trained handlers; same-day booking; Google Reviews section",4,"Call/WhatsApp now; same-day booking","Owns 'pet taxi Dubai' SERP with hyper-local coverage and transparent local pricing; page even exposes SEO metadata (KD/quick-win placeholders) showing deliberate SEO","Not an international relocator; template shows raw SEO variables (sloppy execution)","DPR: build equivalent hyper-local area pages for relocation + airport transfer, and an airport meet/clearance micro-service"
Paws Abroad,pawsabroad.co,Editorial/blog (pet travel content),"leaving Dubai with a dog or cat; Dubai pet export costs; charter flight costs","/blog/leaving-dubai-with-a-dog-or-cat-in-2026-requirements-costs-flight-options","Blog guides with detailed cost tables (vet, airline, shared charter, private jet)","Dubai outbound to Europe/UK/US","None","Strong - USD/AED cost tables incl. charter ($8-12k Dubai-Europe) and private jet ranges","Not observed","Not verified","2026-dated detailed guides",3,"Content funnel (newsletter/affiliate inferred)","Wins export-cost informational queries with unusually detailed charter/private-jet pricing","No service, no local depth, generic brand","DPR: publish export cost guides including charter/private-jet options and capture the lead they can't service"
PropertyFinder,propertyfinder.ae,Aggregator/editorial (property portal blog),"best pet relocation companies Dubai; top pet relocation companies Dubai","/blog/pet-relocation-companies-in-dubai/","Listicle naming Floof VIPets, Upsleeve, Sandy Paws, DeloroPets + cost overview","N/A (covers others)","Dubai-wide editorial","Typical cost ranges discussed","No","Not verified","High domain authority (rated B in results); trusted property portal",3,"None (editorial)","Dominates 'best/top pet relocation companies Dubai' comparison queries; high authority","Content shallow; company blurbs appear partly mismatched (Foufoufly text under Floof VIPets heading)","DPR must get listed in these listicles AND build own 'best pet relocation companies Dubai' comparison page to contest the SERP"
PetTravel.com,pettravel.com,Editorial/informational (pet passport database),"pet relocation to Dubai; UAE pet import requirements; banned breeds UAE","/information/pet-passports/united-arab-emirates-pet-import-requirements/","Comprehensive country import-requirement pages (7-step process, country risk lists, breed bans)","Global database; UAE page very detailed","None","Fee mentions only","No","Not verified","Long-established informational brand",4,"Email/agent referral","Owns pure informational 'requirements' queries; extremely detailed regulation content","No local Dubai angle, no service, dated UX (inferred)","DPR: match their regulatory depth but localize (Dubai-specific Municipality steps, DXB process, real 2026 fees)"
Starwood Pet Travel,starwoodpet.com,International pet relocation brand (US),"Own brand + US-to-Dubai route testimonials; not observed ranking for generic Dubai terms in these searches","/ (testimonials incl. US to UAE/Dubai moves)","Testimonial/story-driven content; pet tracking app; portal","US-centric global incl. UAE","None local","Not observed","Not observed","Not verified","Google review embeds; tracking app; named coordinators",3,"Quote request; app/portal","International brand with tech (portal + tracking app) and strong review base","No Dubai-local presence or content observed; didn't surface for generic money terms in these searches","DPR: add real-time tracking/portal as product + content; beat them on Dubai-specific intent where they don't compete organically"
Etihad Airways / Emirates SkyCargo,etihad.com / skycargo.com,Airline (official policy pages),"pet friendly airlines UAE cabin; Emirates pet policy (via third-party guides; Etihad page ranked directly)","etihad.com/en/plan/travel-companion/travelling-with-pets","Official policy pages (pricing USD 399 cabin, weight limits, booking windows)","Own route network","AUH/DXB hubs","Yes (cabin fees)","Policy FAQs","Not verified","Official source authority",3,"Book via airline form","Unbeatable authority for airline-policy queries; Etihad is only UAE carrier allowing cabin pets","Generic; no Dubai import/relocation guidance; no service bundle","DPR: don't fight airline pages on policy - build 'which airline for YOUR route + breed' comparison content linking policy to relocation service"
MOCCAE / u.ae (government),moccae.gov.ae / u.ae,Government,"MOCCAE pet permit (referenced by all results; gov pages cited but did not surface directly in these search returns)","moccae.gov.ae import permit service page (referenced)","Official service/application pages","UAE federal","All emirates","Official fees (AED ~200 permit)","No","Not verified","Ultimate authority; UAE Pass application flow",2,"Online application portal","Owns the actual permit transaction; cited by every competitor","Poor UX/explanatory content (inferred from how many third-party guides exist to explain it)","DPR: win the 'how to apply for MOCCAE permit' explainer SERP with screenshots, step-by-step, and error-prevention content - Foufoufly currently leads this"
