Week,Date,Cluster,URL,Existing/New,Primary Keyword,Supporting Keywords,Search Intent,Action,Content Requirement,Image Requirement,Internal Links,Schema,Fact Sources,Priority,Owner Agent,Dependencies,Status
1,2026-09-07,technical,/routes (bare URL) + /routes/ hub,New,pet relocation routes Dubai,"(hub aggregates 21 route clusters, ~4,800/mo)",navigational/hub,FIX 404 + CREATE,"Resolve live 404: 301 bare /routes -> /routes/ and publish v1 hub (800-1,200 words, route cards for the 10 live routes, grouped inbound/outbound; placeholders for 11 planned routes added as they go live W7-W8). Full build-out completed W10.","2 images (0 original-photo, 2 AI-acceptable) per image-map.csv — Hero: Flat route-map diagram grouping inbound and outbound corrido; Route cards: Flat icon set: crate, plane silhouette, document, paw",23 inbound (23 P1) / 22 outbound planned in internal-link-map.csv,Article + FAQPage + BreadcrumbList + ItemList,regulatory-source-of-truth only; no unverified fees,P1,Developer,redirect-map.csv rows 10-11,planned
1,2026-09-07,technical,/cities (bare URL) + /cities/ hub,New,pet relocation UAE cities,pet relocation UAE; pet relocation services UAE; pet shipping UAE,navigational/hub,FIX 404 + CREATE,"Resolve live 404: 301 bare /cities -> /cities/ and publish v1 hub (600-900 words, emirate cards: Dubai -> /dubai/, Abu Dhabi, Sharjah placeholder until W10). Full build-out W10.","2 images (0 original-photo, 2 AI-acceptable) per image-map.csv — Hero: Stylised flat map of the UAE with Dubai, Abu Dhabi and Sharj; Emirate cards: Flat icon trio: city skyline, mosque-dome silhouette, paw",4 inbound (3 P1) / 3 outbound planned in internal-link-map.csv,Article + FAQPage + BreadcrumbList + ItemList,u.ae; MOCCAE; Dubai Municipality,P1,Developer,redirect-map.csv rows 10-11,planned
1,2026-09-07,regulatory-correction,51 flagged pages site-wide (VETO),Existing,"(site-wide correction, not a ranking play)",—,—,REGULATORY VETO FIX,"Apply 90-day -> 30-day MOCCAE import-permit validity correction on all 51 flagged pages AFTER MOCCAE portal verification confirms 30 days (first-party evidence: USDA APHIS, MOCCAE document, RAK Customs). If portal shows otherwise, escalate to Regulatory Fact-Checker before any edit. Highest-priority VETO item — blocks all content rewrites.",No new images,Sitewide pass; no new links,No schema change,MOCCAE portal (live check); USDA APHIS; RAK Customs,P1,Regulatory Fact-Checker,MOCCAE portal verification task (same week); regulatory-source-of-truth.csv row 4,planned
1,2026-09-07,regulatory-correction,MOCCAE portal verification (fees),—,—,—,—,VERIFY,"Verify on MOCCAE portal before ANY fee table is published: import permit fee AED 200 (ADRO) vs AED 500 (older MOCCAE PDF); on-arrival release/inspection fee AED 500 dog / 250 cat vs 1,000/500 (older PDF); export health certificate AED 100/personal consignment. Record outcome + date + screenshot in regulatory-source-of-truth.csv and change-log.csv.",—,—,—,MOCCAE portal; ADRO (adro.gov.ae),P1,Regulatory Fact-Checker,"Blocks W4 cost guide, W5 import pages, all fee tables",planned
1,2026-09-07,regulatory-correction,site-wide titer-timing wording,Existing,—,—,—,WORDING FIX,"Replace ""90-day waiting period"" titer phrasing with first-party rule: RNATT blood sample taken within 90 days BEFORE travel (min 0.5 IU/ml). Priority pages: homepage, /guides/uae-pet-import-requirements/, /guides/rabies-titer-test-dubai/, india/philippines/south-africa inbound routes.",—,—,—,MOCCAE (RNATT within 90 days before travel),P1,Regulatory Fact-Checker,Pairs with VETO fix pass,planned
1,2026-09-07,trust-eeat,/ (homepage trust bar) + site-wide claims,Existing,—,—,—,REMOVE/HOLD UNVERIFIED CLAIMS,"Remove or hold homepage trust-bar claims pending evidence per trust-claims-register (234 claims, all REVIEW): 400+ pets relocated, 4.9 Google rating, 0 paperwork errors, 15-min WhatsApp reply, 24/7 availability (7 instances), 50+ destination countries, all 18 license/certification claims. Replace with process language. ""0 errors"" recommended permanently removed or rephrased.",—,—,—,trust-claims-register.csv,P1,Content Writer,Owner to supply evidence; register updated on verification,planned
1,2026-09-07,technical,redirect-map staging (8 content redirects),Existing,—,—,—,STAGE REDIRECTS,Stage (do NOT fire) the 8 content-merge 301s: /cities/dubai/->/dubai/; karama->bur-dubai; bluewaters->jbr; port-de-la-mer->jumeirah; city-walk->downtown-dubai; al-wasl->umm-suqeim; international-city->dubai-silicon-oasis; sheikh-zayed-road->/dubai/. Go-live deferred to W10 so merge targets are expanded and unique snippets salvaged FIRST. (Design change vs original W1 go-live — prevents content loss.),—,—,—,redirect-map.csv; crawl-summary near-duplicate groups ND1-ND5,P1,Developer,W10 Grade-A expansions must precede go-live,planned
1,2026-09-07,analytics,site-wide tracking,Existing,—,—,—,ANALYTICS CHECK,"Verify/enable conversion tracking: CTA click events per CTA taxonomy (Get Route Checked, Check Pet Eligibility, Get a Relocation Quote, Check Documents, Ask About Your Pet, Calculate Estimated Cost, Check Your Timeline, WhatsApp a Relocation Coordinator), WhatsApp deep-link clicks, form submissions, phone clicks. Baseline lead counts before content ships.",—,—,—,—,P1,Analytics Specialist,GTM/GA4 access,planned
1,2026-09-07,technical,site-wide schema validation,Existing,—,—,—,SCHEMA VALIDATION,"Validate existing JSON-LD (Organization/WebSite 81, BreadcrumbList 78, FAQPage 74, LocalBusiness 44, Service 11, HowTo 9, Article 17) in Rich Results Test + Schema.org validator; fix errors before new schema ships. Confirm LocalBusiness only on location-relevant pages.",—,—,—,crawl-summary.md schema inventory,P2,Developer,—,planned
1,2026-09-07,program-ops,(week 1 close-out),—,—,—,—,WEEKLY REVIEW,"Weekly review of Week 1 FOUNDATION & TRUTH (404 hub fixes live, VETO correction applied, fees verified on MOCCAE portal, unverified trust claims held, redirects staged, tracking baseline). 13-point weekly output checklist: (1) work completed vs plan; (2) URLs created; (3) URLs modified; (4) URLs merged/redirected; (5) keywords assigned/confirmed in keyword-lock-map; (6) internal links added vs internal-link-map; (7) images delivered vs image-map; (8) schema deployed & validated; (9) regulatory facts verified against regulatory-source-of-truth (30/90/180-day freshness); (10) problems/blockers encountered; (11) ranking movement (GSC/rank tracker); (12) indexation status; (13) next-week tasks confirmed.",—,—,—,regulatory-source-of-truth.csv; trust-claims-register.csv,P1,SEO Lead,All week-1 tasks,planned
2,2026-09-14,program-ops,keyword-lock-map.csv,—,—,—,—,STAKEHOLDER SIGN-OFF,"Walk stakeholder through keyword-lock-map.csv (578 rows): one-owner-per-keyword rulings, HOLD routes, merge/redirect decisions. Obtain written sign-off; log decisions in change-log.csv.",—,—,—,keyword-lock-map.csv; architecture-brief.md rulings 1-11,P1,SEO Lead,Week 1 fixes live,planned
2,2026-09-14,program-ops,GSC rank baseline,—,—,—,—,BASELINE IMPORT,"Export GSC 16-month query/page data; import rank baseline for all 578 locked keywords into rank tracker; annotate ""not tracked"" Current Rank cells in lock map where data exists; snapshot impressions for 41 /dubai/ pages (input to Grade-B re-grade at day 90).",—,—,—,GSC; keyword-lock-map.csv,P1,Analytics Specialist,GSC access,planned
2,2026-09-14,cannibalization,/ vs /service/pet-relocation-dubai/ + directional pairs,Existing,—,—,—,CANNIBALIZATION RESOLUTIONS LIVE,"Implement anti-cannibalization rulings on-page: homepage stops targeting service-page money terms (internal anchors point to /service/pet-relocation-dubai/); confirm inbound/outbound directional twins (/to-dubai vs /import, /from-dubai vs /export, dog/cat root vs service species) carry distinct intent signalling; adjust titles/anchors where lock map flags risk.",—,Anchor changes per internal-link-map.csv P1 rows,—,architecture-brief rulings 1-11,P1,SEO Lead,W2 sign-off,planned
2,2026-09-14,program-ops,editorial workflow setup,—,—,—,—,PROCESS,"Stand up production workflow: brief template (14 questions + 10-check AI content gate), named-author policy, last-verified date display component (30/90/180-day freshness classes), change-log and lock-map update SOPs for the weekly cycle.",—,—,—,regulatory-source-of-truth.csv freshness classes,P2,SEO Lead,—,planned
2,2026-09-14,program-ops,(week 2 close-out),—,—,—,—,WEEKLY REVIEW,"Weekly review of Week 2 KEYWORD MARKET MAPPING (lock map signed off, baseline imported, cannibalization resolutions live). 13-point weekly output checklist: (1) work completed vs plan; (2) URLs created; (3) URLs modified; (4) URLs merged/redirected; (5) keywords assigned/confirmed in keyword-lock-map; (6) internal links added vs internal-link-map; (7) images delivered vs image-map; (8) schema deployed & validated; (9) regulatory facts verified against regulatory-source-of-truth (30/90/180-day freshness); (10) problems/blockers encountered; (11) ranking movement (GSC/rank tracker); (12) indexation status; (13) next-week tasks confirmed.",—,—,—,regulatory-source-of-truth.csv; trust-claims-register.csv,P1,SEO Lead,All week-2 tasks,planned
3,2026-09-21,core-money,/,Existing,pet relocation Dubai,pet relocation UAE; pet relocation services Dubai; dog/cat relocation Dubai,commercial (category entry),REBUILD IA + REFRESH,"Homepage IA rebuild per homepage-ia.md (BINDING): cut 10,052 -> ~2,500-3,000 words; apply 48-section disposition map (KEEP as cards/strips, MOVE detail to hubs, DELETE 2 fluff sections); 12-section target structure; compliance block figures must match corrected source-of-truth (30-day permit post-verification); no fee figures until W1 portal verification closes; trust bar = verified claims only.","11 images (3 original-photo, 8 AI-acceptable) per image-map.csv — Hero: Owner kneeling beside golden retriever next to an open IATA ; Trust bar: Overhead flat lay of a pet travel document folder, crate har; Services strip (card 1): German Shepherd standing calmly in a correctly sized travel ; Services strip (card 2): British Shorthair cat resting inside a fabric-lined carrier ; Services strip (card 3): Close-up of hands checking a printed pet relocation checklis; Services strip (card 4): Climate-controlled van interior with a secured travel crate ; Routes strip: Beagle in a crate at a home doorway with a Dubai balcony sky; How it works: Seven-step horizontal process infographic from consultation ; Compliance block: Close-up detail of IATA crate hardware: metal door grid, bol; Local coverage: Stylised flat map of Dubai with paw markers over key communi; FAQ / final CTA: Ragdoll cat on owner's lap while owner types on a phone",0 inbound (0 P1) / 21 outbound planned in internal-link-map.csv,Organization + WebSite + LocalBusiness + BreadcrumbList + ItemList + FAQPage,MOCCAE; trust-claims-register.csv (claims barred until verified),P0,Content Writer,W1 VETO fix + fee verification + trust-claim hold; homepage-ia.md,planned — ACCELERATE (dfs 390)
3,2026-09-21,core-money,/service/pet-relocation-dubai/,Existing,pet relocation Dubai,pet relocation services Dubai; pet shipping Dubai; pet movers Dubai; pet cargo Dubai,commercial,EXPAND,"EXPAND 892 -> 2,000-2,500 words for the money head term (900/mo): new title/H1 per roadmap, cost table (verified fees only), route cards, fold ""pet shipping/cargo Dubai"" secondaries (ruling 11), verified trust signals, new FAQs, CTA: Get a Relocation Quote.","4 images (1 original-photo, 3 AI-acceptable) per image-map.csv — Hero: Handler carrying a small travel carrier with a cat inside fr; Process: Five-stage horizontal process graphic from quote to delivery; Detail: Toy poodle standing on a mat while a coordinator measures it; CTA: Owner hugging a corgi beside an open crate in a new apartmen",5 inbound (4 P1) / 3 outbound planned in internal-link-map.csv,Organization + WebSite + BreadcrumbList + Service + FAQPage + HowTo,MOCCAE; IATA; verified fee figures only,P0,Content Writer,W1 corrections; homepage de-duplication (ruling 1),planned — ACCELERATE (dfs 390)
3,2026-09-21,core-money,/service/pet-transport-dubai/,Existing,pet transport Dubai,pet taxi Dubai; pet transport UAE; pet transport Dubai to Abu Dhabi; MOCCAE approved pet transport Dubai,commercial/local,EXPAND,"EXPAND 1,473 -> 1,800-2,200 words: capture ""pet taxi Dubai"" (170/mo, Falcon Vet owns SERP with AED tables) — transparent local AED pricing, district coverage table, airport-transfer rates, inter-emirate (DXB-AUH) section. CTA: WhatsApp a Relocation Coordinator.","4 images (1 original-photo, 3 AI-acceptable) per image-map.csv — Hero: Interior of an unbranded climate-controlled van: two secured; Process: Simple route-map diagram Dubai to Abu Dhabi with timing; Detail: Handler offering water to a leashed dog during a rest stop i; CTA: Cat in a carrier being buckled into a van seat with a seatbe",37 inbound (2 P1) / 5 outbound planned in internal-link-map.csv,Organization + WebSite + BreadcrumbList + Service + FAQPage,MOCCAE (transport rules); internal pricing (verified),P0,Content Writer,W1 corrections,planned — ACCELERATE retarget: capture pet taxi Dubai (dfs 590) as secondary; keep transport intent
3,2026-09-21,directional-inbound,/service/pet-relocation-to-dubai/,Existing,pet relocation to Dubai,moving to Dubai with pets; moving to Dubai with a dog; bringing pets to Dubai,commercial/informational (inbound),EXPAND,"Keep ~2,100-2,400 words; sharpen INBOUND-only focus (arrival-side: import permit, cargo arrival, settling in) per ruling 2; deconflict from /service/pet-import-dubai/; 90-day VETO already fixed W1 — recheck; new title/H1 per roadmap.","4 images (0 original-photo, 4 AI-acceptable) per image-map.csv — Hero: Owner opening a crate in a new Dubai apartment as a ginger c; Process: Eight-step inbound journey diagram from home-country vet to ; Detail: Owner setting up a water bowl and bed corner for a spaniel i; CTA: Phone in hand showing a plain chat bubble composition next t",15 inbound (15 P1) / 2 outbound planned in internal-link-map.csv,Organization + WebSite + BreadcrumbList + Service + FAQPage + HowTo,MOCCAE; USDA APHIS,P0,Content Writer,W1 corrections,planned — ACCELERATE (dfs 390)
3,2026-09-21,directional-outbound,/service/pet-relocation-from-dubai/,Existing,pet relocation from Dubai,leaving Dubai with pets; pet export Dubai; moving pets out of UAE,commercial/informational (outbound),EXPAND,"Keep ~1,700-2,000 words; departure-side differentiation per ruling 3; verify export cert fee (AED 100 first-party vs 300-700 stated) — use W1 portal result; link outbound route pages; CTA: Check Your Timeline.","4 images (0 original-photo, 4 AI-acceptable) per image-map.csv — Hero: Owner and a husky on a Dubai balcony at golden hour, packed ; Process: Seven-step outbound journey diagram with destination-variati; Detail: Checklist card with ticked boxes beside a zip-tied document ; CTA: Owner closing a villa door carrying a cat carrier toward a w",10 inbound (10 P1) / 2 outbound planned in internal-link-map.csv,Organization + WebSite + BreadcrumbList + Service + FAQPage + HowTo,"MOCCAE export cert (AED 100, 1 working day, 30-day validity)",P0,Content Writer,W1 fee verification,planned — ACCELERATE (dfs 390)
3,2026-09-21,core-money,/service/international-pet-relocation/,Existing,international pet relocation Dubai,international pet relocation UAE; pet shipping Dubai; worldwide pet relocation,commercial,EXPAND,"EXPAND 1,549 -> 2,000-2,500 words per ruling 4: airline-selection framework, ""pet shipping/cargo Dubai"" secondaries, link all route pages (live + planned), NO unverified country counts (50+ countries claim held).","4 images (0 original-photo, 4 AI-acceptable) per image-map.csv — Hero: Flat world map with curved route lines radiating from Dubai; Process: Coordinator at a desk with two phones and a laptop showing a; Detail: Decision diagram comparing in-cabin, excess baggage and carg; CTA: Crate with a sleeping dachshund inside, soft warehouse light",4 inbound (3 P1) / 5 outbound planned in internal-link-map.csv,Organization + WebSite + BreadcrumbList + Service + FAQPage,IATA; Emirates; Etihad; trust-claims-register,P3,Content Writer,W1 trust-claim hold,planned — DEFER/THIN after accelerate set (dfs primary null)
3,2026-09-21,breed-dog,/service/dog-relocation-dubai/,Existing,dog relocation Dubai,dog relocation UAE; large dog relocation Dubai; dog transport Dubai,commercial (species),EXPAND,"Keep ~2,300 words; verify breed-ban list against Federal Law 22/2016 Annex 2 + Decree 190/2021; strengthen breed checks/crates/airline rules sections; differentiate from /dog-relocation-to-dubai/ (ruling 8); CTA: Check Pet Eligibility.","4 images (1 original-photo, 3 AI-acceptable) per image-map.csv — Hero: German Shepherd being measured for a crate by a coordinator ; Process: Six-step dog relocation diagram with breed-check first step; Detail: Split diagram: brachycephalic vs standard head shapes with l; CTA: Labrador off-leash on a grassy Dubai community dog park at s",5 inbound (5 P1) / 3 outbound planned in internal-link-map.csv,Organization + WebSite + BreadcrumbList + Service + FAQPage,u.ae Federal Law 22/2016 Annex 2; Ministerial Decree 190/2021; IATA,P2,Content Writer,W1 corrections,planned — lower urgency after accelerate set (dfs 30)
3,2026-09-21,breed-cat,/service/cat-relocation-dubai/,Existing,cat relocation Dubai,cat relocation UAE; cat transport Dubai; flying Persian cat to Dubai,commercial (species),EXPAND,"Keep ~2,200 words (strong: sedation guidance, carrier acclimation); new title per roadmap; clarify Emirates USD 1,500-5,000 is CARGO not cabin; cross-link Etihad cabin guide when live (W11).","4 images (1 original-photo, 3 AI-acceptable) per image-map.csv — Hero: British Shorthair cat resting half-inside an open carrier on; Process: Five-step cat relocation diagram starting with carrier accli; Detail: Diagram explaining why sedation is avoided at altitude; CTA: Owner reading on a sofa while a tabby cat sleeps in an open ",3 inbound (3 P1) / 3 outbound planned in internal-link-map.csv,Organization + WebSite + BreadcrumbList + Service + FAQPage,Emirates (USD 500/650/800 cargo); Etihad (USD 399 cabin),P2,Content Writer,W1 corrections,planned — lower urgency after accelerate set (dfs 10)
3,2026-09-21,core-money,/services/,Existing,pet relocation services Dubai (tiers),pet relocation packages Dubai; pet relocation price tiers,commercial/navigational (hub),EXPAND,"EXPAND 873 -> 1,200-1,500 words: tier-comparison table (PawPilot/PawPartner/PawVIP) with route-level example pricing to counter PawPaths published tiers (AED 799/2,499/4,999); highest conversion-intent page after contact; CTA: Get a Relocation Quote.",2 service-tier comparison graphics per image-map.csv,3+ inbound P1 anchors per internal-link-map.csv,Organization + WebSite + Service + BreadcrumbList,internal verified pricing only,P0,Content Writer,W3 service page expansions (prices must agree),planned — ACCELERATE (dfs 320)
3,2026-09-21,program-ops,(week 3 close-out),—,—,—,—,WEEKLY REVIEW,Weekly review of Week 3 CORE MONEY PAGES (homepage IA rebuild + 8 money/service pages expanded). 13-point weekly output checklist: (1) work completed vs plan; (2) URLs created; (3) URLs modified; (4) URLs merged/redirected; (5) keywords assigned/confirmed in keyword-lock-map; (6) internal links added vs internal-link-map; (7) images delivered vs image-map; (8) schema deployed & validated; (9) regulatory facts verified against regulatory-source-of-truth (30/90/180-day freshness); (10) problems/blockers encountered; (11) ranking movement (GSC/rank tracker); (12) indexation status; (13) next-week tasks confirmed.,—,—,—,regulatory-source-of-truth.csv; trust-claims-register.csv,P1,SEO Lead,All week-3 tasks,planned
4,2026-09-28,cost,/guides/pet-relocation-cost-dubai/,Existing,pet relocation Dubai cost,pet relocation cost UAE; pet shipping cost Dubai; cost to move dog to Dubai; MOCCAE pet permit fee,informational/commercial (cost),EXPAND,"EXPAND into strongest UAE cost resource (~3,200+ words): strict fee-TYPE separation (government / vet / freight / crate / handling / coordination); comparison tables per route and pet size; VERIFIED figures only (W1 MOCCAE portal results for permit AED 200 vs 500 and release 500/250 vs 1,000/500 conflicts); plan cost-calculator interactive feature ON THIS URL (not a new URL). CTA: Calculate Estimated Cost.","3 images (0 original-photo, 3 AI-acceptable) per image-map.csv — Hero: Overhead flat lay: crate, measuring tape, calculator, docume; Cost breakdown: Stacked-bar diagram of a typical relocation cost by componen; Cost by pet size: Three-crate size comparison diagram (cat, small dog, large d",4 inbound (2 P1) / 1 outbound planned in internal-link-map.csv,Organization + WebSite + FAQPage + Article + BreadcrumbList,MOCCAE portal (W1 verification); ADRO; Dubai Municipality; Emirates; Etihad,P3,Content Writer,W1 fee verification (BLOCKING),deferred — thin/hold until demand evidence or Labs (dfs primary null)
4,2026-09-28,core-money,/guides/pet-relocation-companies-dubai/,New,best pet relocation company Dubai,top pet relocation companies Dubai; how to choose a pet relocation company Dubai; licensed pet relocation company Dubai; IPATA pet shipper Dubai,commercial investigation/comparison,CREATE,"CREATE 2,000-2,500-word honest comparison (competitor gap #4; SERP owned by error-prone PropertyFinder listicles, ~200/mo cluster): verifiable criteria only (licensing, IPATA membership check, facilities, pricing transparency), include competitors fairly, DISCLOSE DPR authorship/bias; legal review before publish. CTA: Get a Relocation Quote.","3 images (0 original-photo, 3 AI-acceptable) per image-map.csv — Hero: Flat illustration of three clipboard report cards being comp; Criteria section: Scorecard diagram of evaluation criteria with how-to-verify ; Consultation section: Coordinator on a video call with a client, a checklist visib",3 inbound (0 P1) / 3 outbound planned in internal-link-map.csv,Article + FAQPage + BreadcrumbList,"Verifiable public sources only (license registers, IPATA directory); trust-claims-register rules",P3,Content Writer,Legal review; W2 sign-off; bias-disclosure template,deferred — CREATE hold until demand evidence or Labs (dfs primary null)
4,2026-09-28,b2b,/service/corporate-pet-relocation/,New,corporate pet relocation Dubai,employee relocation with pets UAE; HR relocation package pets Dubai; bulk pet transport UAE; corporate relocation pet services Dubai,commercial (B2B),CREATE,"CREATE 1,200-1,800-word B2B page (130/mo cluster, low volume/high contract value; brief ruling): HR/procurement framing — SLA, invoicing, multi-employee volume pricing, policy-compliant documentation, assignee experience; RFP CTA (not instant WhatsApp quote). Scheduled W4 (light week) ahead of W7-W11 capacity pressure.","4 images (0 original-photo, 4 AI-acceptable) per image-map.csv — Hero: Employee packing a Dubai apartment for an international assi; Process: Workflow diagram of a corporate pet-move program from HR ref; Detail: Two crates side by side (cat and small dog) strapped into a ; CTA: Laptop on a desk with a plain email draft composition and a ",3 inbound (1 P1) / 3 outbound planned in internal-link-map.csv,Article + FAQPage + BreadcrumbList + Service,MOCCAE; internal SLA/pricing (verified),P3,Content Writer,Stakeholder confirms B2B offer terms,deferred — CREATE hold until demand evidence or Labs (dfs primary null)
4,2026-09-28,program-ops,(week 4 close-out),—,—,—,—,WEEKLY REVIEW,"Weekly review of Week 4 COST + DECISION (cost guide expanded to strongest UAE resource, comparison page + corporate page created). 13-point weekly output checklist: (1) work completed vs plan; (2) URLs created; (3) URLs modified; (4) URLs merged/redirected; (5) keywords assigned/confirmed in keyword-lock-map; (6) internal links added vs internal-link-map; (7) images delivered vs image-map; (8) schema deployed & validated; (9) regulatory facts verified against regulatory-source-of-truth (30/90/180-day freshness); (10) problems/blockers encountered; (11) ranking movement (GSC/rank tracker); (12) indexation status; (13) next-week tasks confirmed.",—,—,—,regulatory-source-of-truth.csv; trust-claims-register.csv,P1,SEO Lead,All week-4 tasks,planned
5,2026-10-05,core-money,/service/pet-import-dubai/,Existing,pet import Dubai,pet import UAE; how to import a pet to UAE; MOCCAE import permit application,commercial,EXPAND,"Keep ~2,700 words (Q8, strong structure): apply corrected 30-day permit validity (2 instances fixed W1 — verify), use W1 fee outcome; keep commercial intent distinct from guide (ruling 5); add arrival-clearance summary linking new arrival guide (W11).","4 images (1 original-photo, 3 AI-acceptable) per image-map.csv — Hero: Pet travel crates on a pallet in a generic air-cargo warehou; Process: Six-step import process diagram from permit to delivery; Detail: Hands assembling a document folder: vaccination card, microc; CTA: Family opening their villa door to a handler handing over a ",4 inbound (4 P1) / 4 outbound planned in internal-link-map.csv,Organization + WebSite + BreadcrumbList + Service + FAQPage + HowTo,MOCCAE; USDA APHIS; W1 portal verification,80,Content Writer,W1 corrections,planned
5,2026-10-05,governance-requirements,/guides/uae-pet-import-requirements/,Existing,UAE pet import requirements,Dubai pet import rules; pet vaccination requirements UAE import; documents needed to bring pet to Dubai,informational,EXPAND,"Keep ~3,800 words; verify all regulatory wording per source-of-truth: 30-day permit validity, RNATT sample-within-90-days rule, vaccine sequence (microchip BEFORE rabies, 12 weeks + 21 days), 2-pets-per-person rule, AED 5,000 non-compliance fine, manifest-cargo rule (Etihad cabin exception); fix Emirates ""$1,500-5,000"" label clarity (cargo).","3 images (0 original-photo, 3 AI-acceptable) per image-map.csv — Hero: Flat checklist-board illustration with documents, syringe, m; Step-by-step section: Import timeline diagram from first vet visit to arrival; Vaccination section: Vet scanning a cat's microchip with a handheld reader in a c",9 inbound (1 P1) / 4 outbound planned in internal-link-map.csv,Organization + WebSite + FAQPage + Article + BreadcrumbList,MOCCAE; USDA APHIS; RAK Customs; Emirates,65,Content Writer,W1 corrections; Regulatory Fact-Checker sign-off,planned
5,2026-10-05,governance-moccae,/guides/moccae-import-permit/,Existing,MOCCAE import permit,how to apply for MOCCAE pet permit; how long does a MOCCAE permit take; MOCCAE import permit cost,informational (how-to),EXPAND,"EXPAND 1,369 -> 1,800-2,200 words: FOLD IN application walkthrough (single intent per brief — no separate walkthrough URL): UAE Pass login, form fields, REJECTION REASONS section (competitor gap #8; DeloroPets pays ads on this term); correct validity to 30 days + W1-verified fee; ""DIY vs managed"" honest comparison. This is the linkable asset; cross-link /service/moccae-pet-permit/ heavily (ruling 10).","3 images (0 original-photo, 3 AI-acceptable) per image-map.csv — Hero: Flat illustration of an application form on a clipboard with; Application walkthrough: Numbered application walkthrough diagram from account to app; Rejection reasons section: Warning checklist diagram of rejection causes and fixes",3 inbound (1 P1) / 1 outbound planned in internal-link-map.csv,Organization + WebSite + FAQPage + BreadcrumbList + HowTo,MOCCAE portal (W1); USDA APHIS; UAE Pass flow,74,Content Writer,W1 fee verification; UAE Pass screenshots (Image Producer),planned
5,2026-10-05,governance-titer,/guides/rabies-titer-test-dubai/,Existing,rabies titer test Dubai,rabies titre test UAE pet import; FAVN test Dubai; does my pet need a rabies titer test for Dubai,informational,EXPAND,"Keep ~1,600 words; LOCK correct timing rule (sample within 90 days BEFORE travel, not ""90-day wait""; 0.5 IU/ml threshold); flag exempt-country list — could not be captured first-party, verify on MOCCAE portal before publishing list.","3 images (0 original-photo, 3 AI-acceptable) per image-map.csv — Hero: Flat diagram of the titer test concept: blood vial to lab re; Timeline section: Timeline diagram from vaccination through blood draw to trav; Vet visit section: Vet drawing a small blood sample from a calm dog's leg while",3 inbound (0 P1) / 0 outbound planned in internal-link-map.csv,Organization + WebSite + FAQPage + BreadcrumbList + HowTo,MOCCAE (RNATT rule); exempt-list verification pending,65,Content Writer,W1 corrections; MOCCAE exempt-list check,planned
5,2026-10-05,governance-moccae,/service/moccae-pet-permit/,Existing,MOCCAE pet permit,MOCCAE pet import permit; MOCCAE pet export permit; express MOCCAE permit,commercial (permit assistance),EXPAND,"Keep ~2,100 words; REGULATORY-BLOCKING page: confirm both 90-day instances fixed (W1), publish W1-verified permit fee, refresh processing-time language (2-5 working days, secondary-sourced — label as estimate); keep commercial twin role vs guide (ruling 10).","4 images (1 original-photo, 3 AI-acceptable) per image-map.csv — Hero: Coordinator's desk with an organised permit application fold; Process: Flowchart of the permit application from documents to approv; Detail: Checklist diagram of the most common application mistakes; CTA: Flat graphic of a document folder with a friendly checkmark ",4 inbound (3 P1) / 3 outbound planned in internal-link-map.csv,Organization + WebSite + BreadcrumbList + Service + FAQPage + HowTo,MOCCAE portal (W1); regulatory-source-of-truth rows 2-7,74,Content Writer,W1 verification; W5 guide rewrite (consistency),planned
5,2026-10-05,regulatory-correction,site-wide regulatory wording audit,Existing,—,—,—,REGULATORY PASS,"Full-site wording pass against regulatory-source-of-truth.csv (118 claims): confirm every regulatory figure on every live page matches authority value + confidence level; add last-verified date display per freshness class (30-day: airline/fees; 90-day; 180-day: stable rules); update ""Page Using The Claim"" column from TBD to actual URLs.",—,—,—,regulatory-source-of-truth.csv (all 118 claims),P1,Regulatory Fact-Checker,W1-W5 page work complete for covered pages,planned
5,2026-10-05,program-ops,(week 5 close-out),—,—,—,—,WEEKLY REVIEW,"Weekly review of Week 5 IMPORT AUTHORITY (import service + 3 guides expanded, MOCCAE permit service fixed, site-wide regulatory pass). 13-point weekly output checklist: (1) work completed vs plan; (2) URLs created; (3) URLs modified; (4) URLs merged/redirected; (5) keywords assigned/confirmed in keyword-lock-map; (6) internal links added vs internal-link-map; (7) images delivered vs image-map; (8) schema deployed & validated; (9) regulatory facts verified against regulatory-source-of-truth (30/90/180-day freshness); (10) problems/blockers encountered; (11) ranking movement (GSC/rank tracker); (12) indexation status; (13) next-week tasks confirmed.",—,—,—,regulatory-source-of-truth.csv; trust-claims-register.csv,P1,SEO Lead,All week-5 tasks,planned
6,2026-10-12,core-money,/service/pet-export-dubai/,Existing,pet export Dubai,pet export UAE; cost to export pet from Dubai; leaving Dubai with pets,commercial,EXPAND,"Keep ~1,800-2,200 words: publish W1-verified export health certificate figures (AED 100/personal consignment, 1 working day, 30-day validity) replacing site ""300-700""; plan-from-destination-backwards framing; link new /guides/pet-export-from-dubai/; CTA: Check Your Timeline.","4 images (0 original-photo, 4 AI-acceptable) per image-map.csv — Hero: Owner taping a moving box while a beagle watches from inside; Process: Five-step export diagram with certificate timing callout; Detail: Vet examining a cat on a clinic table while an owner holds a; CTA: Open suitcase on a bed with a cat sitting in it beside a tra",5 inbound (3 P1) / 1 outbound planned in internal-link-map.csv,Organization + WebSite + BreadcrumbList + Service + FAQPage + HowTo,MOCCAE (export cert via pawssible.ai-verified); destination authorities,77,Content Writer,W1 fee verification,planned
6,2026-10-12,directional-outbound,/service/pet-relocation-from-dubai/,Existing,pet relocation from Dubai,leaving Dubai with pets; moving pets out of UAE; taking dog out of UAE,commercial/informational (outbound),REFRESH (export pass),W3 expansion follow-up: verify export cert fee consistency with W1 result; finalise departure-side journey content; add links to all outbound route pages as they ship (W7-W8).,Reuse W3 image set,outbound route links per internal-link-map.csv,Organization + WebSite + BreadcrumbList + Service + FAQPage + HowTo,MOCCAE,77,Content Writer,W3 expansion; W1 verification,planned
6,2026-10-12,directional-outbound,/guides/pet-export-from-dubai/,New,pet export from Dubai,cost to export pet from Dubai; MOCCAE pet export permit; documents to take pet out of UAE; export health certificate UAE pets,informational (process how-to),CREATE,"CREATE 2,000-2,500 words: export process guide (~710/mo directional-outbound cluster currently scattered across service pages): MOCCAE export cert specifics (AED 100, 1 working day, 30-day validity, UAE Pass + quarantine-centre exam), destination-backwards planning framework, links all 8 outbound routes; anchors W8 outbound route pages. CTA: Check Documents.","3 images (0 original-photo, 3 AI-acceptable) per image-map.csv — Hero: Flat illustration of an open suitcase with a checklist, pet ; Process section: Export timeline diagram centred on certificate validity; Destination section: Branching diagram: one Dubai departure, many destination rul",9 inbound (0 P1) / 3 outbound planned in internal-link-map.csv,Article + FAQPage + BreadcrumbList,"MOCCAE; destination authorities (GOV.UK, CDC, CFIA, DAFF, DGFT, BAI, MEWA, European Commission)",65,Content Writer,W1 fee verification; W6 export service page first,planned
6,2026-10-12,program-ops,(week 6 close-out),—,—,—,—,WEEKLY REVIEW,"Weekly review of Week 6 EXPORT AUTHORITY (export service pages refreshed, export guide created as outbound anchor). 13-point weekly output checklist: (1) work completed vs plan; (2) URLs created; (3) URLs modified; (4) URLs merged/redirected; (5) keywords assigned/confirmed in keyword-lock-map; (6) internal links added vs internal-link-map; (7) images delivered vs image-map; (8) schema deployed & validated; (9) regulatory facts verified against regulatory-source-of-truth (30/90/180-day freshness); (10) problems/blockers encountered; (11) ranking movement (GSC/rank tracker); (12) indexation status; (13) next-week tasks confirmed.",—,—,—,regulatory-source-of-truth.csv; trust-claims-register.csv,P1,SEO Lead,All week-6 tasks,planned
7,2026-10-19,route-uk-inbound,/routes/uk-to-dubai/,Existing,pet relocation UK to Dubai,pet relocation to UAE from UK; moving dog from UK to Dubai; pet transport UK to Dubai; cost of flying a dog from UK to Dubai,informational/commercial (route),EXPAND,"KEEP+EXPAND to 3,000-3,800 words with UNIQUE route content: origin-side rules, document sequence, scenario timelines, verified AED + origin-currency cost table, route-specific FAQs, route cards (hub + reverse direction); no unverified fees. 649/mo cluster; no-titer (UK low-risk) messaging is an asset — verify exempt list first-party (W5 flag); DEFRA/APHA export side.","3 images (0 original-photo, 3 AI-acceptable) per image-map.csv — Hero: Cocker spaniel in an English garden beside an open travel cr; Documents & timeline: Route document checklist + timeline diagram for UK to Dubai; Arrival & reunion: Owner and cocker spaniel on a Dubai villa patio at golden ho",3 inbound (1 P1) / 3 outbound planned in internal-link-map.csv,Organization + WebSite + FAQPage + BreadcrumbList + Article,MOCCAE; USDA APHIS; GOV.UK; APHA,74,Content Writer,W1 corrections; W5 exempt-list check,planned
7,2026-10-19,route-usa-inbound,/routes/usa-to-dubai/,Existing,pet relocation USA to Dubai,moving dog from USA to Dubai; pet transport USA to Dubai; USDA endorsed health certificate UAE,informational/commercial (route),EXPAND,"KEEP+EXPAND to 3,000-3,800 words with UNIQUE route content: origin-side rules, document sequence, scenario timelines, verified AED + origin-currency cost table, route-specific FAQs, route cards (hub + reverse direction); no unverified fees. 273/mo cluster; state-level variation + USDA APHIS endorsement steps; CDC rules are for US ENTRY (do not confuse directions).","3 images (0 original-photo, 3 AI-acceptable) per image-map.csv — Hero: Labrador on an American suburban porch beside a travel crate; Documents & timeline: Route document checklist + timeline diagram for USA to Dubai; Arrival & reunion: Labrador stepping onto cool tile floor of a Dubai apartment,",2 inbound (0 P1) / 3 outbound planned in internal-link-map.csv,Organization + WebSite + FAQPage + BreadcrumbList + Article,USDA APHIS; MOCCAE,75,Content Writer,W1 corrections,planned
7,2026-10-19,route-india-inbound,/routes/india-to-dubai/,Existing,pet relocation India to Dubai,moving dog from India to Dubai; pet relocation India to Dubai cost; what is AQCS clearance for pets,informational/commercial (route),EXPAND,"KEEP+EXPAND to 3,000-3,800 words with UNIQUE route content: origin-side rules, document sequence, scenario timelines, verified AED + origin-currency cost table, route-specific FAQs, route cards (hub + reverse direction); no unverified fees. 413/mo cluster; RNATT high-risk route — titer timing must use corrected sample-within-90-days rule (W1 fix); AQCS/export-side India detail.","3 images (0 original-photo, 3 AI-acceptable) per image-map.csv — Hero: Beagle in a Mumbai apartment beside an open travel crate, ce; Documents & timeline: Route timeline diagram emphasising the titer test sequence; Arrival & reunion: Family greeting their beagle at a Dubai apartment door after",3 inbound (1 P1) / 3 outbound planned in internal-link-map.csv,Organization + WebSite + FAQPage + BreadcrumbList + Article,MOCCAE; DGFT/AQCS; USDA APHIS,76,Content Writer,W1 titer fix,planned
7,2026-10-19,route-philippines-inbound,/routes/philippines-to-dubai/,Existing,pet relocation Philippines to Dubai,moving dog from Philippines to Dubai; how to bring a pet from Philippines to Dubai,informational/commercial (route),EXPAND,"KEEP+EXPAND to 3,000-3,800 words with UNIQUE route content: origin-side rules, document sequence, scenario timelines, verified AED + origin-currency cost table, route-specific FAQs, route cards (hub + reverse direction); no unverified fees. 174/mo cluster; RNATT high-risk route; BAI export permit side (SPSIC is for PH import — verify direction-specific documents).","2 images (0 original-photo, 2 AI-acceptable) per image-map.csv — Hero: Shih tzu on a Manila condo balcony beside a soft carrier; Documents & timeline: Route timeline diagram with titer sequence for Philippines t",3 inbound (0 P1) / 3 outbound planned in internal-link-map.csv,Organization + WebSite + FAQPage + BreadcrumbList + Article,MOCCAE; BAI,74,Content Writer,W1 titer fix,planned
7,2026-10-19,route-germany-inbound,/routes/germany-to-dubai/,New,pet relocation Germany to Dubai,moving dog from Germany to Dubai; pet transport Germany to Dubai,informational/commercial (route),CREATE,"CREATE 2,500-3,200 words (123/mo cluster; Foufoufly covers it): EU health-certificate specifics, Lufthansa/Emirates option comparison, AED/EUR cost table; UAE titer-exempt entry only if verified on MOCCAE exempt list (W5 check).","2 images (0 original-photo, 2 AI-acceptable) per image-map.csv — Hero: Dachshund in a Berlin-style apartment beside a travel crate,; Documents & timeline: Route document checklist + timeline diagram for Germany to D",3 inbound (0 P1) / 6 outbound planned in internal-link-map.csv,Article + FAQPage + BreadcrumbList,MOCCAE; European Commission; USDA APHIS,76,Content Writer,W5 exempt-list verification; /routes/ hub live (W1),planned
7,2026-10-19,route-ksa-inbound,/routes/saudi-arabia-to-dubai/,New,pet relocation Saudi Arabia to Dubai,moving dog from Saudi Arabia to Dubai; pet transport Riyadh to Dubai,informational/commercial (route),CREATE,"CREATE 2,500-3,200 words (141/mo cluster; flagship GCC gap — no dedicated competitor route guides): MEWA/Naama export side + MOCCAE import side (both verified first-party), Saudia NAAMA registration rule, ROAD vs air comparison (unique to corridor), Saudi breed restrictions flagged (secondary list).","2 images (0 original-photo, 2 AI-acceptable) per image-map.csv — Hero: Cat in a secured carrier on the back seat of an SUV on a des; Documents & timeline: Two-lane diagram: Saudi export steps and UAE import steps",3 inbound (0 P1) / 5 outbound planned in internal-link-map.csv,Article + FAQPage + BreadcrumbList,MEWA (Anaam/Naama); MOCCAE; Saudia,75,Content Writer,/routes/ hub live (W1),planned
7,2026-10-19,route-france-inbound,/routes/france-to-dubai/,New,pet relocation France to Dubai,moving dog from France to Dubai,informational/commercial (route),CREATE,"CREATE 2,500-3,200 words (99/mo cluster; Foufoufly covers France): Air France/KLM vs Emirates routing, EU-endorsed certificate specifics, French-vet documentation walkthrough, AED/EUR cost table.","2 images (0 original-photo, 2 AI-acceptable) per image-map.csv — Hero: French bulldog on a Parisian balcony beside a carrier, zinc ; Documents & timeline: Route document checklist + timeline diagram for France to Du",3 inbound (0 P1) / 5 outbound planned in internal-link-map.csv,Article + FAQPage + BreadcrumbList,MOCCAE; European Commission,75,Content Writer,W5 exempt-list verification; /routes/ hub live (W1),planned
7,2026-10-19,route-singapore-inbound,/routes/singapore-to-dubai/,New,pet relocation Singapore to Dubai,moving dog from Singapore to Dubai,informational/commercial (route),CREATE,"CREATE 2,200-3,000 words (75/mo cluster; Foufoufly covers Singapore): AVS export licence walkthrough, Singapore Airlines/Emirates comparison, rabies-free origin = simpler UAE entry messaging. NOTE: Singapore AVS claims NOT yet in regulatory-source-of-truth — verify first-party before publish.","2 images (0 original-photo, 2 AI-acceptable) per image-map.csv — Hero: Pomeranian in a bright high-rise apartment beside a travel c; Documents & timeline: Route document checklist + timeline diagram for Singapore to",3 inbound (0 P1) / 4 outbound planned in internal-link-map.csv,Article + FAQPage + BreadcrumbList,MOCCAE; AVS Singapore (FIRST-PARTY VERIFICATION REQUIRED — gap in source-of-truth),75,Content Writer,Regulatory Fact-Checker adds AVS rows to source-of-truth,planned
7,2026-10-19,program-ops,(week 7 close-out),—,—,—,—,WEEKLY REVIEW,Weekly review of Week 7 TOP INBOUND ROUTES (4 existing routes expanded; germany/saudi/france/singapore inbound created). 13-point weekly output checklist: (1) work completed vs plan; (2) URLs created; (3) URLs modified; (4) URLs merged/redirected; (5) keywords assigned/confirmed in keyword-lock-map; (6) internal links added vs internal-link-map; (7) images delivered vs image-map; (8) schema deployed & validated; (9) regulatory facts verified against regulatory-source-of-truth (30/90/180-day freshness); (10) problems/blockers encountered; (11) ranking movement (GSC/rank tracker); (12) indexation status; (13) next-week tasks confirmed.,—,—,—,regulatory-source-of-truth.csv; trust-claims-register.csv,P1,SEO Lead,All week-7 tasks,planned
8,2026-10-26,route-uk-outbound,/routes/dubai-to-uk/,Existing,pet relocation Dubai to UK,moving dog from Dubai to UK; pet export Dubai to UK; tapeworm treatment dog Dubai to UK,informational/commercial (route),EXPAND,"Keep ~3,680 words (Q8; 277/mo cluster): verified CORRECT no-titer (GB-listed) — keep as hook; GB pet health cert within 10 days, tapeworm 24-120h, approved routes/carriers; fee tables per W1 verification; add route cards to hub + reverse page.",3 route images per image-map.csv,4 inbound (1 P1) / 5 outbound planned in internal-link-map.csv,Organization + WebSite + FAQPage + BreadcrumbList + Article,GOV.UK; MOCCAE,75,Content Writer,W1 corrections,planned
8,2026-10-26,route-usa-outbound,/routes/dubai-to-usa/,Existing,pet relocation Dubai to USA,moving dog from Dubai to USA; pet export Dubai to USA; shipping dog from Dubai to USA,informational/commercial (route),EXPAND,"Keep ~3,858 words (Q8; 158/mo cluster): verified CORRECT CDC high-risk + Dog Import Form handling; CDC-registered facility requirement, 28-day quarantine failure-mode, titer timing (30 days post-vax + 28 days pre-entry); fix ""USDA-accredited veterinarians in Dubai"" wording per homepage-ia regulatory notes.",3 route images per image-map.csv,2 inbound (0 P1) / 5 outbound planned in internal-link-map.csv,Organization + WebSite + FAQPage + BreadcrumbList + Article,CDC; USDA APHIS; MOCCAE,74,Content Writer,W1 corrections,planned
8,2026-10-26,route-canada-outbound,/routes/dubai-to-canada/,New,pet relocation Dubai to Canada,moving dog from Dubai to Canada; pet export Dubai to Canada,informational/commercial (route),CREATE,"CREATE 2,500-3,500 words (91/mo cluster) — destination-side requirements, NOT a reversed inbound copy (brief rule): CFIA personal-pet rules (rabies certificate, ~CAD 30 CBSA inspection fee), NO federal import permit for personal pets — simple-entry hook; NOT a reversed copy of canada-to-dubai.","2 images (0 original-photo, 2 AI-acceptable) per image-map.csv — Hero: Owner brushing a husky beside a packed crate in a Dubai apar; Documents & timeline: Route document checklist + timeline diagram for Dubai to Can",3 inbound (0 P1) / 5 outbound planned in internal-link-map.csv,Article + FAQPage + BreadcrumbList,CFIA/CBSA (flag: CFIA pages 404 during check — re-verify); MOCCAE,76,Content Writer,W6 export guide live; /routes/ hub live (W1),planned
8,2026-10-26,route-australia-outbound,/routes/dubai-to-australia/,New,pet relocation Dubai to Australia,moving dog from Dubai to Australia; pet relocation Dubai to Australia cost,informational/commercial (route),CREATE,"CREATE 3,000-3,800 words (128/mo cluster + 20/mo cost kw) — destination-side requirements, NOT a reversed inbound copy (brief rule): Hardest mainstream export: DAFF Group 3 180-day residency from RNATT sample, Mickleham quarantine 10-30 days, BICON permit, 30->10-day quarantine-reduction pathway, 2026 Bengal cat ban note (secondary — flag); AED/AUD cost table; long-lead CTA (6-8 month runway).","3 images (0 original-photo, 3 AI-acceptable) per image-map.csv — Hero: Owner and a border collie at a long planning table covered i; Documents & timeline: Long-horizon timeline diagram for Dubai to Australia; Arrival & reunion: Border collie greeting its owner at an Australian home after",3 inbound (0 P1) / 6 outbound planned in internal-link-map.csv,Article + FAQPage + BreadcrumbList,Australian Government DAFF; MOCCAE,76,Content Writer,W6 export guide live; /routes/ hub live (W1),planned
8,2026-10-26,route-india-outbound,/routes/dubai-to-india/,New,pet relocation Dubai to India,moving dog from Dubai to India; how to take pets from UAE to India,informational/commercial (route),CREATE,"CREATE 2,500-3,500 words (237/mo cluster (2nd biggest outbound)) — destination-side requirements, NOT a reversed inbound copy (brief rule): AQCS Advance NOC (7 working days) walkthrough, Transfer-of-Residence vs Re-import vs DGFT Short-Stay pathway chooser, entry restricted to 6 airports, NO titer needed outbound (contrast inbound page).","3 images (0 original-photo, 3 AI-acceptable) per image-map.csv — Hero: Family packing a Dubai apartment while an indie-type rescue ; Documents & timeline: Route document checklist + timeline diagram for Dubai to Ind; Arrival & reunion: Grandmother greeting the family dog at an Indian home entran",3 inbound (0 P1) / 6 outbound planned in internal-link-map.csv,Article + FAQPage + BreadcrumbList,DGFT/AQCS; USDA APHIS; MOCCAE,77,Content Writer,W6 export guide live; /routes/ hub live (W1),planned
8,2026-10-26,route-philippines-outbound,/routes/dubai-to-philippines/,New,pet relocation Dubai to Philippines,moving dog from Dubai to Philippines; pet relocation UAE to Philippines cost,informational/commercial (route),CREATE,"CREATE 2,500-3,200 words (165/mo cluster) — destination-side requirements, NOT a reversed inbound copy (brief rule): BAI SPSIC online walkthrough (60-day validity, max 3 animals), 120-day age rule, PAL/Cebu Pacific/Emirates options, PhP arrival fees (flagged for verification).","2 images (0 original-photo, 2 AI-acceptable) per image-map.csv — Hero: Owner measuring a shih tzu for a travel crate in a Dubai apa; Documents & timeline: Route document checklist + timeline diagram for Dubai to Phi",3 inbound (0 P1) / 4 outbound planned in internal-link-map.csv,Article + FAQPage + BreadcrumbList,Bureau of Animal Industry (BAI); Philippine Consulate (fees — verify current); MOCCAE,77,Content Writer,W6 export guide live; /routes/ hub live (W1),planned
8,2026-10-26,route-germany-outbound,/routes/dubai-to-germany/,New,pet relocation Dubai to Germany,moving dog from Dubai to Germany; pet relocation Dubai to Europe,informational/commercial (route),CREATE,"CREATE 2,500-3,200 words (73/mo cluster + 91/mo Europe halo) — destination-side requirements, NOT a reversed inbound copy (brief rule): ""No titer needed"" hook — UAE is EU-listed (verified European Commission 2026-06-19); EU animal health certificate 10-day entry / 4-month onward validity; Regulation (EU) 2026/131 framework note; Lufthansa/EK options.","2 images (0 original-photo, 2 AI-acceptable) per image-map.csv — Hero: Owner zipping a document pouch onto a crate while a dachshun; Documents & timeline: Route document checklist + timeline diagram for Dubai to Ger",3 inbound (0 P1) / 4 outbound planned in internal-link-map.csv,Article + FAQPage + BreadcrumbList,European Commission; MOCCAE,75,Content Writer,W6 export guide live; /routes/ hub live (W1),planned
8,2026-10-26,route-ksa-outbound,/routes/dubai-to-saudi-arabia/,New,pet relocation Dubai to Saudi Arabia,moving dog from Dubai to Saudi Arabia; pet transport Dubai to Riyadh,informational/commercial (route),CREATE,"CREATE 2,500-3,200 words (127/mo cluster; GCC gap) — destination-side requirements, NOT a reversed inbound copy (brief rule): MEWA Anaam/Naama permit walkthrough (30-day validity, port-specific, 6-month rabies validity), Iqama-holder constraint, road vs air from Dubai, Saudi breed-restriction warning (secondary — flag).","2 images (0 original-photo, 2 AI-acceptable) per image-map.csv — Hero: Handler loading a crated cat into an SUV at a Dubai villa be; Documents & timeline: Route document checklist + timeline diagram for Dubai to Sau",3 inbound (0 P1) / 4 outbound planned in internal-link-map.csv,Article + FAQPage + BreadcrumbList,MEWA (mewa.gov.sa); Saudia; MOCCAE,76,Content Writer,W6 export guide live; /routes/ hub live (W1),planned
8,2026-10-26,program-ops,(week 8 close-out),—,—,—,—,WEEKLY REVIEW,Weekly review of Week 8 TOP OUTBOUND ROUTES (dubai-to-uk/usa expanded; canada/australia/india/philippines/germany/saudi outbound created). 13-point weekly output checklist: (1) work completed vs plan; (2) URLs created; (3) URLs modified; (4) URLs merged/redirected; (5) keywords assigned/confirmed in keyword-lock-map; (6) internal links added vs internal-link-map; (7) images delivered vs image-map; (8) schema deployed & validated; (9) regulatory facts verified against regulatory-source-of-truth (30/90/180-day freshness); (10) problems/blockers encountered; (11) ranking movement (GSC/rank tracker); (12) indexation status; (13) next-week tasks confirmed.,—,—,—,regulatory-source-of-truth.csv; trust-claims-register.csv,P1,SEO Lead,All week-8 tasks,planned
9,2026-11-02,breed-brachycephalic,/guides/snub-nosed-dogs-flying-uae/,New,snub-nosed dog flying to Dubai,brachycephalic breeds flying UAE; French bulldog fly to Dubai; can pugs fly to Dubai; flying Persian cat to Dubai,informational (breed anxiety),CREATE,"CREATE 1,800-2,400 words (competitor gap #7 — mentioned everywhere, dedicated nowhere; 100/mo cluster): breed-by-breed airline matrix (Emirates/Etihad/flydubai), IATA +10% crate rule with worked sizing example, seasonal embargo calendar, Persian cat coverage. CTA: Check Pet Eligibility.","3 images (0 original-photo, 3 AI-acceptable) per image-map.csv — Hero: Calm French bulldog sitting in a roomy open crate with good ; Risk section: Anatomy comparison diagram: brachycephalic vs standard airwa; Crate rule section: Crate size comparison diagram: standard fit vs one size larg",3 inbound (0 P1) / 3 outbound planned in internal-link-map.csv,Article + FAQPage + BreadcrumbList,"IATA (CR1 +10% rule, hot-season advisory); Emirates; flydubai (secondary — flag)",69,Content Writer,/guides/ hub live,planned
9,2026-11-02,airline-seasonal,/guides/pet-travel-summer-dubai/,Existing,pet travel Dubai summer,summer pet embargo Dubai; flying pets to Dubai in summer; heat embargo pets UAE airlines,informational/seasonal,EXPAND,"Keep ~1,400-1,700 words; refresh embargo content (Emirates bird transit ban 1 May-30 Sep verified; ~29-30C ground-temp thresholds secondary — label); cross-link new snub-nosed guide; set annual April refresh reminder.","3 images (0 original-photo, 3 AI-acceptable) per image-map.csv — Hero: Dog lying on cool tile in deep shade beside a water bowl, he; Embargo section: Annual calendar strip diagram marking typical embargo months; Alternatives section: Comparison diagram: wait for autumn vs fly approved windows ",2 inbound (0 P1) / 1 outbound planned in internal-link-map.csv,Organization + WebSite + FAQPage + BreadcrumbList + Article,Emirates; IATA; PetTravel.com (secondary thresholds — flagged),57,Content Writer,W9 snub-nosed guide for cross-link,planned
9,2026-11-02,governance-breeds,/guides/banned-dog-breeds-dubai/,Existing,banned dog breeds Dubai,banned dog breeds UAE; restricted dog breeds UAE; which dog breeds are banned in Dubai; UAE dangerous dog breeds law,informational,EXPAND,"EXPAND 1,645 -> 2,000-2,400 words (owns 1,040/mo cluster): full Federal Law 22/2016 Annex 2 list + Ministerial Decree 190/2021 amendment (service/assistance dog import conditions), Dubai Municipality enforcement/fines, mixed-breed assessment pathway.","3 images (0 original-photo, 3 AI-acceptable) per image-map.csv — Hero: Flat illustration of a dog silhouette behind a magnifying gl; Breed status section: Decision tree diagram for breed eligibility; Mixed-breed section: Coordinator photographing a mixed-breed dog side-on against ",3 inbound (1 P1) / 1 outbound planned in internal-link-map.csv,Organization + WebSite + FAQPage + BreadcrumbList + Article,u.ae Federal Law 22/2016; Ministerial Decree 190/2021 (ECOLEX/Ministry of Justice); Dubai Municipality,60,Content Writer,—,planned
9,2026-11-02,cost-crate,/guides/iata-pet-crate-requirements/,Existing,IATA pet crate requirements,IATA approved pet crate Dubai; what size crate for my dog to fly; IATA crate requirements pets,informational,EXPAND,"Keep ~1,500 words; ADD crate measurement diagram (A/B/C/D formula visual) and plan interactive crate-size calculator ON THIS URL (tools live on existing pages, not new URLs); cross-link snub-nosed +10% rule.","3 images (0 original-photo, 3 AI-acceptable) per image-map.csv — Hero: Full crate measurement diagram: dog outline with A/B/C/D arr; Construction rules section: Annotated crate anatomy diagram (door, vents, bolts, bowl, f; Sizing service section: Coordinator measuring a beagle's length with a soft tape whi",3 inbound (0 P1) / 2 outbound planned in internal-link-map.csv,Organization + WebSite + FAQPage + BreadcrumbList + Article,IATA (CR1 formula verified first-party),64,Content Writer,Image Producer: measurement diagram,planned
9,2026-11-02,breed-dog,/dog-relocation-to-dubai/,Existing,dog relocation to Dubai,bringing a dog to Dubai; how to bring a dog to Dubai; can I bring my dog to Dubai,informational/commercial (inbound species),EXPAND (light),"Q9, 3,395 words, already ranks — do NOT move URL (ruling 8): light expand of breed/airline sections, confirm 90-day VETO fix (W1), keep correct Etihad USD 399; cross-link new snub-nosed + airline guides.","2 images (1 original-photo, 1 AI-acceptable) per image-map.csv — Hero: Labrador stepping out of an open travel crate into a Dubai a; Crate sizing section: Diagram showing how to measure a dog for an IATA crate",1 inbound (0 P1) / 1 outbound planned in internal-link-map.csv,Organization + WebSite + FAQPage + BreadcrumbList + Article,MOCCAE; Etihad; IATA,90,Content Writer,W1 corrections,planned
9,2026-11-02,breed-cat,/cat-relocation-to-dubai/,Existing,cat relocation to Dubai,how to bring a cat to Dubai; can I bring my cat to Dubai; moving cat to Dubai,informational/commercial (inbound species),EXPAND (light),"Q9, 4,007 words, strongest info page — keep URL (ruling 9): light expand Persian/snub-nosed cat section linking new guide; clarify Emirates USD 1,500-5,000 is cargo; confirm VETO fix.","2 images (0 original-photo, 2 AI-acceptable) per image-map.csv — Hero: Persian cat sitting inside an open top-loading carrier on a ; Carrier acclimation section: Four-panel strip diagram of carrier acclimation steps over t",1 inbound (0 P1) / 1 outbound planned in internal-link-map.csv,Organization + WebSite + FAQPage + BreadcrumbList + Article,MOCCAE; Emirates; Etihad,84,Content Writer,W1 corrections,planned
9,2026-11-02,urgency,/service/emergency-pet-relocation/,New (HOLD),urgent pet relocation Dubai,same-day pet transport Dubai; emergency vet clearance certificate Dubai same day,commercial (urgency),HOLD — CAPABILITY GATE,"Do NOT build until business confirms urgent/last-minute capability in writing (urgency cluster only ~150/mo, mostly low-intent). Decision gate this week: stakeholder answers capability question; if confirmed, schedule for next cycle with same-day SLA content; if not, keep in backlog. Record decision in change-log.csv.",—,—,TBD (Service + FAQPage),—,81 (score; capability-blocked),SEO Lead,Stakeholder capability confirmation (BLOCKING),planned
9,2026-11-02,program-ops,(week 9 close-out),—,—,—,—,WEEKLY REVIEW,Weekly review of Week 9 ANIMAL + SPECIAL CASES (snub-nosed guide created; summer/banned-breeds/crate guides expanded; dog/cat root pages refreshed; emergency-page gate decided). 13-point weekly output checklist: (1) work completed vs plan; (2) URLs created; (3) URLs modified; (4) URLs merged/redirected; (5) keywords assigned/confirmed in keyword-lock-map; (6) internal links added vs internal-link-map; (7) images delivered vs image-map; (8) schema deployed & validated; (9) regulatory facts verified against regulatory-source-of-truth (30/90/180-day freshness); (10) problems/blockers encountered; (11) ranking movement (GSC/rank tracker); (12) indexation status; (13) next-week tasks confirmed.,—,—,—,regulatory-source-of-truth.csv; trust-claims-register.csv,P1,SEO Lead,All week-9 tasks,planned
10,2026-11-09,local-consolidation,8 content redirects GO LIVE,Existing,—,—,—,MERGE/REDIRECT EXECUTION,"Fire the 8 staged 301s (staged W1): /cities/dubai/->/dubai/; karama->bur-dubai; bluewaters->jbr; port-de-la-mer->jumeirah; city-walk->downtown-dubai; al-wasl->umm-suqeim; international-city->dubai-silicon-oasis; sheikh-zayed-road->/dubai/. BEFORE firing: salvage unique snippets (incl. /cities/dubai/ 2,302-word Dubai Municipality/emirate sections) into expanded targets; update sitemap + internal links; monitor GSC for 2 weeks post-merge.",—,Update all internal links pointing at merged URLs,Remove LocalBusiness schema from redirected URLs,redirect-map.csv; ND1-ND5 crawl data,P1,Developer,W10 target-page expansions complete FIRST,planned
10,2026-11-09,local-hub,/dubai/,Existing,pet relocation Dubai (community coverage),pet relocation Dubai Marina; pet relocation Palm Jumeirah; pet relocation JLT; pet relocation near me,commercial/navigational (hub),EXPAND (hub rebuild),"REBUILD 523 -> 1,200-1,800 words: real community directory grouped marina/coastal, villa suburbs, new developments, old Dubai with unique 2-3-line blurbs per kept area; absorb Dubai Municipality/emirate-level content salvaged from /cities/dubai/; SZR corridor as line item; 90-day VETO fix verify.","2 images (1 original-photo, 1 AI-acceptable) per image-map.csv — Hero: Owner walking a golden retriever along a marina promenade wi; Community directory: Flat map diagram grouping Dubai communities by lifestyle (ma",6 inbound (2 P1) / 35 outbound planned in internal-link-map.csv,Organization + WebSite + BreadcrumbList + LocalBusiness + ItemList,Dubai Municipality; u.ae,67,Content Writer,/cities/dubai/ salvage BEFORE redirect fires,planned
10,2026-11-09,core-money-ad,/cities/abu-dhabi/,Existing,pet relocation Abu Dhabi,pet transport Abu Dhabi; pet movers Abu Dhabi; pet taxi Abu Dhabi; Etihad pets in cabin,commercial/local,EXPAND,"EXPAND 2,762 -> 3,000-3,500 words (260/mo est., weak SERP — wide open): Etihad cabin step-by-step (USD 399 verified; reconcile site ""AED 700-1,500""), ADCM registration walkthrough, AUH release permit/Bill of Entry (MICCO figures — verify), inter-emirate transfer logistics; links /guides/etihad-pet-policy/ (W11 — add link when live).","2 images (0 original-photo, 2 AI-acceptable) per image-map.csv — Hero: Owner carrying a soft cat carrier through a bright Abu Dhabi; Local logistics: Unbranded pet transport van parked outside an Abu Dhabi corn",3 inbound (0 P1) / 3 outbound planned in internal-link-map.csv,Organization + WebSite + LocalBusiness + FAQPage + BreadcrumbList,Etihad; ADRO; MICCO (verify); ADCM,69,Content Writer,W1 corrections,planned
10,2026-11-09,core-money-shj,/cities/sharjah/,New,pet relocation Sharjah,pet transport Sharjah to Dubai; pet movers Sharjah,commercial/local,CREATE,"CREATE 1,800-2,400 words (140/mo; ISS ranks with generic mover blog — beatable): Sharjah municipality pet rules, SHJ/Air Arabia cargo angle, Sharjah-Dubai inter-emirate logistics (E311/E11). No relocator has a real Sharjah page.","2 images (0 original-photo, 2 AI-acceptable) per image-map.csv — Hero: Owner walking a small mixed-breed dog along a Sharjah lagoon; Inter-emirate section: Simple route diagram linking Sharjah homes to DXB and SHJ ai",3 inbound (0 P1) / 3 outbound planned in internal-link-map.csv,Article + FAQPage + BreadcrumbList + LocalBusiness,Sharjah Municipality rules (verify first-party); MOCCAE,85,Content Writer,/cities/ hub live (W1),planned
10,2026-11-09,technical,/routes/ + /cities/ hubs full build-out,Existing (v1 from W1),pet relocation routes Dubai; pet relocation UAE cities,pet relocation UAE (390/mo); pet relocation services UAE,navigational/hub,EXPAND,"Complete the W1 v1 hubs: /routes/ gains cards for all 21 route pages (inbound/outbound grouping, timeline/cost teasers, GCC corridors highlighted); /cities/ gains Sharjah card + emirate regulatory-difference content (federal MOCCAE vs municipality-level).","2 images (0 original-photo, 2 AI-acceptable) per image-map.csv — Hero: Flat route-map diagram grouping inbound and outbound corrido; Route cards: Flat icon set: crate, plane silhouette, document, paw",23 inbound (23 P1) / 22 outbound planned in internal-link-map.csv,Article + FAQPage + BreadcrumbList + ItemList,MOCCAE; municipality sources,86,Content Writer,W7-W8 route pages live; /cities/sharjah/ live,planned
10,2026-11-09,local-dubai-marina,/dubai/dubai-marina/,Existing,pet relocation Dubai Marina,pet transport Dubai Marina; dog & cat transport Dubai Marina,commercial/local,EXPAND (Grade A),"EXPAND to 1,800-2,200 words of UNIQUE local content (breaks shared-template ~50% similarity): high-rise/tower access, lifts & lobby rules, marina promenade dog rules, DXB routing ~30 min; plus pickup logistics, high-rise vs villa access, distance/routing to DXB/DWC, verified nearby vets ONLY, realistic collection procedure, related communities, unique FAQs; fix 90-day VETO claim verify.","2 images (1 original-photo, 1 AI-acceptable) per image-map.csv — Hero: Owner carrying a cat carrier into a Marina tower lobby with ; Local logistics: Owner walking a french bulldog on the Marina promenade in ea",4 inbound (0 P1) / 5 outbound planned in internal-link-map.csv,Organization + WebSite + BreadcrumbList + LocalBusiness + FAQPage,Dubai Municipality; verified local vets only,68,Content Writer,Merge salvage if absorber page; local vet verification,planned
10,2026-11-09,local-jlt,/dubai/jlt/,Existing,pet relocation Jumeirah Lakes Towers (JLT),pet transport Jumeirah Lakes Towers (JLT); dog & cat transport Jumeirah Lakes Towers (JLT),commercial/local,EXPAND (Grade A),"EXPAND to 1,800-2,200 words of UNIQUE local content (breaks shared-template ~50% similarity): cluster-tower logistics, lakeside dog park proximity, DMCC community rules; plus pickup logistics, high-rise vs villa access, distance/routing to DXB/DWC, verified nearby vets ONLY, realistic collection procedure, related communities, unique FAQs; fix 90-day VETO claim verify.","2 images (1 original-photo, 1 AI-acceptable) per image-map.csv — Hero: Owner with a beagle beside the JLT lakes with cluster towers; Local logistics: Handler loading a crated cat into a van at a JLT cluster tow",3 inbound (0 P1) / 5 outbound planned in internal-link-map.csv,Organization + WebSite + BreadcrumbList + LocalBusiness + FAQPage,Dubai Municipality; verified local vets only,66,Content Writer,Merge salvage if absorber page; local vet verification,planned
10,2026-11-09,local-jbr,/dubai/jbr/,Existing,pet relocation JBR,pet transport JBR; dog & cat transport JBR,commercial/local,EXPAND (Grade A),"EXPAND to 1,800-2,200 words of UNIQUE local content (breaks shared-template ~50% similarity): beachfront towers, The Walk pet rules, ABSORBS bluewaters content on merge; plus pickup logistics, high-rise vs villa access, distance/routing to DXB/DWC, verified nearby vets ONLY, realistic collection procedure, related communities, unique FAQs; fix 90-day VETO claim verify.","2 images (1 original-photo, 1 AI-acceptable) per image-map.csv — Hero: Owner walking a golden retriever along a beachfront promenad; Local logistics: Coordinator carrying a cat carrier from a beachfront tower t",4 inbound (0 P1) / 5 outbound planned in internal-link-map.csv,Organization + WebSite + BreadcrumbList + LocalBusiness + FAQPage,Dubai Municipality; verified local vets only,66,Content Writer,Merge salvage if absorber page; local vet verification,planned
10,2026-11-09,local-palm-jumeirah,/dubai/palm-jumeirah/,Existing,pet relocation Palm Jumeirah,pet transport Palm Jumeirah; dog & cat transport Palm Jumeirah,commercial/local,EXPAND (Grade A),"EXPAND to 1,800-2,200 words of UNIQUE local content (breaks shared-template ~50% similarity): frond villa access gates, Nakheel community rules, longer DXB routing, monorail/trunk access; plus pickup logistics, high-rise vs villa access, distance/routing to DXB/DWC, verified nearby vets ONLY, realistic collection procedure, related communities, unique FAQs; fix 90-day VETO claim verify.","2 images (1 original-photo, 1 AI-acceptable) per image-map.csv — Hero: Labrador at the gate of a Palm-style frond villa with a trav; Local logistics: Simple route diagram from Palm fronds to DXB and DWC with ti",3 inbound (0 P1) / 4 outbound planned in internal-link-map.csv,Organization + WebSite + BreadcrumbList + LocalBusiness + FAQPage,Dubai Municipality; verified local vets only,66,Content Writer,Merge salvage if absorber page; local vet verification,planned
10,2026-11-09,local-downtown-dubai,/dubai/downtown-dubai/,Existing,pet relocation Downtown Dubai,pet transport Downtown Dubai; dog & cat transport Downtown Dubai,commercial/local,EXPAND (Grade A),"EXPAND to 1,800-2,200 words of UNIQUE local content (breaks shared-template ~50% similarity): boulevard/apartment towers, Burj area building pet policies, ABSORBS city-walk content on merge; plus pickup logistics, high-rise vs villa access, distance/routing to DXB/DWC, verified nearby vets ONLY, realistic collection procedure, related communities, unique FAQs; fix 90-day VETO claim verify.","2 images (1 original-photo, 1 AI-acceptable) per image-map.csv — Hero: Owner with a pomeranian in a Downtown boulevard apartment lo; Local logistics: Cat carrier and document folder ready by a Downtown apartmen",6 inbound (0 P1) / 4 outbound planned in internal-link-map.csv,Organization + WebSite + BreadcrumbList + LocalBusiness + FAQPage,Dubai Municipality; verified local vets only,66,Content Writer,Merge salvage if absorber page; local vet verification,planned
10,2026-11-09,local-business-bay,/dubai/business-bay/,Existing,pet relocation Business Bay,pet transport Business Bay; dog & cat transport Business Bay,commercial/local,EXPAND (Grade A),"EXPAND to 1,800-2,200 words of UNIQUE local content (breaks shared-template ~50% similarity): commercial-residential towers, canal-side buildings; ND1 differentiation = high-rise corporate angle (vs bur-dubai old-city); plus pickup logistics, high-rise vs villa access, distance/routing to DXB/DWC, verified nearby vets ONLY, realistic collection procedure, related communities, unique FAQs; fix 90-day VETO claim verify.","2 images (1 original-photo, 1 AI-acceptable) per image-map.csv — Hero: Owner walking a cockapoo along a canal-side path with towers; Local logistics: Handler with a crated small dog at a Business Bay tower load",5 inbound (0 P1) / 4 outbound planned in internal-link-map.csv,Organization + WebSite + BreadcrumbList + LocalBusiness + FAQPage,Dubai Municipality; verified local vets only,66,Content Writer,Merge salvage if absorber page; local vet verification,planned
10,2026-11-09,local-jumeirah,/dubai/jumeirah/,Existing,pet relocation Jumeirah,pet transport Jumeirah; dog & cat transport Jumeirah,commercial/local,EXPAND (Grade A),"EXPAND to 1,800-2,200 words of UNIQUE local content (breaks shared-template ~50% similarity): beachfront villas, Jumeirah 1-3 sub-areas, ABSORBS port-de-la-mer content on merge; plus pickup logistics, high-rise vs villa access, distance/routing to DXB/DWC, verified nearby vets ONLY, realistic collection procedure, related communities, unique FAQs; fix 90-day VETO claim verify.","2 images (1 original-photo, 1 AI-acceptable) per image-map.csv — Hero: Saluki in a shaded Jumeirah villa garden with frangipani tre; Local logistics: Handler loading a crated Maine Coon into a van at a villa ga",5 inbound (0 P1) / 4 outbound planned in internal-link-map.csv,Organization + WebSite + BreadcrumbList + LocalBusiness + FAQPage,Dubai Municipality; verified local vets only,66,Content Writer,Merge salvage if absorber page; local vet verification,planned
10,2026-11-09,local-arabian-ranches,/dubai/arabian-ranches/,Existing,pet relocation Arabian Ranches,pet transport Arabian Ranches; dog & cat transport Arabian Ranches,commercial/local,EXPAND (Grade A),"EXPAND to 1,800-2,200 words of UNIQUE local content (breaks shared-template ~50% similarity): gated villa community, Ranches 1/2/3, pet-friendly golf community; ND3 differentiation = community-level (dubailand becomes district hub); plus pickup logistics, high-rise vs villa access, distance/routing to DXB/DWC, verified nearby vets ONLY, realistic collection procedure, related communities, unique FAQs; fix 90-day VETO claim verify.","2 images (1 original-photo, 1 AI-acceptable) per image-map.csv — Hero: Golden retriever on a golf-community villa lawn with bougain; Local logistics: Van at a community security gate with handler showing a pass",3 inbound (0 P1) / 4 outbound planned in internal-link-map.csv,Organization + WebSite + BreadcrumbList + LocalBusiness + FAQPage,Dubai Municipality; verified local vets only,66,Content Writer,Merge salvage if absorber page; local vet verification,planned
10,2026-11-09,local-dubai-hills,/dubai/dubai-hills/,Existing,pet relocation Dubai Hills Estate,pet transport Dubai Hills Estate; dog & cat transport Dubai Hills Estate,commercial/local,EXPAND (Grade A),"EXPAND to 1,800-2,200 words of UNIQUE local content (breaks shared-template ~50% similarity): park access, villa+apartment mix; ND4 differentiation = family park community (vs meydan racing/horses); plus pickup logistics, high-rise vs villa access, distance/routing to DXB/DWC, verified nearby vets ONLY, realistic collection procedure, related communities, unique FAQs; fix 90-day VETO claim verify.","2 images (1 original-photo, 1 AI-acceptable) per image-map.csv — Hero: Cocker spaniel on a Dubai Hills-style park path with villas ; Local logistics: Coordinator carrying a cat carrier out of a Dubai Hills apar",4 inbound (0 P1) / 4 outbound planned in internal-link-map.csv,Organization + WebSite + BreadcrumbList + LocalBusiness + FAQPage,Dubai Municipality; verified local vets only,66,Content Writer,Merge salvage if absorber page; local vet verification,planned
10,2026-11-09,local-jvc,/dubai/jvc/,Existing,pet relocation JVC,pet transport JVC; dog & cat transport JVC,commercial/local,EXPAND (Grade A),"EXPAND to 1,800-2,200 words of UNIQUE local content (breaks shared-template ~50% similarity): high-density pet-popular mid-market, circle layout — strongest B-grade demand signal, promoted Grade A; plus pickup logistics, high-rise vs villa access, distance/routing to DXB/DWC, verified nearby vets ONLY, realistic collection procedure, related communities, unique FAQs; fix 90-day VETO claim verify.","2 images (1 original-photo, 1 AI-acceptable) per image-map.csv — Hero: Owner walking a beagle past JVC-style circular mid-rise buil; Local logistics: Handler loading a crated cat into a van at a JVC mid-rise en",7 inbound (0 P1) / 4 outbound planned in internal-link-map.csv,Organization + WebSite + BreadcrumbList + LocalBusiness + FAQPage,Dubai Municipality; verified local vets only,66,Content Writer,Merge salvage if absorber page; local vet verification,planned
10,2026-11-09,local-al-barsha,/dubai/al-barsha/,Existing,pet relocation Al Barsha,pet transport Al Barsha; dog & cat transport Al Barsha,commercial/local,EXPAND (Grade A),"EXPAND to 1,800-2,200 words of UNIQUE local content (breaks shared-template ~50% similarity): Barsha 1/2/3, Mall of the Emirates area, vet density; plus pickup logistics, high-rise vs villa access, distance/routing to DXB/DWC, verified nearby vets ONLY, realistic collection procedure, related communities, unique FAQs; fix 90-day VETO claim verify.","2 images (1 original-photo, 1 AI-acceptable) per image-map.csv — Hero: Owner with a husky in an Al Barsha villa driveway at dusk; Local logistics: Owner carrying a cat carrier into a small neighbourhood vet ",5 inbound (0 P1) / 4 outbound planned in internal-link-map.csv,Organization + WebSite + BreadcrumbList + LocalBusiness + FAQPage,Dubai Municipality; verified local vets only,66,Content Writer,Merge salvage if absorber page; local vet verification,planned
10,2026-11-09,local-mirdif,/dubai/mirdif/,Existing,pet relocation Mirdif,pet transport Mirdif; dog & cat transport Mirdif,commercial/local,EXPAND (Grade A),"EXPAND to 1,800-2,200 words of UNIQUE local content (breaks shared-template ~50% similarity): villa suburb near DXB, airport-adjacent collection logistics; plus pickup logistics, high-rise vs villa access, distance/routing to DXB/DWC, verified nearby vets ONLY, realistic collection procedure, related communities, unique FAQs; fix 90-day VETO claim verify.","2 images (1 original-photo, 1 AI-acceptable) per image-map.csv — Hero: Labrador in a Mirdif-style villa garden with a plane passing; Local logistics: Simple route diagram Mirdif to DXB and DWC with timing contr",4 inbound (0 P1) / 4 outbound planned in internal-link-map.csv,Organization + WebSite + BreadcrumbList + LocalBusiness + FAQPage,Dubai Municipality; verified local vets only,66,Content Writer,Merge salvage if absorber page; local vet verification,planned
10,2026-11-09,local-dubai-south,/dubai/dubai-south/,Existing,pet relocation Dubai South,pet transport Dubai South; dog & cat transport Dubai South,commercial/local,EXPAND (Grade A),"EXPAND to 1,800-2,200 words of UNIQUE local content (breaks shared-template ~50% similarity): DWC/Al Maktoum airport cargo angle — already has unique DWC section, build on it; plus pickup logistics, high-rise vs villa access, distance/routing to DXB/DWC, verified nearby vets ONLY, realistic collection procedure, related communities, unique FAQs; fix 90-day VETO claim verify.","2 images (1 original-photo, 1 AI-acceptable) per image-map.csv — Hero: Owner with a beagle outside a Dubai South townhouse, logisti; Local logistics: Handler driving an unbranded van past generic logistics ware",4 inbound (0 P1) / 4 outbound planned in internal-link-map.csv,Organization + WebSite + BreadcrumbList + LocalBusiness + FAQPage,Dubai Municipality; verified local vets only,66,Content Writer,Merge salvage if absorber page; local vet verification,planned
10,2026-11-09,local-deira,/dubai/deira/,Existing,pet relocation Deira,pet transport Deira; dog & cat transport Deira,commercial/local,EXPAND (Grade A),"EXPAND to 1,800-2,200 words of UNIQUE local content (breaks shared-template ~50% similarity): old Dubai, DXB-adjacent, dense apartments; plus pickup logistics, high-rise vs villa access, distance/routing to DXB/DWC, verified nearby vets ONLY, realistic collection procedure, related communities, unique FAQs; fix 90-day VETO claim verify.","2 images (1 original-photo, 1 AI-acceptable) per image-map.csv — Hero: Owner carrying a cat carrier through a Deira older-apartment; Local logistics: Simple route diagram Deira to DXB showing the very short run",4 inbound (0 P1) / 4 outbound planned in internal-link-map.csv,Organization + WebSite + BreadcrumbList + LocalBusiness + FAQPage,Dubai Municipality; verified local vets only,66,Content Writer,Merge salvage if absorber page; local vet verification,planned
10,2026-11-09,local-bur-dubai,/dubai/bur-dubai/,Existing,pet relocation Bur Dubai,pet transport Bur Dubai; dog & cat transport Bur Dubai,commercial/local,EXPAND (Grade A),"EXPAND to 1,800-2,200 words of UNIQUE local content (breaks shared-template ~50% similarity): consulates/old-city angle; ABSORBS karama content on merge (ND1); plus pickup logistics, high-rise vs villa access, distance/routing to DXB/DWC, verified nearby vets ONLY, realistic collection procedure, related communities, unique FAQs; fix 90-day VETO claim verify.","2 images (1 original-photo, 1 AI-acceptable) per image-map.csv — Hero: Owner walking a small mixed-breed dog through a Bur Dubai he; Local logistics: Handler carrying a cat carrier from a walk-up apartment entr",4 inbound (0 P1) / 4 outbound planned in internal-link-map.csv,Organization + WebSite + BreadcrumbList + LocalBusiness + FAQPage,Dubai Municipality; verified local vets only,66,Content Writer,Merge salvage if absorber page; local vet verification,planned
10,2026-11-09,local-umm-suqeim,/dubai/umm-suqeim/,Existing,pet relocation Umm Suqeim,pet transport Umm Suqeim; dog & cat transport Umm Suqeim,commercial/local,EXPAND (Grade A),"EXPAND to 1,800-2,200 words of UNIQUE local content (breaks shared-template ~50% similarity): coastal villas, Jumeirah Beach corridor; ABSORBS al-wasl content on merge (ND5); plus pickup logistics, high-rise vs villa access, distance/routing to DXB/DWC, verified nearby vets ONLY, realistic collection procedure, related communities, unique FAQs; fix 90-day VETO claim verify.","2 images (1 original-photo, 1 AI-acceptable) per image-map.csv — Hero: Saluki on a quiet Umm Suqeim beachside path at sunrise; Local logistics: Handler loading a crated cat into a van at a coastal villa g",4 inbound (0 P1) / 4 outbound planned in internal-link-map.csv,Organization + WebSite + BreadcrumbList + LocalBusiness + FAQPage,Dubai Municipality; verified local vets only,66,Content Writer,Merge salvage if absorber page; local vet verification,planned
10,2026-11-09,program-ops,(week 10 close-out),—,—,—,—,WEEKLY REVIEW,"Weekly review of Week 10 LOCAL SEO QUALITY (8 merges/redirects live, 16 Grade-A community pages expanded, /dubai/ hub rebuilt, Sharjah created, Abu Dhabi expanded, hubs completed). 13-point weekly output checklist: (1) work completed vs plan; (2) URLs created; (3) URLs modified; (4) URLs merged/redirected; (5) keywords assigned/confirmed in keyword-lock-map; (6) internal links added vs internal-link-map; (7) images delivered vs image-map; (8) schema deployed & validated; (9) regulatory facts verified against regulatory-source-of-truth (30/90/180-day freshness); (10) problems/blockers encountered; (11) ranking movement (GSC/rank tracker); (12) indexation status; (13) next-week tasks confirmed.",—,—,—,regulatory-source-of-truth.csv; trust-claims-register.csv,P1,SEO Lead,All week-10 tasks,planned
11,2026-11-16,airline-emirates,/guides/emirates-pet-cargo/,New,Emirates pet cargo,Emirates pet policy; Emirates SkyCargo pets; Emirates pet cargo price; Emirates pet cargo booking,informational (airline decision support),CREATE,"CREATE 1,800-2,400 words (730/mo cluster — biggest airline cluster): first-party fee table USD 500/650/800 by weight/dimensions, 17-hour checked-baggage rule, DXB-arrivals-cargo-only rule, 1-week pet travel form, May-Sep bird transit ban, SkyCargo ""Emirates Pets"" product. FACTUAL first-party info, NO affiliation implication (brief rule). Slim the Emirates section of /guides/uae-pet-import-requirements/ and link here.","3 images (0 original-photo, 3 AI-acceptable) per image-map.csv — Hero: Generic cargo-hold style illustration: secured crate in an a; Fees section: Fee table-style diagram with weight/size tiers; Booking section: Step diagram from enquiry to confirmed pet booking",3 inbound (0 P1) / 3 outbound planned in internal-link-map.csv,Article + FAQPage + BreadcrumbList,Emirates (emirates.com verified); Emirates SkyCargo; IATA,70,Content Writer,30-day freshness class (airline rules); /guides/ hub,planned
11,2026-11-16,airline-etihad,/guides/etihad-pet-policy/,New,Etihad pet policy,Etihad pets in cabin; Etihad pet fee; can pets fly in cabin to UAE,informational (airline decision support),CREATE,"CREATE 1,500-2,000 words (300/mo cluster): ONLY UAE carrier allowing cabin pets — USD 399 (corrects outdated USD 1,500 circulating), <=8kg/16-week limits, 40x40x22cm carrier, 7-day form/72-hour documents, AUH release permit + Bill of Entry steps; ties cabin option to Abu Dhabi arrival strategy. No affiliation claims.","3 images (0 original-photo, 3 AI-acceptable) per image-map.csv — Hero: Cat in a soft carrier stowed under an airplane seat, cabin f; Cabin vs cargo section: Decision diagram: can your pet fly in the cabin?; Booking section: Step diagram for adding a pet to a booking",3 inbound (0 P1) / 3 outbound planned in internal-link-map.csv,Article + FAQPage + BreadcrumbList,Etihad (etihad.com verified),62,Content Writer,30-day freshness class,planned
11,2026-11-16,airport-dxb,/guides/dubai-pet-arrival-guide/,New,pet arrival Dubai airport,DXB pet arrival; Dubai airport pet collection cargo village; Dubai Municipality pet registration; dog license Dubai,informational (post-arrival),CREATE,"CREATE 2,000-2,600 words (competitor gap #6; airport-dxb 100/mo + registration 250/mo clusters): step-by-step DXB Cargo Village/dnata clearance walkthrough, W1-verified release fees, Dubai Municipality registration via dm.gov.ae/Dubai Now (AED 10 + microchip + knowledge fee + VAT — secondary, verify on dm.gov.ae), annual renewal + fines, leash-law context; upsell registration-assist add-on.","3 images (0 original-photo, 3 AI-acceptable) per image-map.csv — Hero: Owner opening a crate on a Dubai apartment floor while their; Arrival flow section: Arrival flow diagram: land, clearance, collection, home, reg; Registration section: Close-up of a dog collar with a plain round registration tag",3 inbound (0 P1) / 3 outbound planned in internal-link-map.csv,Article + FAQPage + BreadcrumbList,Dubai Municipality/dm.gov.ae; u.ae; MOCCAE; W1 release-fee verification,68,Content Writer,W1 fee verification; dm.gov.ae fee check,planned
11,2026-11-16,route-netherlands-inbound,/routes/netherlands-to-dubai/,New,pet relocation Netherlands to Dubai,moving dog from Netherlands to Dubai,informational/commercial (route),CREATE,"CREATE 2,200-3,000 words (65/mo cluster — WEAKEST of 5 new inbound per new-page-justifications, deliberately built LAST): KLM pet cargo via AMS, NL certificate endorsement path, AED/EUR cost table; reuses EU framework from germany/france pages with NL-specific vet detail.","2 images (0 original-photo, 2 AI-acceptable) per image-map.csv — Hero: European shorthair cat on a canal-house windowsill beside a ; Documents & timeline: Route document checklist + timeline diagram for Netherlands ",3 inbound (0 P1) / 4 outbound planned in internal-link-map.csv,Article + FAQPage + BreadcrumbList,MOCCAE; European Commission; KLM (verify),75,Content Writer,W7 EU route pages live (content reuse),planned
11,2026-11-16,program-ops,(week 11 close-out),—,—,—,—,WEEKLY REVIEW,Weekly review of Week 11 AIRLINE + AIRPORT (Emirates/Etihad guides + DXB arrival guide created; netherlands inbound route completed — all 21 routes now live). 13-point weekly output checklist: (1) work completed vs plan; (2) URLs created; (3) URLs modified; (4) URLs merged/redirected; (5) keywords assigned/confirmed in keyword-lock-map; (6) internal links added vs internal-link-map; (7) images delivered vs image-map; (8) schema deployed & validated; (9) regulatory facts verified against regulatory-source-of-truth (30/90/180-day freshness); (10) problems/blockers encountered; (11) ranking movement (GSC/rank tracker); (12) indexation status; (13) next-week tasks confirmed.,—,—,—,regulatory-source-of-truth.csv; trust-claims-register.csv,P1,SEO Lead,All week-11 tasks,planned
12,2026-11-23,internal-linking,internal-link-map.csv P1 (102 links),Existing,—,—,—,LINK IMPLEMENTATION P1,Implement all 102 P1 rows of internal-link-map.csv first: money pages receive hub/route/guide links with recommended anchors; verify anchor text matches map (no exact-match stuffing — diversity rules).,—,102 P1 links,—,internal-link-map.csv,P1,Developer,All W3-W11 pages live,planned
12,2026-11-23,internal-linking,internal-link-map.csv P2/P3 (298 links),Existing,—,—,—,LINK IMPLEMENTATION P2/P3,"Implement remaining 186 P2 + 112 P3 links; verify every new page (21 created URLs) has >=3 inbound links from live pages; no orphans; hub/spoke flow confirmed (hubs link down, spokes link up + laterally).",—,298 P2/P3 links,—,internal-link-map.csv,P2,Developer,P1 pass complete,planned
12,2026-11-23,technical,breadcrumb audit site-wide,Existing,—,—,—,BREADCRUMBS,"Verify BreadcrumbList on all pages incl. 21 new URLs; breadcrumb trails reflect final architecture (/routes/x, /cities/x, /guides/x, /dubai/x); fix 3 pages missing BreadcrumbList (78/81 at crawl).",—,—,BreadcrumbList sitewide,crawl-summary.md schema inventory,P2,Developer,Redirects live (W10),planned
12,2026-11-23,technical,anchor diversity + schema re-check,Existing,—,—,—,QA PASS,Anchor-text diversity audit (no >30% exact-match to one target); full schema re-validation of all pages incl. new Article/FAQPage/HowTo deployments; confirm no LocalBusiness schema on non-location pages.,—,—,Full JSON-LD re-validation,internal-link-map.csv anchor rules,P2,Developer,Link implementation complete,planned
12,2026-11-23,technical,metadata pass,Existing,—,—,—,METADATA PASS,Fix 16 meta descriptions >160 chars + 6 titles >60 chars (crawl findings); apply roadmap Recommended Title/H1 everywhere not yet applied; year-stamp (2026) titles per winning SERP pattern.,—,—,—,crawl-summary.md; page-roadmap.csv title columns,P2,SEO Lead,—,planned
12,2026-11-23,media,image alt + delivery audit per image-map.csv,Existing,—,—,—,IMAGE PASS,Verify all 200 image-map rows: delivered images match filename/alt/caption spec; 31 original-photo-required images are genuinely original (no AI substitution); alt text present (crawl baseline: 0 missing — maintain); compress/resize hero images.,200 images audited vs image-map.csv,—,—,image-map.csv,P2,Image Producer,All W3-W11 images delivered,planned
12,2026-11-23,program-ops,(week 12 close-out),—,—,—,—,WEEKLY REVIEW,"Weekly review of Week 12 INTERNAL LINKING + ENTITY CONSOLIDATION (400 link-map rows implemented, breadcrumbs/schema/metadata/images audited). 13-point weekly output checklist: (1) work completed vs plan; (2) URLs created; (3) URLs modified; (4) URLs merged/redirected; (5) keywords assigned/confirmed in keyword-lock-map; (6) internal links added vs internal-link-map; (7) images delivered vs image-map; (8) schema deployed & validated; (9) regulatory facts verified against regulatory-source-of-truth (30/90/180-day freshness); (10) problems/blockers encountered; (11) ranking movement (GSC/rank tracker); (12) indexation status; (13) next-week tasks confirmed.",—,—,—,regulatory-source-of-truth.csv; trust-claims-register.csv,P1,SEO Lead,All week-12 tasks,planned
13,2026-11-30,qa,full site re-crawl,Existing,—,—,—,RE-CRAWL,"Full re-crawl (same methodology as crawl-summary): 0 broken links, 0 orphans, redirects resolve in 1 hop, canonicals clean, noindex correct; before/after comparison vs 2026-09-04 baseline (word counts, near-duplicate pairs ND1-ND5 resolved, schema coverage).",—,—,—,crawl-summary.md baseline,P1,Developer,W12 passes complete,planned
13,2026-11-30,analytics,indexation + ranking check,—,—,—,—,INDEXATION/RANKING REVIEW,GSC: all 21 new URLs submitted + indexed (request indexing where pending); ranking movement vs W2 baseline for 578 locked keywords; merged-URL equity transfer check; update Current Rank in keyword-lock-map.csv.,—,—,—,GSC; rank tracker; keyword-lock-map.csv,P1,Analytics Specialist,W2 baseline,planned
13,2026-11-30,analytics,lead/tracking review,—,—,—,—,LEAD TRACKING REVIEW,Compare CTA/WhatsApp/form conversion events vs W1 baseline; identify top-converting new pages; confirm all 8 CTA taxonomy events fire correctly; report leads-by-cluster to stakeholder.,—,—,—,GA4/GTM events from W1 setup,P1,Analytics Specialist,W1 tracking,planned
13,2026-11-30,regulatory,regulatory freshness re-verification,Existing,—,—,—,RE-VERIFY 30-DAY CLASS,"Re-verify all 30-day freshness-class claims (airline fees/rules, release fees, permit fees) due 2026-10-04+; refresh last-verified dates; re-check MOCCAE portal for fee/validity changes; log in regulatory-source-of-truth.csv Next Review Date.",—,—,—,regulatory-source-of-truth.csv Next Review Date column,P1,Regulatory Fact-Checker,—,planned
13,2026-11-30,program-ops,next-90-day backlog production,—,—,—,—,PLANNING,"Produce next-90-day plan from backlog.csv + W13 findings: Grade-B local re-grade with 90-day impressions data (merge into nearest A page if no traction), HOLD route promotion review (demand evidence), tool builds (cost calculator, crate tool), outreach targets (PropertyFinder, missmeow, petsguide), next-cycle competitor moves.",—,—,—,backlog.csv; GSC 90-day data; competitor-notes.md,P1,SEO Lead,W13 re-crawl + ranking review,planned
13,2026-11-30,program-ops,(week 13 close-out),—,—,—,—,WEEKLY REVIEW,"Weekly review of Week 13 QA + SECOND-GENERATION (re-crawl, indexation/ranking/lead reviews, freshness re-verification, next-90-day backlog). 13-point weekly output checklist: (1) work completed vs plan; (2) URLs created; (3) URLs modified; (4) URLs merged/redirected; (5) keywords assigned/confirmed in keyword-lock-map; (6) internal links added vs internal-link-map; (7) images delivered vs image-map; (8) schema deployed & validated; (9) regulatory facts verified against regulatory-source-of-truth (30/90/180-day freshness); (10) problems/blockers encountered; (11) ranking movement (GSC/rank tracker); (12) indexation status; (13) next-week tasks confirmed.",—,—,—,regulatory-source-of-truth.csv; trust-claims-register.csv,P1,SEO Lead,All week-13 tasks,planned
