Source URL,Target URL,Recommended Anchor,Reason,Link Location,Priority
https://dubai-pet-relocation.ae/,https://dubai-pet-relocation.ae/service/pet-relocation-dubai/,pet relocation services in Dubai,homepage services grid → money page (owns its head term per keyword-lock),nav,P1
https://dubai-pet-relocation.ae/,https://dubai-pet-relocation.ae/service/pet-import-dubai/,pet import service for Dubai,homepage services grid → money page (owns its head term per keyword-lock),nav,P1
https://dubai-pet-relocation.ae/,https://dubai-pet-relocation.ae/service/pet-export-dubai/,pet export service from Dubai,homepage services grid → money page (owns its head term per keyword-lock),nav,P1
https://dubai-pet-relocation.ae/,https://dubai-pet-relocation.ae/service/pet-transport-dubai/,pet transport across Dubai,homepage services grid → money page (owns its head term per keyword-lock),nav,P1
https://dubai-pet-relocation.ae/,https://dubai-pet-relocation.ae/service/international-pet-relocation/,international pet relocation from Dubai,homepage services grid → money page (owns its head term per keyword-lock),nav,P1
https://dubai-pet-relocation.ae/,https://dubai-pet-relocation.ae/service/pet-relocation-to-dubai/,moving to Dubai with your pet,homepage services grid → money page (owns its head term per keyword-lock),nav,P1
https://dubai-pet-relocation.ae/,https://dubai-pet-relocation.ae/service/pet-relocation-from-dubai/,moving pets out of Dubai,homepage services grid → money page (owns its head term per keyword-lock),nav,P1
https://dubai-pet-relocation.ae/,https://dubai-pet-relocation.ae/service/dog-relocation-dubai/,dog relocation in Dubai,homepage services grid → money page (owns its head term per keyword-lock),nav,P1
https://dubai-pet-relocation.ae/,https://dubai-pet-relocation.ae/service/cat-relocation-dubai/,cat relocation in Dubai,homepage services grid → money page (owns its head term per keyword-lock),nav,P1
https://dubai-pet-relocation.ae/,https://dubai-pet-relocation.ae/service/moccae-pet-permit/,MOCCAE permit assistance,homepage services grid → money page (owns its head term per keyword-lock),nav,P1
https://dubai-pet-relocation.ae/,https://dubai-pet-relocation.ae/service/corporate-pet-relocation/,corporate & employee pet relocation,homepage → new B2B service page (needs sitewide entry point),footer,P1
https://dubai-pet-relocation.ae/,https://dubai-pet-relocation.ae/services/,compare our service tiers,homepage → service tier hub (highest conversion page after contact),body context,P1
https://dubai-pet-relocation.ae/,https://dubai-pet-relocation.ae/routes/,all pet relocation routes,homepage routes strip → route hub (fixes 404 target),nav,P1
https://dubai-pet-relocation.ae/,https://dubai-pet-relocation.ae/guides/,our pet relocation guides,homepage guides teaser → guides hub,nav,P1
https://dubai-pet-relocation.ae/,https://dubai-pet-relocation.ae/dubai/,Dubai communities we cover,homepage local coverage summary → community hub,body context,P1
https://dubai-pet-relocation.ae/,https://dubai-pet-relocation.ae/cities/,pet relocation across the UAE,homepage 'all 7 emirates' block → cities hub (fixes 404 target),body context,P1
https://dubai-pet-relocation.ae/,https://dubai-pet-relocation.ae/routes/uk-to-dubai/,pet relocation from the UK to Dubai,homepage routes strip: top inbound corridor,body context,P1
https://dubai-pet-relocation.ae/,https://dubai-pet-relocation.ae/routes/dubai-to-uk/,exporting your pet from Dubai to the UK,homepage routes strip: top outbound corridor,body context,P1
https://dubai-pet-relocation.ae/,https://dubai-pet-relocation.ae/routes/india-to-dubai/,pet relocation from India to Dubai,homepage routes strip: top inbound corridor,body context,P1
https://dubai-pet-relocation.ae/,https://dubai-pet-relocation.ae/guides/pet-relocation-cost-dubai/,what pet relocation really costs,homepage cost teaser → cost guide (high commercial value),body context,P1
https://dubai-pet-relocation.ae/,https://dubai-pet-relocation.ae/guides/uae-pet-import-requirements/,UAE pet import requirements explained,homepage compliance authority block → import requirements guide,body context,P2
https://dubai-pet-relocation.ae/routes/uk-to-dubai/,https://dubai-pet-relocation.ae/routes/,browse every route we cover,broken-link fix: page currently links bare /routes (404) — point breadcrumb/nav to new route hub,breadcrumb,P1
https://dubai-pet-relocation.ae/routes/usa-to-dubai/,https://dubai-pet-relocation.ae/routes/,see all country routes,broken-link fix: page currently links bare /routes (404) — point breadcrumb/nav to new route hub,breadcrumb,P1
https://dubai-pet-relocation.ae/routes/canada-to-dubai/,https://dubai-pet-relocation.ae/routes/,all pet relocation routes,broken-link fix: page currently links bare /routes (404) — point breadcrumb/nav to new route hub,breadcrumb,P1
https://dubai-pet-relocation.ae/routes/australia-to-dubai/,https://dubai-pet-relocation.ae/routes/,browse every route we cover,broken-link fix: page currently links bare /routes (404) — point breadcrumb/nav to new route hub,breadcrumb,P1
https://dubai-pet-relocation.ae/routes/india-to-dubai/,https://dubai-pet-relocation.ae/routes/,see all country routes,broken-link fix: page currently links bare /routes (404) — point breadcrumb/nav to new route hub,breadcrumb,P1
https://dubai-pet-relocation.ae/routes/philippines-to-dubai/,https://dubai-pet-relocation.ae/routes/,all pet relocation routes,broken-link fix: page currently links bare /routes (404) — point breadcrumb/nav to new route hub,breadcrumb,P1
https://dubai-pet-relocation.ae/routes/new-zealand-to-dubai/,https://dubai-pet-relocation.ae/routes/,browse every route we cover,broken-link fix: page currently links bare /routes (404) — point breadcrumb/nav to new route hub,breadcrumb,P1
https://dubai-pet-relocation.ae/routes/south-africa-to-dubai/,https://dubai-pet-relocation.ae/routes/,see all country routes,broken-link fix: page currently links bare /routes (404) — point breadcrumb/nav to new route hub,breadcrumb,P1
https://dubai-pet-relocation.ae/routes/germany-to-dubai/,https://dubai-pet-relocation.ae/routes/,all pet relocation routes,broken-link fix: page currently links bare /routes (404) — point breadcrumb/nav to new route hub,breadcrumb,P1
https://dubai-pet-relocation.ae/routes/france-to-dubai/,https://dubai-pet-relocation.ae/routes/,browse every route we cover,broken-link fix: page currently links bare /routes (404) — point breadcrumb/nav to new route hub,breadcrumb,P1
https://dubai-pet-relocation.ae/routes/netherlands-to-dubai/,https://dubai-pet-relocation.ae/routes/,see all country routes,broken-link fix: page currently links bare /routes (404) — point breadcrumb/nav to new route hub,breadcrumb,P1
https://dubai-pet-relocation.ae/routes/singapore-to-dubai/,https://dubai-pet-relocation.ae/routes/,all pet relocation routes,broken-link fix: page currently links bare /routes (404) — point breadcrumb/nav to new route hub,breadcrumb,P1
https://dubai-pet-relocation.ae/routes/saudi-arabia-to-dubai/,https://dubai-pet-relocation.ae/routes/,browse every route we cover,broken-link fix: page currently links bare /routes (404) — point breadcrumb/nav to new route hub,breadcrumb,P1
https://dubai-pet-relocation.ae/routes/dubai-to-uk/,https://dubai-pet-relocation.ae/routes/,see all country routes,broken-link fix: page currently links bare /routes (404) — point breadcrumb/nav to new route hub,breadcrumb,P1
https://dubai-pet-relocation.ae/routes/dubai-to-usa/,https://dubai-pet-relocation.ae/routes/,all pet relocation routes,broken-link fix: page currently links bare /routes (404) — point breadcrumb/nav to new route hub,breadcrumb,P1
https://dubai-pet-relocation.ae/routes/dubai-to-canada/,https://dubai-pet-relocation.ae/routes/,browse every route we cover,broken-link fix: page currently links bare /routes (404) — point breadcrumb/nav to new route hub,breadcrumb,P1
https://dubai-pet-relocation.ae/routes/dubai-to-australia/,https://dubai-pet-relocation.ae/routes/,see all country routes,broken-link fix: page currently links bare /routes (404) — point breadcrumb/nav to new route hub,breadcrumb,P1
https://dubai-pet-relocation.ae/routes/dubai-to-india/,https://dubai-pet-relocation.ae/routes/,all pet relocation routes,broken-link fix: page currently links bare /routes (404) — point breadcrumb/nav to new route hub,breadcrumb,P1
https://dubai-pet-relocation.ae/routes/dubai-to-philippines/,https://dubai-pet-relocation.ae/routes/,browse every route we cover,broken-link fix: page currently links bare /routes (404) — point breadcrumb/nav to new route hub,breadcrumb,P1
https://dubai-pet-relocation.ae/routes/dubai-to-germany/,https://dubai-pet-relocation.ae/routes/,see all country routes,broken-link fix: page currently links bare /routes (404) — point breadcrumb/nav to new route hub,breadcrumb,P1
https://dubai-pet-relocation.ae/routes/dubai-to-saudi-arabia/,https://dubai-pet-relocation.ae/routes/,all pet relocation routes,broken-link fix: page currently links bare /routes (404) — point breadcrumb/nav to new route hub,breadcrumb,P1
https://dubai-pet-relocation.ae/cities/abu-dhabi/,https://dubai-pet-relocation.ae/cities/,all UAE cities we cover,broken-link fix: page links bare /cities (404) — point to new cities hub,breadcrumb,P1
https://dubai-pet-relocation.ae/cities/sharjah/,https://dubai-pet-relocation.ae/cities/,all UAE cities we cover,new city page breadcrumb → new cities hub (replaces 404 pattern),breadcrumb,P1
https://dubai-pet-relocation.ae/services/,https://dubai-pet-relocation.ae/service/pet-relocation-dubai/,our Dubai pet relocation service,"services hub listing → service child (children use /service/ singular; nav/hub linking, no URL moves)",hub listing,P1
https://dubai-pet-relocation.ae/services/,https://dubai-pet-relocation.ae/service/pet-import-dubai/,help importing your pet to the UAE,"services hub listing → service child (children use /service/ singular; nav/hub linking, no URL moves)",hub listing,P1
https://dubai-pet-relocation.ae/services/,https://dubai-pet-relocation.ae/service/pet-export-dubai/,exporting your pet from the UAE,"services hub listing → service child (children use /service/ singular; nav/hub linking, no URL moves)",hub listing,P1
https://dubai-pet-relocation.ae/services/,https://dubai-pet-relocation.ae/service/pet-transport-dubai/,local pet transport and pet taxi service,"services hub listing → service child (children use /service/ singular; nav/hub linking, no URL moves)",hub listing,P1
https://dubai-pet-relocation.ae/services/,https://dubai-pet-relocation.ae/service/international-pet-relocation/,worldwide pet relocation service,"services hub listing → service child (children use /service/ singular; nav/hub linking, no URL moves)",hub listing,P1
https://dubai-pet-relocation.ae/services/,https://dubai-pet-relocation.ae/service/pet-relocation-to-dubai/,"pet relocation to Dubai, step by step","services hub listing → service child (children use /service/ singular; nav/hub linking, no URL moves)",hub listing,P1
https://dubai-pet-relocation.ae/services/,https://dubai-pet-relocation.ae/service/pet-relocation-from-dubai/,pet relocation from Dubai,"services hub listing → service child (children use /service/ singular; nav/hub linking, no URL moves)",hub listing,P1
https://dubai-pet-relocation.ae/services/,https://dubai-pet-relocation.ae/service/dog-relocation-dubai/,relocating your dog to or from Dubai,"services hub listing → service child (children use /service/ singular; nav/hub linking, no URL moves)",hub listing,P1
https://dubai-pet-relocation.ae/services/,https://dubai-pet-relocation.ae/service/cat-relocation-dubai/,relocating your cat safely,"services hub listing → service child (children use /service/ singular; nav/hub linking, no URL moves)",hub listing,P1
https://dubai-pet-relocation.ae/services/,https://dubai-pet-relocation.ae/service/moccae-pet-permit/,MOCCAE import and export permit service,"services hub listing → service child (children use /service/ singular; nav/hub linking, no URL moves)",hub listing,P1
https://dubai-pet-relocation.ae/services/,https://dubai-pet-relocation.ae/service/corporate-pet-relocation/,corporate pet relocation services,services hub → new corporate B2B page,hub listing,P2
https://dubai-pet-relocation.ae/routes/,https://dubai-pet-relocation.ae/routes/uk-to-dubai/,moving your pet from the UK to Dubai,route hub listing: inbound corridor card,hub listing,P2
https://dubai-pet-relocation.ae/routes/,https://dubai-pet-relocation.ae/routes/usa-to-dubai/,pet relocation from the USA to Dubai,route hub listing: inbound corridor card,hub listing,P2
https://dubai-pet-relocation.ae/routes/,https://dubai-pet-relocation.ae/routes/canada-to-dubai/,pet relocation from Canada to Dubai,route hub listing: inbound corridor card,hub listing,P2
https://dubai-pet-relocation.ae/routes/,https://dubai-pet-relocation.ae/routes/australia-to-dubai/,pet relocation from Australia to Dubai,route hub listing: inbound corridor card,hub listing,P2
https://dubai-pet-relocation.ae/routes/,https://dubai-pet-relocation.ae/routes/india-to-dubai/,moving your pet from India to Dubai,route hub listing: inbound corridor card,hub listing,P2
https://dubai-pet-relocation.ae/routes/,https://dubai-pet-relocation.ae/routes/philippines-to-dubai/,pet relocation from the Philippines to Dubai,route hub listing: inbound corridor card,hub listing,P2
https://dubai-pet-relocation.ae/routes/,https://dubai-pet-relocation.ae/routes/new-zealand-to-dubai/,pet relocation from New Zealand to Dubai,route hub listing: inbound corridor card,hub listing,P2
https://dubai-pet-relocation.ae/routes/,https://dubai-pet-relocation.ae/routes/south-africa-to-dubai/,pet relocation from South Africa to Dubai,route hub listing: inbound corridor card,hub listing,P2
https://dubai-pet-relocation.ae/routes/,https://dubai-pet-relocation.ae/routes/germany-to-dubai/,pet relocation from Germany to Dubai,route hub listing: inbound corridor card,hub listing,P2
https://dubai-pet-relocation.ae/routes/,https://dubai-pet-relocation.ae/routes/france-to-dubai/,pet relocation from France to Dubai,route hub listing: inbound corridor card,hub listing,P2
https://dubai-pet-relocation.ae/routes/,https://dubai-pet-relocation.ae/routes/netherlands-to-dubai/,pet relocation from the Netherlands to Dubai,route hub listing: inbound corridor card,hub listing,P2
https://dubai-pet-relocation.ae/routes/,https://dubai-pet-relocation.ae/routes/singapore-to-dubai/,pet relocation from Singapore to Dubai,route hub listing: inbound corridor card,hub listing,P2
https://dubai-pet-relocation.ae/routes/,https://dubai-pet-relocation.ae/routes/saudi-arabia-to-dubai/,pet relocation from Saudi Arabia to Dubai,route hub listing: inbound corridor card,hub listing,P2
https://dubai-pet-relocation.ae/routes/,https://dubai-pet-relocation.ae/routes/dubai-to-uk/,moving your pet from Dubai to the UK,route hub listing: outbound corridor card,hub listing,P2
https://dubai-pet-relocation.ae/routes/,https://dubai-pet-relocation.ae/routes/dubai-to-usa/,exporting your pet from Dubai to the USA,route hub listing: outbound corridor card,hub listing,P2
https://dubai-pet-relocation.ae/routes/,https://dubai-pet-relocation.ae/routes/dubai-to-canada/,exporting your pet from Dubai to Canada,route hub listing: outbound corridor card,hub listing,P2
https://dubai-pet-relocation.ae/routes/,https://dubai-pet-relocation.ae/routes/dubai-to-australia/,exporting your pet from Dubai to Australia,route hub listing: outbound corridor card,hub listing,P2
https://dubai-pet-relocation.ae/routes/,https://dubai-pet-relocation.ae/routes/dubai-to-india/,exporting your pet from Dubai to India,route hub listing: outbound corridor card,hub listing,P2
https://dubai-pet-relocation.ae/routes/,https://dubai-pet-relocation.ae/routes/dubai-to-philippines/,exporting your pet from Dubai to the Philippines,route hub listing: outbound corridor card,hub listing,P2
https://dubai-pet-relocation.ae/routes/,https://dubai-pet-relocation.ae/routes/dubai-to-germany/,exporting your pet from Dubai to Germany,route hub listing: outbound corridor card,hub listing,P2
https://dubai-pet-relocation.ae/routes/,https://dubai-pet-relocation.ae/routes/dubai-to-saudi-arabia/,exporting your pet from Dubai to Saudi Arabia,route hub listing: outbound corridor card,hub listing,P2
https://dubai-pet-relocation.ae/guides/,https://dubai-pet-relocation.ae/guides/pet-relocation-cost-dubai/,pet relocation cost guide,guides hub listing,hub listing,P2
https://dubai-pet-relocation.ae/guides/,https://dubai-pet-relocation.ae/guides/uae-pet-import-requirements/,UAE pet import requirements,guides hub listing,hub listing,P2
https://dubai-pet-relocation.ae/guides/,https://dubai-pet-relocation.ae/guides/banned-dog-breeds-dubai/,banned & restricted dog breeds,guides hub listing,hub listing,P2
https://dubai-pet-relocation.ae/guides/,https://dubai-pet-relocation.ae/guides/iata-pet-crate-requirements/,IATA pet crate requirements,guides hub listing,hub listing,P2
https://dubai-pet-relocation.ae/guides/,https://dubai-pet-relocation.ae/guides/pet-travel-summer-dubai/,pet travel in Dubai summer heat,guides hub listing,hub listing,P2
https://dubai-pet-relocation.ae/guides/,https://dubai-pet-relocation.ae/guides/moccae-import-permit/,MOCCAE import permit guide,guides hub listing,hub listing,P2
https://dubai-pet-relocation.ae/guides/,https://dubai-pet-relocation.ae/guides/rabies-titer-test-dubai/,rabies titer test (RNATT),guides hub listing,hub listing,P2
https://dubai-pet-relocation.ae/guides/,https://dubai-pet-relocation.ae/guides/pet-export-from-dubai/,how to export your pet from Dubai,guides hub listing → new guide (CREATE),hub listing,P2
https://dubai-pet-relocation.ae/guides/,https://dubai-pet-relocation.ae/guides/emirates-pet-cargo/,Emirates pet cargo guide,guides hub listing → new guide (CREATE),hub listing,P2
https://dubai-pet-relocation.ae/guides/,https://dubai-pet-relocation.ae/guides/etihad-pet-policy/,Etihad pet policy,guides hub listing → new guide (CREATE),hub listing,P2
https://dubai-pet-relocation.ae/guides/,https://dubai-pet-relocation.ae/guides/snub-nosed-dogs-flying-uae/,flying snub-nosed pets to the UAE,guides hub listing → new guide (CREATE),hub listing,P2
https://dubai-pet-relocation.ae/guides/,https://dubai-pet-relocation.ae/guides/dubai-pet-arrival-guide/,the Dubai pet arrival guide,guides hub listing → new guide (CREATE),hub listing,P2
https://dubai-pet-relocation.ae/guides/,https://dubai-pet-relocation.ae/guides/pet-relocation-companies-dubai/,choosing a pet relocation company,guides hub listing → new guide (CREATE),hub listing,P2
https://dubai-pet-relocation.ae/dubai/,https://dubai-pet-relocation.ae/dubai/dubai-marina/,pet relocation in Dubai Marina,community hub directory listing → kept community page (Grade A),hub listing,P2
https://dubai-pet-relocation.ae/dubai/,https://dubai-pet-relocation.ae/dubai/jbr/,pet relocation in JBR,community hub directory listing → kept community page (Grade A),hub listing,P2
https://dubai-pet-relocation.ae/dubai/,https://dubai-pet-relocation.ae/dubai/jlt/,pet relocation in JLT,community hub directory listing → kept community page (Grade A),hub listing,P2
https://dubai-pet-relocation.ae/dubai/,https://dubai-pet-relocation.ae/dubai/palm-jumeirah/,pet relocation in Palm Jumeirah,community hub directory listing → kept community page (Grade A),hub listing,P2
https://dubai-pet-relocation.ae/dubai/,https://dubai-pet-relocation.ae/dubai/jumeirah/,pet relocation in Jumeirah,community hub directory listing → kept community page (Grade A),hub listing,P2
https://dubai-pet-relocation.ae/dubai/,https://dubai-pet-relocation.ae/dubai/umm-suqeim/,pet relocation in Umm Suqeim,community hub directory listing → kept community page (Grade A),hub listing,P2
https://dubai-pet-relocation.ae/dubai/,https://dubai-pet-relocation.ae/dubai/downtown-dubai/,pet relocation in Downtown Dubai,community hub directory listing → kept community page (Grade A),hub listing,P2
https://dubai-pet-relocation.ae/dubai/,https://dubai-pet-relocation.ae/dubai/business-bay/,pet relocation in Business Bay,community hub directory listing → kept community page (Grade A),hub listing,P2
https://dubai-pet-relocation.ae/dubai/,https://dubai-pet-relocation.ae/dubai/bur-dubai/,pet relocation in Bur Dubai,community hub directory listing → kept community page (Grade A),hub listing,P2
https://dubai-pet-relocation.ae/dubai/,https://dubai-pet-relocation.ae/dubai/deira/,pet relocation in Deira,community hub directory listing → kept community page (Grade A),hub listing,P2
https://dubai-pet-relocation.ae/dubai/,https://dubai-pet-relocation.ae/dubai/mirdif/,pet relocation in Mirdif,community hub directory listing → kept community page (Grade A),hub listing,P2
https://dubai-pet-relocation.ae/dubai/,https://dubai-pet-relocation.ae/dubai/dubai-silicon-oasis/,pet relocation in Dubai Silicon Oasis,community hub directory listing → kept community page (Grade B),hub listing,P2
https://dubai-pet-relocation.ae/dubai/,https://dubai-pet-relocation.ae/dubai/al-barsha/,pet relocation in Al Barsha,community hub directory listing → kept community page (Grade A),hub listing,P2
https://dubai-pet-relocation.ae/dubai/,https://dubai-pet-relocation.ae/dubai/al-quoz/,pet relocation in Al Quoz,community hub directory listing → kept community page (Grade B),hub listing,P2
https://dubai-pet-relocation.ae/dubai/,https://dubai-pet-relocation.ae/dubai/al-satwa/,pet relocation in Al Satwa,community hub directory listing → kept community page (Grade B),hub listing,P2
https://dubai-pet-relocation.ae/dubai/,https://dubai-pet-relocation.ae/dubai/jvc/,pet relocation in JVC,community hub directory listing → kept community page (Grade A),hub listing,P2
https://dubai-pet-relocation.ae/dubai/,https://dubai-pet-relocation.ae/dubai/jvt/,pet relocation in JVT,community hub directory listing → kept community page (Grade B),hub listing,P2
https://dubai-pet-relocation.ae/dubai/,https://dubai-pet-relocation.ae/dubai/dubai-hills/,pet relocation in Dubai Hills Estate,community hub directory listing → kept community page (Grade A),hub listing,P2
https://dubai-pet-relocation.ae/dubai/,https://dubai-pet-relocation.ae/dubai/meydan/,pet relocation in Meydan,community hub directory listing → kept community page (Grade B),hub listing,P2
https://dubai-pet-relocation.ae/dubai/,https://dubai-pet-relocation.ae/dubai/arabian-ranches/,pet relocation in Arabian Ranches,community hub directory listing → kept community page (Grade A),hub listing,P2
https://dubai-pet-relocation.ae/dubai/,https://dubai-pet-relocation.ae/dubai/dubailand/,pet relocation in Dubailand,community hub directory listing → kept community page (Grade B),hub listing,P2
https://dubai-pet-relocation.ae/dubai/,https://dubai-pet-relocation.ae/dubai/mudon/,pet relocation in Mudon,community hub directory listing → kept community page (Grade B),hub listing,P2
https://dubai-pet-relocation.ae/dubai/,https://dubai-pet-relocation.ae/dubai/damac-hills/,pet relocation in DAMAC Hills,community hub directory listing → kept community page (Grade B),hub listing,P2
https://dubai-pet-relocation.ae/dubai/,https://dubai-pet-relocation.ae/dubai/damac-hills-2/,pet relocation in DAMAC Hills 2,community hub directory listing → kept community page (Grade B),hub listing,P2
https://dubai-pet-relocation.ae/dubai/,https://dubai-pet-relocation.ae/dubai/sports-city/,pet relocation in Dubai Sports City,community hub directory listing → kept community page (Grade B),hub listing,P2
https://dubai-pet-relocation.ae/dubai/,https://dubai-pet-relocation.ae/dubai/motor-city/,pet relocation in Motor City,community hub directory listing → kept community page (Grade B),hub listing,P2
https://dubai-pet-relocation.ae/dubai/,https://dubai-pet-relocation.ae/dubai/victory-heights/,pet relocation in Victory Heights,community hub directory listing → kept community page (Grade B),hub listing,P2
https://dubai-pet-relocation.ae/dubai/,https://dubai-pet-relocation.ae/dubai/dubai-south/,pet relocation in Dubai South,community hub directory listing → kept community page (Grade A),hub listing,P2
https://dubai-pet-relocation.ae/dubai/,https://dubai-pet-relocation.ae/dubai/emaar-south/,pet relocation in Emaar South,community hub directory listing → kept community page (Grade B),hub listing,P2
https://dubai-pet-relocation.ae/dubai/,https://dubai-pet-relocation.ae/dubai/dubai-investment-park/,pet relocation in Dubai Investment Park,community hub directory listing → kept community page (Grade B),hub listing,P2
https://dubai-pet-relocation.ae/dubai/,https://dubai-pet-relocation.ae/dubai/dubai-production-city/,pet relocation in Dubai Production City,community hub directory listing → kept community page (Grade B),hub listing,P2
https://dubai-pet-relocation.ae/dubai/,https://dubai-pet-relocation.ae/dubai/al-furjan/,pet relocation in Al Furjan,community hub directory listing → kept community page (Grade B),hub listing,P2
https://dubai-pet-relocation.ae/dubai/,https://dubai-pet-relocation.ae/dubai/creek-harbour/,pet relocation in Dubai Creek Harbour,community hub directory listing → kept community page (Grade B),hub listing,P2
https://dubai-pet-relocation.ae/dubai/,https://dubai-pet-relocation.ae/service/pet-transport-dubai/,climate-controlled pet transport in Dubai,community hub → pet transport service (local pickup angle),body context,P2
https://dubai-pet-relocation.ae/dubai/,https://dubai-pet-relocation.ae/service/pet-relocation-dubai/,door-to-door pet relocation in Dubai,community hub → money head service page,body context,P1
https://dubai-pet-relocation.ae/cities/,https://dubai-pet-relocation.ae/dubai/,pet relocation in Dubai — every community,cities hub → Dubai community hub (absorbs merged /cities/dubai/),hub listing,P2
https://dubai-pet-relocation.ae/cities/,https://dubai-pet-relocation.ae/cities/abu-dhabi/,pet relocation in Abu Dhabi,cities hub listing → Abu Dhabi emirate page,hub listing,P2
https://dubai-pet-relocation.ae/cities/,https://dubai-pet-relocation.ae/cities/sharjah/,pet relocation in Sharjah,cities hub listing → new Sharjah page (CREATE),hub listing,P2
https://dubai-pet-relocation.ae/cities/abu-dhabi/,https://dubai-pet-relocation.ae/cities/sharjah/,pet relocation in Sharjah,emirate cross-link: neighbouring emirate + new page inbound support,related-links module,P3
https://dubai-pet-relocation.ae/cities/sharjah/,https://dubai-pet-relocation.ae/cities/abu-dhabi/,pet relocation in Abu Dhabi,emirate cross-link: neighbouring emirate,related-links module,P3
https://dubai-pet-relocation.ae/cities/abu-dhabi/,https://dubai-pet-relocation.ae/guides/etihad-pet-policy/,Etihad's in-cabin pet policy,Abu Dhabi page ↔ Etihad cabin guide (AUH in-cabin unique angle; roadmap action detail),body context,P2
https://dubai-pet-relocation.ae/cities/sharjah/,https://dubai-pet-relocation.ae/service/pet-transport-dubai/,pet transport across Dubai,Sharjah page → inter-emirate pet transport service,body context,P2
https://dubai-pet-relocation.ae/service/pet-relocation-dubai/,https://dubai-pet-relocation.ae/guides/pet-relocation-cost-dubai/,what pet relocation costs in 2026,"money page → cost guide (cost intent pairing, supports ownership split)",body context,P1
https://dubai-pet-relocation.ae/service/pet-relocation-dubai/,https://dubai-pet-relocation.ae/service/corporate-pet-relocation/,corporate pet relocation services,money page → new corporate B2B page (inbound support for CREATE),body context,P2
https://dubai-pet-relocation.ae/service/pet-relocation-dubai/,https://dubai-pet-relocation.ae/contact/,talk to our relocation team,service page → conversion CTA,CTA block,P1
https://dubai-pet-relocation.ae/service/pet-import-dubai/,https://dubai-pet-relocation.ae/guides/uae-pet-import-requirements/,UAE pet import requirements,"commercial↔informational twin cross-link (brief ruling 5: cross-link, don't duplicate)",body context,P1
https://dubai-pet-relocation.ae/service/pet-import-dubai/,https://dubai-pet-relocation.ae/guides/dubai-pet-arrival-guide/,"DXB arrival, clearance and registration",import service → new arrival guide (CREATE inbound support),body context,P2
https://dubai-pet-relocation.ae/service/pet-import-dubai/,https://dubai-pet-relocation.ae/contact/,get a free relocation quote,service page → conversion CTA,CTA block,P1
https://dubai-pet-relocation.ae/service/pet-export-dubai/,https://dubai-pet-relocation.ae/contact/,request your free WhatsApp quote,service page → conversion CTA,CTA block,P1
https://dubai-pet-relocation.ae/service/pet-transport-dubai/,https://dubai-pet-relocation.ae/dubai/,Dubai communities we cover,transport service → community hub (district coverage),body context,P1
https://dubai-pet-relocation.ae/service/pet-transport-dubai/,https://dubai-pet-relocation.ae/cities/,pet relocation across the UAE,transport service → emirate hub (inter-emirate angle),body context,P2
https://dubai-pet-relocation.ae/service/pet-transport-dubai/,https://dubai-pet-relocation.ae/cities/sharjah/,sharjah,transport service → new Sharjah page (CREATE inbound support; Sharjah–Dubai transfers),body context,P2
https://dubai-pet-relocation.ae/service/pet-transport-dubai/,https://dubai-pet-relocation.ae/contact/,talk to our relocation team,service page → conversion CTA,CTA block,P1
https://dubai-pet-relocation.ae/service/international-pet-relocation/,https://dubai-pet-relocation.ae/routes/,browse every route we cover,international service → route hub (all 21 corridors),body context,P1
https://dubai-pet-relocation.ae/service/international-pet-relocation/,https://dubai-pet-relocation.ae/guides/emirates-pet-cargo/,Emirates pet cargo guide,international service → new Emirates cargo guide (airline decision support),body context,P2
https://dubai-pet-relocation.ae/service/international-pet-relocation/,https://dubai-pet-relocation.ae/routes/dubai-to-australia/,moving your pet from Dubai to Australia,"international service → hardest export route showcase (Group 3, 180-day)",body context,P2
https://dubai-pet-relocation.ae/service/international-pet-relocation/,https://dubai-pet-relocation.ae/contact/,get a free relocation quote,service page → conversion CTA,CTA block,P1
https://dubai-pet-relocation.ae/service/pet-relocation-to-dubai/,https://dubai-pet-relocation.ae/guides/dubai-pet-arrival-guide/,the post-arrival guide for pets,inbound directional → new arrival guide (settling-in cluster),body context,P2
https://dubai-pet-relocation.ae/service/pet-relocation-to-dubai/,https://dubai-pet-relocation.ae/contact/,request your free WhatsApp quote,service page → conversion CTA,CTA block,P1
https://dubai-pet-relocation.ae/service/pet-relocation-from-dubai/,https://dubai-pet-relocation.ae/routes/dubai-to-india/,moving your pet from Dubai to India,outbound directional → 2nd biggest outbound corridor (CREATE inbound support),body context,P2
https://dubai-pet-relocation.ae/service/pet-relocation-from-dubai/,https://dubai-pet-relocation.ae/contact/,talk to our relocation team,service page → conversion CTA,CTA block,P1
https://dubai-pet-relocation.ae/service/dog-relocation-dubai/,https://dubai-pet-relocation.ae/guides/banned-dog-breeds-dubai/,breed eligibility rules,dog service → banned breeds guide (breed eligibility spoke),body context,P1
https://dubai-pet-relocation.ae/service/dog-relocation-dubai/,https://dubai-pet-relocation.ae/dog-relocation-to-dubai/,bringing a dog to Dubai: the full journey,species money page → inbound species twin (ruling 8 cross-link),body context,P2
https://dubai-pet-relocation.ae/service/dog-relocation-dubai/,https://dubai-pet-relocation.ae/contact/,get a free relocation quote,service page → conversion CTA,CTA block,P1
https://dubai-pet-relocation.ae/service/cat-relocation-dubai/,https://dubai-pet-relocation.ae/cat-relocation-to-dubai/,bringing a cat to Dubai: the full journey,species money page → inbound species twin (ruling 9 cross-link),body context,P2
https://dubai-pet-relocation.ae/service/cat-relocation-dubai/,https://dubai-pet-relocation.ae/guides/iata-pet-crate-requirements/,IATA-compliant crate sizing,cat service → carrier/crate guide spoke,body context,P2
https://dubai-pet-relocation.ae/service/cat-relocation-dubai/,https://dubai-pet-relocation.ae/contact/,request your free WhatsApp quote,service page → conversion CTA,CTA block,P1
https://dubai-pet-relocation.ae/service/moccae-pet-permit/,https://dubai-pet-relocation.ae/guides/moccae-import-permit/,step-by-step MOCCAE permit guide,permit service ↔ informational twin (ruling 10: guide is linkable asset),body context,P1
https://dubai-pet-relocation.ae/service/moccae-pet-permit/,https://dubai-pet-relocation.ae/guides/rabies-titer-test-dubai/,titer test rules for Dubai,permit service → titer guide spoke,body context,P2
https://dubai-pet-relocation.ae/service/moccae-pet-permit/,https://dubai-pet-relocation.ae/contact/,talk to our relocation team,service page → conversion CTA,CTA block,P1
https://dubai-pet-relocation.ae/service/corporate-pet-relocation/,https://dubai-pet-relocation.ae/service/pet-relocation-dubai/,pet relocation services in Dubai,corporate page → core relocation service (service family),body context,P2
https://dubai-pet-relocation.ae/service/corporate-pet-relocation/,https://dubai-pet-relocation.ae/guides/pet-relocation-cost-dubai/,the full cost guide,corporate page → cost guide (volume pricing context),body context,P2
https://dubai-pet-relocation.ae/service/corporate-pet-relocation/,https://dubai-pet-relocation.ae/contact/,get a free relocation quote,B2B page → conversion CTA,CTA block,P1
https://dubai-pet-relocation.ae/dog-relocation-to-dubai/,https://dubai-pet-relocation.ae/service/dog-relocation-dubai/,our dog relocation service,inbound species guide → dog relocation money page (ruling 8),body context,P1
https://dubai-pet-relocation.ae/cat-relocation-to-dubai/,https://dubai-pet-relocation.ae/service/cat-relocation-dubai/,our cat relocation service,inbound species guide → cat relocation money page (ruling 9),body context,P1
https://dubai-pet-relocation.ae/routes/uk-to-dubai/,https://dubai-pet-relocation.ae/routes/dubai-to-uk/,the Dubai to the UK export route,route pair cross-link: reverse-direction counterpart (brief rule: inbound↔outbound same-country MUST cross-link),related-links module,P2
https://dubai-pet-relocation.ae/routes/uk-to-dubai/,https://dubai-pet-relocation.ae/service/pet-relocation-to-dubai/,bringing your pet to Dubai,route → directional service money page (inbound intent),body context,P1
https://dubai-pet-relocation.ae/routes/usa-to-dubai/,https://dubai-pet-relocation.ae/routes/dubai-to-usa/,moving your pet from Dubai to the USA,route pair cross-link: reverse-direction counterpart (brief rule: inbound↔outbound same-country MUST cross-link),related-links module,P2
https://dubai-pet-relocation.ae/routes/usa-to-dubai/,https://dubai-pet-relocation.ae/service/pet-relocation-to-dubai/,moving to Dubai with your pet,route → directional service money page (inbound intent),body context,P1
https://dubai-pet-relocation.ae/routes/canada-to-dubai/,https://dubai-pet-relocation.ae/routes/dubai-to-canada/,moving your pet from Dubai to Canada,route pair cross-link: reverse-direction counterpart (brief rule: inbound↔outbound same-country MUST cross-link),related-links module,P2
https://dubai-pet-relocation.ae/routes/canada-to-dubai/,https://dubai-pet-relocation.ae/service/pet-relocation-to-dubai/,"pet relocation to Dubai, step by step",route → directional service money page (inbound intent),body context,P1
https://dubai-pet-relocation.ae/routes/australia-to-dubai/,https://dubai-pet-relocation.ae/routes/dubai-to-australia/,the Dubai to Australia export route,route pair cross-link: reverse-direction counterpart (brief rule: inbound↔outbound same-country MUST cross-link),related-links module,P2
https://dubai-pet-relocation.ae/routes/australia-to-dubai/,https://dubai-pet-relocation.ae/service/pet-relocation-to-dubai/,bringing your pet to Dubai,route → directional service money page (inbound intent),body context,P1
https://dubai-pet-relocation.ae/routes/india-to-dubai/,https://dubai-pet-relocation.ae/routes/dubai-to-india/,the Dubai to India export route,route pair cross-link: reverse-direction counterpart (brief rule: inbound↔outbound same-country MUST cross-link),related-links module,P2
https://dubai-pet-relocation.ae/routes/india-to-dubai/,https://dubai-pet-relocation.ae/service/pet-relocation-to-dubai/,moving to Dubai with your pet,route → directional service money page (inbound intent),body context,P1
https://dubai-pet-relocation.ae/routes/philippines-to-dubai/,https://dubai-pet-relocation.ae/routes/dubai-to-philippines/,moving your pet from Dubai to the Philippines,route pair cross-link: reverse-direction counterpart (brief rule: inbound↔outbound same-country MUST cross-link),related-links module,P2
https://dubai-pet-relocation.ae/routes/philippines-to-dubai/,https://dubai-pet-relocation.ae/service/pet-relocation-to-dubai/,"pet relocation to Dubai, step by step",route → directional service money page (inbound intent),body context,P1
https://dubai-pet-relocation.ae/routes/new-zealand-to-dubai/,https://dubai-pet-relocation.ae/routes/australia-to-dubai/,moving your pet from Australia to Dubai,route pair cross-link: related low-risk Oceania corridor (brief rule: inbound↔outbound same-country MUST cross-link),related-links module,P2
https://dubai-pet-relocation.ae/routes/new-zealand-to-dubai/,https://dubai-pet-relocation.ae/service/pet-relocation-to-dubai/,bringing your pet to Dubai,route → directional service money page (inbound intent),body context,P1
https://dubai-pet-relocation.ae/routes/south-africa-to-dubai/,https://dubai-pet-relocation.ae/routes/philippines-to-dubai/,moving your pet from the Philippines to Dubai,route pair cross-link: related RNATT high-risk corridor (brief rule: inbound↔outbound same-country MUST cross-link),related-links module,P2
https://dubai-pet-relocation.ae/routes/south-africa-to-dubai/,https://dubai-pet-relocation.ae/service/pet-relocation-to-dubai/,moving to Dubai with your pet,route → directional service money page (inbound intent),body context,P1
https://dubai-pet-relocation.ae/routes/germany-to-dubai/,https://dubai-pet-relocation.ae/routes/dubai-to-germany/,moving your pet from Dubai to Germany,route pair cross-link: reverse-direction counterpart (brief rule: inbound↔outbound same-country MUST cross-link),related-links module,P2
https://dubai-pet-relocation.ae/routes/germany-to-dubai/,https://dubai-pet-relocation.ae/service/pet-relocation-to-dubai/,"pet relocation to Dubai, step by step",route → directional service money page (inbound intent),body context,P1
https://dubai-pet-relocation.ae/routes/germany-to-dubai/,https://dubai-pet-relocation.ae/guides/uae-pet-import-requirements/,UAE pet import requirements,new route → import requirements guide (cluster wiring for blank page),body context,P2
https://dubai-pet-relocation.ae/routes/france-to-dubai/,https://dubai-pet-relocation.ae/routes/germany-to-dubai/,moving your pet from Germany to Dubai,route pair cross-link: related EU corridor (brief rule: inbound↔outbound same-country MUST cross-link),related-links module,P2
https://dubai-pet-relocation.ae/routes/france-to-dubai/,https://dubai-pet-relocation.ae/service/pet-relocation-to-dubai/,bringing your pet to Dubai,route → directional service money page (inbound intent),body context,P1
https://dubai-pet-relocation.ae/routes/france-to-dubai/,https://dubai-pet-relocation.ae/guides/uae-pet-import-requirements/,the complete import requirements guide,new route → import requirements guide (cluster wiring for blank page),body context,P2
https://dubai-pet-relocation.ae/routes/netherlands-to-dubai/,https://dubai-pet-relocation.ae/routes/france-to-dubai/,moving your pet from France to Dubai,route pair cross-link: related EU corridor (brief rule: inbound↔outbound same-country MUST cross-link),related-links module,P2
https://dubai-pet-relocation.ae/routes/netherlands-to-dubai/,https://dubai-pet-relocation.ae/service/pet-relocation-to-dubai/,moving to Dubai with your pet,route → directional service money page (inbound intent),body context,P1
https://dubai-pet-relocation.ae/routes/netherlands-to-dubai/,https://dubai-pet-relocation.ae/guides/uae-pet-import-requirements/,import rules for bringing pets to Dubai,new route → import requirements guide (cluster wiring for blank page),body context,P2
https://dubai-pet-relocation.ae/routes/singapore-to-dubai/,https://dubai-pet-relocation.ae/routes/australia-to-dubai/,"the Australia to Dubai route, step by step",route pair cross-link: related Asia-Pacific corridor (brief rule: inbound↔outbound same-country MUST cross-link),related-links module,P2
https://dubai-pet-relocation.ae/routes/singapore-to-dubai/,https://dubai-pet-relocation.ae/service/pet-relocation-to-dubai/,"pet relocation to Dubai, step by step",route → directional service money page (inbound intent),body context,P1
https://dubai-pet-relocation.ae/routes/singapore-to-dubai/,https://dubai-pet-relocation.ae/guides/uae-pet-import-requirements/,UAE pet import requirements,new route → import requirements guide (cluster wiring for blank page),body context,P2
https://dubai-pet-relocation.ae/routes/saudi-arabia-to-dubai/,https://dubai-pet-relocation.ae/routes/dubai-to-saudi-arabia/,moving your pet from Dubai to Saudi Arabia,route pair cross-link: reverse-direction counterpart (brief rule: inbound↔outbound same-country MUST cross-link),related-links module,P2
https://dubai-pet-relocation.ae/routes/saudi-arabia-to-dubai/,https://dubai-pet-relocation.ae/service/pet-relocation-to-dubai/,bringing your pet to Dubai,route → directional service money page (inbound intent),body context,P1
https://dubai-pet-relocation.ae/routes/saudi-arabia-to-dubai/,https://dubai-pet-relocation.ae/guides/uae-pet-import-requirements/,the complete import requirements guide,new route → import requirements guide (cluster wiring for blank page),body context,P2
https://dubai-pet-relocation.ae/routes/dubai-to-uk/,https://dubai-pet-relocation.ae/routes/uk-to-dubai/,"the the UK to Dubai route, step by step",route pair cross-link: reverse-direction counterpart (brief rule: inbound↔outbound same-country MUST cross-link),related-links module,P2
https://dubai-pet-relocation.ae/routes/dubai-to-uk/,https://dubai-pet-relocation.ae/service/pet-relocation-from-dubai/,leaving Dubai with your pet,route → directional service money page (outbound intent),body context,P1
https://dubai-pet-relocation.ae/routes/dubai-to-uk/,https://dubai-pet-relocation.ae/guides/pet-export-from-dubai/,how to export your pet from Dubai,existing outbound route → new export guide (CREATE inbound support),body context,P2
https://dubai-pet-relocation.ae/routes/dubai-to-usa/,https://dubai-pet-relocation.ae/routes/usa-to-dubai/,moving your pet from the USA to Dubai,route pair cross-link: reverse-direction counterpart (brief rule: inbound↔outbound same-country MUST cross-link),related-links module,P2
https://dubai-pet-relocation.ae/routes/dubai-to-usa/,https://dubai-pet-relocation.ae/service/pet-relocation-from-dubai/,moving pets out of Dubai,route → directional service money page (outbound intent),body context,P1
https://dubai-pet-relocation.ae/routes/dubai-to-usa/,https://dubai-pet-relocation.ae/guides/pet-export-from-dubai/,"the pet export process, step by step",existing outbound route → new export guide (CREATE inbound support),body context,P2
https://dubai-pet-relocation.ae/routes/dubai-to-canada/,https://dubai-pet-relocation.ae/routes/canada-to-dubai/,moving your pet from Canada to Dubai,route pair cross-link: reverse-direction counterpart (brief rule: inbound↔outbound same-country MUST cross-link),related-links module,P2
https://dubai-pet-relocation.ae/routes/dubai-to-canada/,https://dubai-pet-relocation.ae/service/pet-relocation-from-dubai/,pet relocation from Dubai,route → directional service money page (outbound intent),body context,P1
https://dubai-pet-relocation.ae/routes/dubai-to-canada/,https://dubai-pet-relocation.ae/guides/pet-export-from-dubai/,export permits and certificates explained,new route → export process guide (cluster wiring for blank page),body context,P2
https://dubai-pet-relocation.ae/routes/dubai-to-australia/,https://dubai-pet-relocation.ae/routes/australia-to-dubai/,pet relocation from Australia to Dubai,route pair cross-link: reverse-direction counterpart (brief rule: inbound↔outbound same-country MUST cross-link),related-links module,P2
https://dubai-pet-relocation.ae/routes/dubai-to-australia/,https://dubai-pet-relocation.ae/service/pet-relocation-from-dubai/,leaving Dubai with your pet,route → directional service money page (outbound intent),body context,P1
https://dubai-pet-relocation.ae/routes/dubai-to-australia/,https://dubai-pet-relocation.ae/guides/pet-export-from-dubai/,how to export your pet from Dubai,new route → export process guide (cluster wiring for blank page),body context,P2
https://dubai-pet-relocation.ae/routes/dubai-to-india/,https://dubai-pet-relocation.ae/routes/india-to-dubai/,"the India to Dubai route, step by step",route pair cross-link: reverse-direction counterpart (brief rule: inbound↔outbound same-country MUST cross-link),related-links module,P2
https://dubai-pet-relocation.ae/routes/dubai-to-india/,https://dubai-pet-relocation.ae/service/pet-relocation-from-dubai/,moving pets out of Dubai,route → directional service money page (outbound intent),body context,P1
https://dubai-pet-relocation.ae/routes/dubai-to-india/,https://dubai-pet-relocation.ae/guides/pet-export-from-dubai/,"the pet export process, step by step",new route → export process guide (cluster wiring for blank page),body context,P2
https://dubai-pet-relocation.ae/routes/dubai-to-philippines/,https://dubai-pet-relocation.ae/routes/philippines-to-dubai/,"the the Philippines to Dubai route, step by step",route pair cross-link: reverse-direction counterpart (brief rule: inbound↔outbound same-country MUST cross-link),related-links module,P2
https://dubai-pet-relocation.ae/routes/dubai-to-philippines/,https://dubai-pet-relocation.ae/service/pet-relocation-from-dubai/,pet relocation from Dubai,route → directional service money page (outbound intent),body context,P1
https://dubai-pet-relocation.ae/routes/dubai-to-philippines/,https://dubai-pet-relocation.ae/guides/pet-export-from-dubai/,export permits and certificates explained,new route → export process guide (cluster wiring for blank page),body context,P2
https://dubai-pet-relocation.ae/routes/dubai-to-germany/,https://dubai-pet-relocation.ae/routes/germany-to-dubai/,"the Germany to Dubai route, step by step",route pair cross-link: reverse-direction counterpart (brief rule: inbound↔outbound same-country MUST cross-link),related-links module,P2
https://dubai-pet-relocation.ae/routes/dubai-to-germany/,https://dubai-pet-relocation.ae/service/pet-relocation-from-dubai/,leaving Dubai with your pet,route → directional service money page (outbound intent),body context,P1
https://dubai-pet-relocation.ae/routes/dubai-to-germany/,https://dubai-pet-relocation.ae/guides/pet-export-from-dubai/,how to export your pet from Dubai,new route → export process guide (cluster wiring for blank page),body context,P2
https://dubai-pet-relocation.ae/routes/dubai-to-saudi-arabia/,https://dubai-pet-relocation.ae/routes/saudi-arabia-to-dubai/,moving your pet from Saudi Arabia to Dubai,route pair cross-link: reverse-direction counterpart (brief rule: inbound↔outbound same-country MUST cross-link),related-links module,P2
https://dubai-pet-relocation.ae/routes/dubai-to-saudi-arabia/,https://dubai-pet-relocation.ae/service/pet-relocation-from-dubai/,moving pets out of Dubai,route → directional service money page (outbound intent),body context,P1
https://dubai-pet-relocation.ae/routes/dubai-to-saudi-arabia/,https://dubai-pet-relocation.ae/guides/pet-export-from-dubai/,"the pet export process, step by step",new route → export process guide (cluster wiring for blank page),body context,P2
https://dubai-pet-relocation.ae/routes/france-to-dubai/,https://dubai-pet-relocation.ae/routes/netherlands-to-dubai/,moving your pet from the Netherlands to Dubai,related-routes module: secondary corridor suggestion,related-links module,P3
https://dubai-pet-relocation.ae/routes/dubai-to-australia/,https://dubai-pet-relocation.ae/contact/,request your free WhatsApp quote,new route → conversion page CTA (route pages connect to conversion path),CTA block,P2
https://dubai-pet-relocation.ae/routes/dubai-to-india/,https://dubai-pet-relocation.ae/contact/,talk to our relocation team,new route → conversion page CTA (route pages connect to conversion path),CTA block,P2
https://dubai-pet-relocation.ae/guides/uae-pet-import-requirements/,https://dubai-pet-relocation.ae/guides/moccae-import-permit/,MOCCAE import permit guide,import cluster: requirements ↔ MOCCAE permit guide,body context,P2
https://dubai-pet-relocation.ae/guides/uae-pet-import-requirements/,https://dubai-pet-relocation.ae/guides/rabies-titer-test-dubai/,rabies titer test (RNATT) guide,import cluster: requirements ↔ titer test guide,body context,P2
https://dubai-pet-relocation.ae/guides/uae-pet-import-requirements/,https://dubai-pet-relocation.ae/guides/banned-dog-breeds-dubai/,the UAE banned breeds list,import cluster: requirements ↔ banned breeds guide,body context,P2
https://dubai-pet-relocation.ae/guides/uae-pet-import-requirements/,https://dubai-pet-relocation.ae/service/pet-import-dubai/,pet import service for Dubai,"informational guide → commercial import service (ruling 5 twin, money inlink)",body context,P1
https://dubai-pet-relocation.ae/guides/moccae-import-permit/,https://dubai-pet-relocation.ae/service/moccae-pet-permit/,MOCCAE permit assistance,"linkable-asset guide → MOCCAE permit service (ruling 10, money inlink)",body context,P1
https://dubai-pet-relocation.ae/guides/iata-pet-crate-requirements/,https://dubai-pet-relocation.ae/guides/snub-nosed-dogs-flying-uae/,brachycephalic pet travel rules,crate guide → new snub-nosed guide (+10% container rule; CREATE inbound),body context,P2
https://dubai-pet-relocation.ae/guides/iata-pet-crate-requirements/,https://dubai-pet-relocation.ae/service/dog-relocation-dubai/,dog relocation in Dubai,crate guide → dog relocation service (money inlink),body context,P1
https://dubai-pet-relocation.ae/guides/banned-dog-breeds-dubai/,https://dubai-pet-relocation.ae/service/dog-relocation-dubai/,relocating your dog to or from Dubai,breeds guide → dog relocation service (money inlink),body context,P1
https://dubai-pet-relocation.ae/guides/pet-relocation-cost-dubai/,https://dubai-pet-relocation.ae/service/pet-relocation-dubai/,our Dubai pet relocation service,"cost guide → money head service (decision-stage escalation, money inlink)",body context,P1
https://dubai-pet-relocation.ae/guides/pet-travel-summer-dubai/,https://dubai-pet-relocation.ae/guides/snub-nosed-dogs-flying-uae/,airline rules for flat-faced breeds,summer guide → new snub-nosed guide (heat-risk overlap; CREATE inbound),body context,P2
https://dubai-pet-relocation.ae/guides/pet-export-from-dubai/,https://dubai-pet-relocation.ae/service/pet-export-dubai/,pet export service from Dubai,export guide → commercial export service (money inlink),body context,P1
https://dubai-pet-relocation.ae/guides/pet-export-from-dubai/,https://dubai-pet-relocation.ae/routes/dubai-to-uk/,exporting your pet from Dubai to the UK,export guide → top outbound route,body context,P2
https://dubai-pet-relocation.ae/guides/pet-export-from-dubai/,https://dubai-pet-relocation.ae/guides/,the full guide library,new guide → guides hub breadcrumb,breadcrumb,P2
https://dubai-pet-relocation.ae/guides/emirates-pet-cargo/,https://dubai-pet-relocation.ae/guides/etihad-pet-policy/,the Etihad pet policy guide,airline cluster: Emirates ↔ Etihad decision support,body context,P2
https://dubai-pet-relocation.ae/guides/emirates-pet-cargo/,https://dubai-pet-relocation.ae/service/international-pet-relocation/,international pet relocation from Dubai,airline guide → international relocation service (money inlink),body context,P1
https://dubai-pet-relocation.ae/guides/emirates-pet-cargo/,https://dubai-pet-relocation.ae/guides/,all Dubai pet relocation guides,new guide → guides hub breadcrumb,breadcrumb,P2
https://dubai-pet-relocation.ae/guides/etihad-pet-policy/,https://dubai-pet-relocation.ae/guides/emirates-pet-cargo/,flying your pet with Emirates,airline cluster: Etihad ↔ Emirates comparison,body context,P2
https://dubai-pet-relocation.ae/guides/etihad-pet-policy/,https://dubai-pet-relocation.ae/cities/abu-dhabi/,pet relocation in Abu Dhabi,Etihad guide ↔ Abu Dhabi city page (AUH in-cabin unique angle),body context,P2
https://dubai-pet-relocation.ae/guides/etihad-pet-policy/,https://dubai-pet-relocation.ae/guides/,our pet relocation guides,new guide → guides hub breadcrumb,breadcrumb,P2
https://dubai-pet-relocation.ae/guides/snub-nosed-dogs-flying-uae/,https://dubai-pet-relocation.ae/guides/iata-pet-crate-requirements/,IATA crate requirements,snub-nosed guide → crate sizing (+10% rule),body context,P2
https://dubai-pet-relocation.ae/guides/snub-nosed-dogs-flying-uae/,https://dubai-pet-relocation.ae/guides/pet-travel-summer-dubai/,the summer heat embargo explained,snub-nosed guide → summer embargo guide,body context,P2
https://dubai-pet-relocation.ae/guides/snub-nosed-dogs-flying-uae/,https://dubai-pet-relocation.ae/guides/,the full guide library,new guide → guides hub breadcrumb,breadcrumb,P2
https://dubai-pet-relocation.ae/guides/dubai-pet-arrival-guide/,https://dubai-pet-relocation.ae/service/pet-import-dubai/,help importing your pet to the UAE,"arrival guide → import service (post-arrival upsell, money inlink)",body context,P1
https://dubai-pet-relocation.ae/guides/dubai-pet-arrival-guide/,https://dubai-pet-relocation.ae/guides/uae-pet-import-requirements/,import rules for bringing pets to Dubai,arrival guide → import requirements (pre-departure reference),body context,P2
https://dubai-pet-relocation.ae/guides/dubai-pet-arrival-guide/,https://dubai-pet-relocation.ae/guides/,all Dubai pet relocation guides,new guide → guides hub breadcrumb,breadcrumb,P2
https://dubai-pet-relocation.ae/guides/pet-relocation-companies-dubai/,https://dubai-pet-relocation.ae/how-it-works/,how the coordination model works,"comparison guide → process page (our model, disclosed bias)",body context,P2
https://dubai-pet-relocation.ae/guides/pet-relocation-companies-dubai/,https://dubai-pet-relocation.ae/guides/,our pet relocation guides,new guide → guides hub breadcrumb,breadcrumb,P2
https://dubai-pet-relocation.ae/guides/pet-relocation-companies-dubai/,https://dubai-pet-relocation.ae/contact/,talk to our relocation team,comparison guide → conversion (comparison readers are decision-stage),CTA block,P2
https://dubai-pet-relocation.ae/about/,https://dubai-pet-relocation.ae/guides/pet-relocation-companies-dubai/,how to choose a pet relocation company in Dubai,about page → honest comparison guide (E-E-A-T transparency asset; CREATE inbound),body context,P3
https://dubai-pet-relocation.ae/faq/,https://dubai-pet-relocation.ae/guides/pet-relocation-companies-dubai/,an honest comparison of Dubai pet movers,FAQ → comparison guide ('how do I choose a company?' answer routing; CREATE inbound),related-links module,P3
https://dubai-pet-relocation.ae/dubai/dubai-marina/,https://dubai-pet-relocation.ae/dubai/,pet relocation across Dubai communities,community page → /dubai/ hub (hub↔community bidirectional),breadcrumb,P2
https://dubai-pet-relocation.ae/dubai/dubai-marina/,https://dubai-pet-relocation.ae/service/pet-transport-dubai/,local pet transport and pet taxi service,community page → pet transport service (local pickup/door-to-door),body context,P2
https://dubai-pet-relocation.ae/dubai/dubai-marina/,https://dubai-pet-relocation.ae/dubai/jbr/,JBR dog & cat relocation,related communities module: neighbouring area (Dubai Marina↔JBR),related-links module,P3
https://dubai-pet-relocation.ae/dubai/dubai-marina/,https://dubai-pet-relocation.ae/dubai/jlt/,moving pets to or from JLT,related communities module: neighbouring area (Dubai Marina↔JLT),related-links module,P3
https://dubai-pet-relocation.ae/dubai/dubai-marina/,https://dubai-pet-relocation.ae/dubai/palm-jumeirah/,Palm Jumeirah pet relocation services,related communities module: neighbouring area (Dubai Marina↔Palm Jumeirah),related-links module,P3
https://dubai-pet-relocation.ae/dubai/jbr/,https://dubai-pet-relocation.ae/dubai/,every Dubai neighbourhood we serve,community page → /dubai/ hub (hub↔community bidirectional),breadcrumb,P2
https://dubai-pet-relocation.ae/dubai/jbr/,https://dubai-pet-relocation.ae/service/pet-transport-dubai/,climate-controlled pet transport in Dubai,community page → pet transport service (local pickup/door-to-door),body context,P2
https://dubai-pet-relocation.ae/dubai/jbr/,https://dubai-pet-relocation.ae/dubai/dubai-marina/,relocating pets in Dubai Marina,related communities module: neighbouring area (JBR↔Dubai Marina),related-links module,P3
https://dubai-pet-relocation.ae/dubai/jbr/,https://dubai-pet-relocation.ae/dubai/jlt/,JLT pet relocation services,related communities module: neighbouring area (JBR↔JLT),related-links module,P3
https://dubai-pet-relocation.ae/dubai/jbr/,https://dubai-pet-relocation.ae/dubai/palm-jumeirah/,moving pets to or from Palm Jumeirah,related communities module: neighbouring area (JBR↔Palm Jumeirah),related-links module,P3
https://dubai-pet-relocation.ae/dubai/jlt/,https://dubai-pet-relocation.ae/dubai/,Dubai communities we cover,community page → /dubai/ hub (hub↔community bidirectional),breadcrumb,P2
https://dubai-pet-relocation.ae/dubai/jlt/,https://dubai-pet-relocation.ae/service/pet-transport-dubai/,pet transport across Dubai,community page → pet transport service (local pickup/door-to-door),body context,P2
https://dubai-pet-relocation.ae/dubai/jlt/,https://dubai-pet-relocation.ae/dubai/dubai-marina/,Dubai Marina pet relocation services,related communities module: neighbouring area (JLT↔Dubai Marina),related-links module,P3
https://dubai-pet-relocation.ae/dubai/jlt/,https://dubai-pet-relocation.ae/dubai/jbr/,moving pets to or from JBR,related communities module: neighbouring area (JLT↔JBR),related-links module,P3
https://dubai-pet-relocation.ae/dubai/jlt/,https://dubai-pet-relocation.ae/dubai/jvc/,moving pets to or from JVC,related communities module: neighbouring area (JLT↔JVC),related-links module,P3
https://dubai-pet-relocation.ae/dubai/palm-jumeirah/,https://dubai-pet-relocation.ae/service/pet-transport-dubai/,local pet transport and pet taxi service,community page → pet transport service (local pickup/door-to-door),body context,P2
https://dubai-pet-relocation.ae/dubai/palm-jumeirah/,https://dubai-pet-relocation.ae/dubai/dubai-marina/,relocating pets in Dubai Marina,related communities module: neighbouring area (Palm Jumeirah↔Dubai Marina),related-links module,P3
https://dubai-pet-relocation.ae/dubai/palm-jumeirah/,https://dubai-pet-relocation.ae/dubai/jbr/,moving pets to or from JBR,related communities module: neighbouring area (Palm Jumeirah↔JBR),related-links module,P3
https://dubai-pet-relocation.ae/dubai/palm-jumeirah/,https://dubai-pet-relocation.ae/dubai/jumeirah/,moving pets to or from Jumeirah,related communities module: neighbouring area (Palm Jumeirah↔Jumeirah),related-links module,P3
https://dubai-pet-relocation.ae/dubai/jumeirah/,https://dubai-pet-relocation.ae/service/pet-transport-dubai/,climate-controlled pet transport in Dubai,community page → pet transport service (local pickup/door-to-door),body context,P2
https://dubai-pet-relocation.ae/dubai/jumeirah/,https://dubai-pet-relocation.ae/dubai/umm-suqeim/,relocating pets in Umm Suqeim,related communities module: neighbouring area (Jumeirah↔Umm Suqeim),related-links module,P3
https://dubai-pet-relocation.ae/dubai/jumeirah/,https://dubai-pet-relocation.ae/dubai/al-satwa/,pet transport in Al Satwa,related communities module: neighbouring area (Jumeirah↔Al Satwa),related-links module,P3
https://dubai-pet-relocation.ae/dubai/jumeirah/,https://dubai-pet-relocation.ae/dubai/downtown-dubai/,Downtown Dubai pet relocation services,related communities module: neighbouring area (Jumeirah↔Downtown Dubai),related-links module,P3
https://dubai-pet-relocation.ae/dubai/umm-suqeim/,https://dubai-pet-relocation.ae/service/pet-transport-dubai/,pet transport across Dubai,community page → pet transport service (local pickup/door-to-door),body context,P2
https://dubai-pet-relocation.ae/dubai/umm-suqeim/,https://dubai-pet-relocation.ae/dubai/jumeirah/,pet transport in Jumeirah,related communities module: neighbouring area (Umm Suqeim↔Jumeirah),related-links module,P3
https://dubai-pet-relocation.ae/dubai/umm-suqeim/,https://dubai-pet-relocation.ae/dubai/al-barsha/,pet transport in Al Barsha,related communities module: neighbouring area (Umm Suqeim↔Al Barsha),related-links module,P3
https://dubai-pet-relocation.ae/dubai/umm-suqeim/,https://dubai-pet-relocation.ae/dubai/al-quoz/,moving pets to or from Al Quoz,related communities module: neighbouring area (Umm Suqeim↔Al Quoz),related-links module,P3
https://dubai-pet-relocation.ae/dubai/downtown-dubai/,https://dubai-pet-relocation.ae/service/pet-transport-dubai/,local pet transport and pet taxi service,community page → pet transport service (local pickup/door-to-door),body context,P2
https://dubai-pet-relocation.ae/dubai/downtown-dubai/,https://dubai-pet-relocation.ae/dubai/business-bay/,pet transport in Business Bay,related communities module: neighbouring area (Downtown Dubai↔Business Bay),related-links module,P3
https://dubai-pet-relocation.ae/dubai/downtown-dubai/,https://dubai-pet-relocation.ae/dubai/jumeirah/,pet transport in Jumeirah,related communities module: neighbouring area (Downtown Dubai↔Jumeirah),related-links module,P3
https://dubai-pet-relocation.ae/dubai/downtown-dubai/,https://dubai-pet-relocation.ae/dubai/al-satwa/,Al Satwa pet relocation services,related communities module: neighbouring area (Downtown Dubai↔Al Satwa),related-links module,P3
https://dubai-pet-relocation.ae/dubai/business-bay/,https://dubai-pet-relocation.ae/service/pet-transport-dubai/,climate-controlled pet transport in Dubai,community page → pet transport service (local pickup/door-to-door),body context,P2
https://dubai-pet-relocation.ae/dubai/business-bay/,https://dubai-pet-relocation.ae/dubai/downtown-dubai/,pet transport in Downtown Dubai,related communities module: neighbouring area (Business Bay↔Downtown Dubai),related-links module,P3
https://dubai-pet-relocation.ae/dubai/business-bay/,https://dubai-pet-relocation.ae/dubai/bur-dubai/,moving pets to or from Bur Dubai,related communities module: neighbouring area (Business Bay↔Bur Dubai),related-links module,P3
https://dubai-pet-relocation.ae/dubai/business-bay/,https://dubai-pet-relocation.ae/dubai/al-quoz/,pet transport in Al Quoz,related communities module: neighbouring area (Business Bay↔Al Quoz),related-links module,P3
https://dubai-pet-relocation.ae/dubai/bur-dubai/,https://dubai-pet-relocation.ae/service/pet-transport-dubai/,pet transport across Dubai,community page → pet transport service (local pickup/door-to-door),body context,P2
https://dubai-pet-relocation.ae/dubai/bur-dubai/,https://dubai-pet-relocation.ae/dubai/deira/,Deira pet relocation services,related communities module: neighbouring area (Bur Dubai↔Deira),related-links module,P3
https://dubai-pet-relocation.ae/dubai/bur-dubai/,https://dubai-pet-relocation.ae/dubai/business-bay/,moving pets to or from Business Bay,related communities module: neighbouring area (Bur Dubai↔Business Bay),related-links module,P3
https://dubai-pet-relocation.ae/dubai/bur-dubai/,https://dubai-pet-relocation.ae/dubai/al-satwa/,relocating pets in Al Satwa,related communities module: neighbouring area (Bur Dubai↔Al Satwa),related-links module,P3
https://dubai-pet-relocation.ae/dubai/deira/,https://dubai-pet-relocation.ae/service/pet-transport-dubai/,local pet transport and pet taxi service,community page → pet transport service (local pickup/door-to-door),body context,P2
https://dubai-pet-relocation.ae/dubai/deira/,https://dubai-pet-relocation.ae/dubai/bur-dubai/,pet transport in Bur Dubai,related communities module: neighbouring area (Deira↔Bur Dubai),related-links module,P3
https://dubai-pet-relocation.ae/dubai/deira/,https://dubai-pet-relocation.ae/dubai/mirdif/,moving pets to or from Mirdif,related communities module: neighbouring area (Deira↔Mirdif),related-links module,P3
https://dubai-pet-relocation.ae/dubai/deira/,https://dubai-pet-relocation.ae/dubai/creek-harbour/,pet transport in Dubai Creek Harbour,related communities module: neighbouring area (Deira↔Dubai Creek Harbour),related-links module,P3
https://dubai-pet-relocation.ae/dubai/mirdif/,https://dubai-pet-relocation.ae/service/pet-transport-dubai/,climate-controlled pet transport in Dubai,community page → pet transport service (local pickup/door-to-door),body context,P2
https://dubai-pet-relocation.ae/dubai/mirdif/,https://dubai-pet-relocation.ae/dubai/deira/,relocating pets in Deira,related communities module: neighbouring area (Mirdif↔Deira),related-links module,P3
https://dubai-pet-relocation.ae/dubai/mirdif/,https://dubai-pet-relocation.ae/dubai/dubai-silicon-oasis/,moving pets to or from Dubai Silicon Oasis,related communities module: neighbouring area (Mirdif↔Dubai Silicon Oasis),related-links module,P3
https://dubai-pet-relocation.ae/dubai/mirdif/,https://dubai-pet-relocation.ae/dubai/dubailand/,pet transport in Dubailand,related communities module: neighbouring area (Mirdif↔Dubailand),related-links module,P3
https://dubai-pet-relocation.ae/dubai/dubai-silicon-oasis/,https://dubai-pet-relocation.ae/service/pet-transport-dubai/,pet transport across Dubai,community page → pet transport service (local pickup/door-to-door),body context,P2
https://dubai-pet-relocation.ae/dubai/dubai-silicon-oasis/,https://dubai-pet-relocation.ae/dubai/mirdif/,Mirdif pet relocation services,related communities module: neighbouring area (Dubai Silicon Oasis↔Mirdif),related-links module,P3
https://dubai-pet-relocation.ae/dubai/dubai-silicon-oasis/,https://dubai-pet-relocation.ae/dubai/dubailand/,moving pets to or from Dubailand,related communities module: neighbouring area (Dubai Silicon Oasis↔Dubailand),related-links module,P3
https://dubai-pet-relocation.ae/dubai/dubai-silicon-oasis/,https://dubai-pet-relocation.ae/dubai/dubai-production-city/,Dubai Production City pet relocation services,related communities module: neighbouring area (Dubai Silicon Oasis↔Dubai Production City),related-links module,P3
https://dubai-pet-relocation.ae/dubai/al-barsha/,https://dubai-pet-relocation.ae/service/pet-transport-dubai/,local pet transport and pet taxi service,community page → pet transport service (local pickup/door-to-door),body context,P2
https://dubai-pet-relocation.ae/dubai/al-barsha/,https://dubai-pet-relocation.ae/dubai/umm-suqeim/,relocating pets in Umm Suqeim,related communities module: neighbouring area (Al Barsha↔Umm Suqeim),related-links module,P3
https://dubai-pet-relocation.ae/dubai/al-barsha/,https://dubai-pet-relocation.ae/dubai/jvc/,moving pets to or from JVC,related communities module: neighbouring area (Al Barsha↔JVC),related-links module,P3
https://dubai-pet-relocation.ae/dubai/al-barsha/,https://dubai-pet-relocation.ae/dubai/al-quoz/,pet transport in Al Quoz,related communities module: neighbouring area (Al Barsha↔Al Quoz),related-links module,P3
https://dubai-pet-relocation.ae/dubai/al-quoz/,https://dubai-pet-relocation.ae/service/pet-transport-dubai/,climate-controlled pet transport in Dubai,community page → pet transport service (local pickup/door-to-door),body context,P2
https://dubai-pet-relocation.ae/dubai/al-quoz/,https://dubai-pet-relocation.ae/dubai/al-barsha/,relocating pets in Al Barsha,related communities module: neighbouring area (Al Quoz↔Al Barsha),related-links module,P3
https://dubai-pet-relocation.ae/dubai/al-quoz/,https://dubai-pet-relocation.ae/dubai/business-bay/,moving pets to or from Business Bay,related communities module: neighbouring area (Al Quoz↔Business Bay),related-links module,P3
https://dubai-pet-relocation.ae/dubai/al-quoz/,https://dubai-pet-relocation.ae/dubai/umm-suqeim/,pet transport in Umm Suqeim,related communities module: neighbouring area (Al Quoz↔Umm Suqeim),related-links module,P3
https://dubai-pet-relocation.ae/dubai/al-satwa/,https://dubai-pet-relocation.ae/service/pet-transport-dubai/,pet transport across Dubai,community page → pet transport service (local pickup/door-to-door),body context,P2
https://dubai-pet-relocation.ae/dubai/al-satwa/,https://dubai-pet-relocation.ae/dubai/jumeirah/,pet transport in Jumeirah,related communities module: neighbouring area (Al Satwa↔Jumeirah),related-links module,P3
https://dubai-pet-relocation.ae/dubai/al-satwa/,https://dubai-pet-relocation.ae/dubai/bur-dubai/,relocating pets in Bur Dubai,related communities module: neighbouring area (Al Satwa↔Bur Dubai),related-links module,P3
https://dubai-pet-relocation.ae/dubai/al-satwa/,https://dubai-pet-relocation.ae/dubai/downtown-dubai/,moving pets to or from Downtown Dubai,related communities module: neighbouring area (Al Satwa↔Downtown Dubai),related-links module,P3
https://dubai-pet-relocation.ae/dubai/jvc/,https://dubai-pet-relocation.ae/service/pet-transport-dubai/,local pet transport and pet taxi service,community page → pet transport service (local pickup/door-to-door),body context,P2
https://dubai-pet-relocation.ae/dubai/jvc/,https://dubai-pet-relocation.ae/dubai/jvt/,pet transport in JVT,related communities module: neighbouring area (JVC↔JVT),related-links module,P3
https://dubai-pet-relocation.ae/dubai/jvc/,https://dubai-pet-relocation.ae/dubai/al-barsha/,Al Barsha pet relocation services,related communities module: neighbouring area (JVC↔Al Barsha),related-links module,P3
https://dubai-pet-relocation.ae/dubai/jvc/,https://dubai-pet-relocation.ae/dubai/dubai-hills/,Dubai Hills Estate pet relocation services,related communities module: neighbouring area (JVC↔Dubai Hills Estate),related-links module,P3
https://dubai-pet-relocation.ae/dubai/jvt/,https://dubai-pet-relocation.ae/service/pet-transport-dubai/,climate-controlled pet transport in Dubai,community page → pet transport service (local pickup/door-to-door),body context,P2
https://dubai-pet-relocation.ae/dubai/jvt/,https://dubai-pet-relocation.ae/dubai/jvc/,moving pets to or from JVC,related communities module: neighbouring area (JVT↔JVC),related-links module,P3
https://dubai-pet-relocation.ae/dubai/jvt/,https://dubai-pet-relocation.ae/dubai/dubai-production-city/,relocating pets in Dubai Production City,related communities module: neighbouring area (JVT↔Dubai Production City),related-links module,P3
https://dubai-pet-relocation.ae/dubai/jvt/,https://dubai-pet-relocation.ae/dubai/dubai-hills/,pet transport in Dubai Hills Estate,related communities module: neighbouring area (JVT↔Dubai Hills Estate),related-links module,P3
https://dubai-pet-relocation.ae/dubai/dubai-hills/,https://dubai-pet-relocation.ae/service/pet-transport-dubai/,pet transport across Dubai,community page → pet transport service (local pickup/door-to-door),body context,P2
https://dubai-pet-relocation.ae/dubai/dubai-hills/,https://dubai-pet-relocation.ae/dubai/al-barsha/,moving pets to or from Al Barsha,related communities module: neighbouring area (Dubai Hills Estate↔Al Barsha),related-links module,P3
https://dubai-pet-relocation.ae/dubai/dubai-hills/,https://dubai-pet-relocation.ae/dubai/jvc/,JVC pet relocation services,related communities module: neighbouring area (Dubai Hills Estate↔JVC),related-links module,P3
https://dubai-pet-relocation.ae/dubai/dubai-hills/,https://dubai-pet-relocation.ae/dubai/meydan/,Meydan pet relocation services,related communities module: neighbouring area (Dubai Hills Estate↔Meydan),related-links module,P3
https://dubai-pet-relocation.ae/dubai/meydan/,https://dubai-pet-relocation.ae/service/pet-transport-dubai/,local pet transport and pet taxi service,community page → pet transport service (local pickup/door-to-door),body context,P2
https://dubai-pet-relocation.ae/dubai/meydan/,https://dubai-pet-relocation.ae/dubai/business-bay/,moving pets to or from Business Bay,related communities module: neighbouring area (Meydan↔Business Bay),related-links module,P3
https://dubai-pet-relocation.ae/dubai/meydan/,https://dubai-pet-relocation.ae/dubai/dubai-hills/,moving pets to or from Dubai Hills Estate,related communities module: neighbouring area (Meydan↔Dubai Hills Estate),related-links module,P3
https://dubai-pet-relocation.ae/dubai/meydan/,https://dubai-pet-relocation.ae/dubai/downtown-dubai/,relocating pets in Downtown Dubai,related communities module: neighbouring area (Meydan↔Downtown Dubai),related-links module,P3
https://dubai-pet-relocation.ae/dubai/arabian-ranches/,https://dubai-pet-relocation.ae/service/pet-transport-dubai/,climate-controlled pet transport in Dubai,community page → pet transport service (local pickup/door-to-door),body context,P2
https://dubai-pet-relocation.ae/dubai/arabian-ranches/,https://dubai-pet-relocation.ae/dubai/motor-city/,moving pets to or from Motor City,related communities module: neighbouring area (Arabian Ranches↔Motor City),related-links module,P3
https://dubai-pet-relocation.ae/dubai/arabian-ranches/,https://dubai-pet-relocation.ae/dubai/dubailand/,relocating pets in Dubailand,related communities module: neighbouring area (Arabian Ranches↔Dubailand),related-links module,P3
https://dubai-pet-relocation.ae/dubai/arabian-ranches/,https://dubai-pet-relocation.ae/dubai/mudon/,Mudon pet relocation services,related communities module: neighbouring area (Arabian Ranches↔Mudon),related-links module,P3
https://dubai-pet-relocation.ae/dubai/dubailand/,https://dubai-pet-relocation.ae/service/pet-transport-dubai/,pet transport across Dubai,community page → pet transport service (local pickup/door-to-door),body context,P2
https://dubai-pet-relocation.ae/dubai/dubailand/,https://dubai-pet-relocation.ae/dubai/arabian-ranches/,Arabian Ranches pet relocation services,related communities module: neighbouring area (Dubailand↔Arabian Ranches),related-links module,P3
https://dubai-pet-relocation.ae/dubai/dubailand/,https://dubai-pet-relocation.ae/dubai/mudon/,pet transport in Mudon,related communities module: neighbouring area (Dubailand↔Mudon),related-links module,P3
https://dubai-pet-relocation.ae/dubai/dubailand/,https://dubai-pet-relocation.ae/dubai/dubai-silicon-oasis/,relocating pets in Dubai Silicon Oasis,related communities module: neighbouring area (Dubailand↔Dubai Silicon Oasis),related-links module,P3
https://dubai-pet-relocation.ae/dubai/mudon/,https://dubai-pet-relocation.ae/service/pet-transport-dubai/,local pet transport and pet taxi service,community page → pet transport service (local pickup/door-to-door),body context,P2
https://dubai-pet-relocation.ae/dubai/mudon/,https://dubai-pet-relocation.ae/dubai/dubailand/,Dubailand pet relocation services,related communities module: neighbouring area (Mudon↔Dubailand),related-links module,P3
https://dubai-pet-relocation.ae/dubai/mudon/,https://dubai-pet-relocation.ae/dubai/damac-hills/,moving pets to or from DAMAC Hills,related communities module: neighbouring area (Mudon↔DAMAC Hills),related-links module,P3
https://dubai-pet-relocation.ae/dubai/mudon/,https://dubai-pet-relocation.ae/dubai/damac-hills-2/,DAMAC Hills 2 pet relocation services,related communities module: neighbouring area (Mudon↔DAMAC Hills 2),related-links module,P3
https://dubai-pet-relocation.ae/dubai/damac-hills/,https://dubai-pet-relocation.ae/service/pet-transport-dubai/,climate-controlled pet transport in Dubai,community page → pet transport service (local pickup/door-to-door),body context,P2
https://dubai-pet-relocation.ae/dubai/damac-hills/,https://dubai-pet-relocation.ae/dubai/damac-hills-2/,pet transport in DAMAC Hills 2,related communities module: neighbouring area (DAMAC Hills↔DAMAC Hills 2),related-links module,P3
https://dubai-pet-relocation.ae/dubai/damac-hills/,https://dubai-pet-relocation.ae/dubai/sports-city/,pet transport in Dubai Sports City,related communities module: neighbouring area (DAMAC Hills↔Dubai Sports City),related-links module,P3
https://dubai-pet-relocation.ae/dubai/damac-hills/,https://dubai-pet-relocation.ae/dubai/motor-city/,moving pets to or from Motor City,related communities module: neighbouring area (DAMAC Hills↔Motor City),related-links module,P3
https://dubai-pet-relocation.ae/dubai/damac-hills-2/,https://dubai-pet-relocation.ae/service/pet-transport-dubai/,pet transport across Dubai,community page → pet transport service (local pickup/door-to-door),body context,P2
https://dubai-pet-relocation.ae/dubai/damac-hills-2/,https://dubai-pet-relocation.ae/dubai/damac-hills/,moving pets to or from DAMAC Hills,related communities module: neighbouring area (DAMAC Hills 2↔DAMAC Hills),related-links module,P3
https://dubai-pet-relocation.ae/dubai/damac-hills-2/,https://dubai-pet-relocation.ae/dubai/dubailand/,relocating pets in Dubailand,related communities module: neighbouring area (DAMAC Hills 2↔Dubailand),related-links module,P3
https://dubai-pet-relocation.ae/dubai/damac-hills-2/,https://dubai-pet-relocation.ae/dubai/mudon/,moving pets to or from Mudon,related communities module: neighbouring area (DAMAC Hills 2↔Mudon),related-links module,P3
https://dubai-pet-relocation.ae/dubai/sports-city/,https://dubai-pet-relocation.ae/service/pet-transport-dubai/,local pet transport and pet taxi service,community page → pet transport service (local pickup/door-to-door),body context,P2
https://dubai-pet-relocation.ae/dubai/sports-city/,https://dubai-pet-relocation.ae/dubai/motor-city/,pet transport in Motor City,related communities module: neighbouring area (Dubai Sports City↔Motor City),related-links module,P3
https://dubai-pet-relocation.ae/dubai/sports-city/,https://dubai-pet-relocation.ae/dubai/victory-heights/,Victory Heights pet relocation services,related communities module: neighbouring area (Dubai Sports City↔Victory Heights),related-links module,P3
https://dubai-pet-relocation.ae/dubai/sports-city/,https://dubai-pet-relocation.ae/dubai/jvc/,moving pets to or from JVC,related communities module: neighbouring area (Dubai Sports City↔JVC),related-links module,P3
https://dubai-pet-relocation.ae/dubai/motor-city/,https://dubai-pet-relocation.ae/service/pet-transport-dubai/,climate-controlled pet transport in Dubai,community page → pet transport service (local pickup/door-to-door),body context,P2
https://dubai-pet-relocation.ae/dubai/motor-city/,https://dubai-pet-relocation.ae/dubai/sports-city/,Dubai Sports City pet relocation services,related communities module: neighbouring area (Motor City↔Dubai Sports City),related-links module,P3
https://dubai-pet-relocation.ae/dubai/motor-city/,https://dubai-pet-relocation.ae/dubai/arabian-ranches/,moving pets to or from Arabian Ranches,related communities module: neighbouring area (Motor City↔Arabian Ranches),related-links module,P3
https://dubai-pet-relocation.ae/dubai/motor-city/,https://dubai-pet-relocation.ae/dubai/victory-heights/,moving pets to or from Victory Heights,related communities module: neighbouring area (Motor City↔Victory Heights),related-links module,P3
https://dubai-pet-relocation.ae/dubai/victory-heights/,https://dubai-pet-relocation.ae/service/pet-transport-dubai/,pet transport across Dubai,community page → pet transport service (local pickup/door-to-door),body context,P2
https://dubai-pet-relocation.ae/dubai/victory-heights/,https://dubai-pet-relocation.ae/dubai/sports-city/,pet transport in Dubai Sports City,related communities module: neighbouring area (Victory Heights↔Dubai Sports City),related-links module,P3
https://dubai-pet-relocation.ae/dubai/victory-heights/,https://dubai-pet-relocation.ae/dubai/motor-city/,relocating pets in Motor City,related communities module: neighbouring area (Victory Heights↔Motor City),related-links module,P3
https://dubai-pet-relocation.ae/dubai/victory-heights/,https://dubai-pet-relocation.ae/dubai/dubai-investment-park/,Dubai Investment Park pet relocation services,related communities module: neighbouring area (Victory Heights↔Dubai Investment Park),related-links module,P3
https://dubai-pet-relocation.ae/dubai/dubai-south/,https://dubai-pet-relocation.ae/service/pet-transport-dubai/,local pet transport and pet taxi service,community page → pet transport service (local pickup/door-to-door),body context,P2
https://dubai-pet-relocation.ae/dubai/dubai-south/,https://dubai-pet-relocation.ae/dubai/emaar-south/,pet transport in Emaar South,related communities module: neighbouring area (Dubai South↔Emaar South),related-links module,P3
https://dubai-pet-relocation.ae/dubai/dubai-south/,https://dubai-pet-relocation.ae/dubai/dubai-investment-park/,pet transport in Dubai Investment Park,related communities module: neighbouring area (Dubai South↔Dubai Investment Park),related-links module,P3
https://dubai-pet-relocation.ae/dubai/dubai-south/,https://dubai-pet-relocation.ae/dubai/al-furjan/,pet transport in Al Furjan,related communities module: neighbouring area (Dubai South↔Al Furjan),related-links module,P3
https://dubai-pet-relocation.ae/dubai/emaar-south/,https://dubai-pet-relocation.ae/service/pet-transport-dubai/,climate-controlled pet transport in Dubai,community page → pet transport service (local pickup/door-to-door),body context,P2
https://dubai-pet-relocation.ae/dubai/emaar-south/,https://dubai-pet-relocation.ae/dubai/dubai-south/,moving pets to or from Dubai South,related communities module: neighbouring area (Emaar South↔Dubai South),related-links module,P3
https://dubai-pet-relocation.ae/dubai/emaar-south/,https://dubai-pet-relocation.ae/dubai/dubai-investment-park/,relocating pets in Dubai Investment Park,related communities module: neighbouring area (Emaar South↔Dubai Investment Park),related-links module,P3
https://dubai-pet-relocation.ae/dubai/emaar-south/,https://dubai-pet-relocation.ae/dubai/al-furjan/,moving pets to or from Al Furjan,related communities module: neighbouring area (Emaar South↔Al Furjan),related-links module,P3
https://dubai-pet-relocation.ae/dubai/dubai-investment-park/,https://dubai-pet-relocation.ae/service/pet-transport-dubai/,pet transport across Dubai,community page → pet transport service (local pickup/door-to-door),body context,P2
https://dubai-pet-relocation.ae/dubai/dubai-investment-park/,https://dubai-pet-relocation.ae/dubai/dubai-south/,pet transport in Dubai South,related communities module: neighbouring area (Dubai Investment Park↔Dubai South),related-links module,P3
https://dubai-pet-relocation.ae/dubai/dubai-investment-park/,https://dubai-pet-relocation.ae/dubai/dubai-production-city/,Dubai Production City pet relocation services,related communities module: neighbouring area (Dubai Investment Park↔Dubai Production City),related-links module,P3
https://dubai-pet-relocation.ae/dubai/dubai-investment-park/,https://dubai-pet-relocation.ae/dubai/victory-heights/,moving pets to or from Victory Heights,related communities module: neighbouring area (Dubai Investment Park↔Victory Heights),related-links module,P3
https://dubai-pet-relocation.ae/dubai/dubai-production-city/,https://dubai-pet-relocation.ae/service/pet-transport-dubai/,local pet transport and pet taxi service,community page → pet transport service (local pickup/door-to-door),body context,P2
https://dubai-pet-relocation.ae/dubai/dubai-production-city/,https://dubai-pet-relocation.ae/dubai/jvt/,moving pets to or from JVT,related communities module: neighbouring area (Dubai Production City↔JVT),related-links module,P3
https://dubai-pet-relocation.ae/dubai/dubai-production-city/,https://dubai-pet-relocation.ae/dubai/dubai-investment-park/,relocating pets in Dubai Investment Park,related communities module: neighbouring area (Dubai Production City↔Dubai Investment Park),related-links module,P3
https://dubai-pet-relocation.ae/dubai/dubai-production-city/,https://dubai-pet-relocation.ae/dubai/dubai-silicon-oasis/,Dubai Silicon Oasis pet relocation services,related communities module: neighbouring area (Dubai Production City↔Dubai Silicon Oasis),related-links module,P3
https://dubai-pet-relocation.ae/dubai/al-furjan/,https://dubai-pet-relocation.ae/service/pet-transport-dubai/,climate-controlled pet transport in Dubai,community page → pet transport service (local pickup/door-to-door),body context,P2
https://dubai-pet-relocation.ae/dubai/al-furjan/,https://dubai-pet-relocation.ae/dubai/dubai-investment-park/,pet transport in Dubai Investment Park,related communities module: neighbouring area (Al Furjan↔Dubai Investment Park),related-links module,P3
https://dubai-pet-relocation.ae/dubai/al-furjan/,https://dubai-pet-relocation.ae/dubai/dubai-south/,moving pets to or from Dubai South,related communities module: neighbouring area (Al Furjan↔Dubai South),related-links module,P3
https://dubai-pet-relocation.ae/dubai/al-furjan/,https://dubai-pet-relocation.ae/dubai/jvc/,pet transport in JVC,related communities module: neighbouring area (Al Furjan↔JVC),related-links module,P3
https://dubai-pet-relocation.ae/dubai/creek-harbour/,https://dubai-pet-relocation.ae/service/pet-transport-dubai/,pet transport across Dubai,community page → pet transport service (local pickup/door-to-door),body context,P2
https://dubai-pet-relocation.ae/dubai/creek-harbour/,https://dubai-pet-relocation.ae/dubai/deira/,Deira pet relocation services,related communities module: neighbouring area (Dubai Creek Harbour↔Deira),related-links module,P3
https://dubai-pet-relocation.ae/dubai/creek-harbour/,https://dubai-pet-relocation.ae/dubai/downtown-dubai/,pet transport in Downtown Dubai,related communities module: neighbouring area (Dubai Creek Harbour↔Downtown Dubai),related-links module,P3
https://dubai-pet-relocation.ae/dubai/creek-harbour/,https://dubai-pet-relocation.ae/dubai/mirdif/,pet transport in Mirdif,related communities module: neighbouring area (Dubai Creek Harbour↔Mirdif),related-links module,P3
https://dubai-pet-relocation.ae/routes/germany-to-dubai/,https://dubai-pet-relocation.ae/routes/france-to-dubai/,"the France to Dubai route, step by step",related-routes module: EU corridor cluster wiring (new-page inbound support),related-links module,P3
https://dubai-pet-relocation.ae/routes/germany-to-dubai/,https://dubai-pet-relocation.ae/routes/netherlands-to-dubai/,"the the Netherlands to Dubai route, step by step",related-routes module: EU corridor cluster wiring (new-page inbound support),related-links module,P3
https://dubai-pet-relocation.ae/routes/australia-to-dubai/,https://dubai-pet-relocation.ae/routes/singapore-to-dubai/,moving your pet from Singapore to Dubai,related-routes module: Asia-Pacific corridor wiring (new-page inbound support),related-links module,P3
https://dubai-pet-relocation.ae/routes/saudi-arabia-to-dubai/,https://dubai-pet-relocation.ae/routes/singapore-to-dubai/,"the Singapore to Dubai route, step by step",related-routes module: expat-corridor wiring (new-page inbound support),related-links module,P3
https://dubai-pet-relocation.ae/service/international-pet-relocation/,https://dubai-pet-relocation.ae/routes/saudi-arabia-to-dubai/,"the Saudi Arabia to Dubai route, step by step","international service → GCC corridor (competitor gap, no dedicated competitor pages)",body context,P2
https://dubai-pet-relocation.ae/service/pet-transport-dubai/,https://dubai-pet-relocation.ae/routes/dubai-to-saudi-arabia/,the Dubai to Saudi Arabia export route,transport service → Dubai–Saudi route (ground-transport option unique angle),body context,P3
https://dubai-pet-relocation.ae/routes/dubai-to-uk/,https://dubai-pet-relocation.ae/routes/dubai-to-germany/,the Dubai to Germany export route,related-routes module: other EU destinations (new-page inbound support),related-links module,P3
https://dubai-pet-relocation.ae/routes/dubai-to-usa/,https://dubai-pet-relocation.ae/routes/dubai-to-canada/,the Dubai to Canada export route,related-routes module: North America destinations (new-page inbound support),related-links module,P3
https://dubai-pet-relocation.ae/routes/dubai-to-india/,https://dubai-pet-relocation.ae/routes/dubai-to-philippines/,the Dubai to the Philippines export route,related-routes module: Asia expat corridors (new-page inbound support),related-links module,P3
https://dubai-pet-relocation.ae/routes/dubai-to-canada/,https://dubai-pet-relocation.ae/service/pet-export-dubai/,exporting your pet from the UAE,new route → commercial export service (money inlink),body context,P2
https://dubai-pet-relocation.ae/routes/dubai-to-australia/,https://dubai-pet-relocation.ae/service/pet-export-dubai/,Dubai pet export support,new route → commercial export service (money inlink),body context,P2
https://dubai-pet-relocation.ae/routes/,https://dubai-pet-relocation.ae/service/international-pet-relocation/,worldwide pet relocation service,route hub → international relocation service (commercial escalation),body context,P2
https://dubai-pet-relocation.ae/service/pet-import-dubai/,https://dubai-pet-relocation.ae/service/moccae-pet-permit/,MOCCAE import and export permit service,"import service → MOCCAE permit service (commercial cross-sell, ruling 5/10)",body context,P2
https://dubai-pet-relocation.ae/services/,https://dubai-pet-relocation.ae/,homepage overview,W3 accelerate: services hub → homepage inbound (≥3 homepage inlinks),body context,P1
https://dubai-pet-relocation.ae/routes/,https://dubai-pet-relocation.ae/,homepage overview,W3 accelerate: routes hub → homepage inbound,body context,P1
https://dubai-pet-relocation.ae/guides/,https://dubai-pet-relocation.ae/,homepage overview,W3 accelerate: guides hub → homepage inbound,body context,P1
https://dubai-pet-relocation.ae/dubai/,https://dubai-pet-relocation.ae/,homepage overview,W3 accelerate: dubai hub → homepage inbound,body context,P1
https://dubai-pet-relocation.ae/cities/,https://dubai-pet-relocation.ae/,homepage overview,W3 accelerate: cities hub → homepage inbound,body context,P1
https://dubai-pet-relocation.ae/routes/,https://dubai-pet-relocation.ae/services/,compare our service tiers,W3 accelerate: routes → services hub inbound,body context,P1
https://dubai-pet-relocation.ae/guides/,https://dubai-pet-relocation.ae/services/,compare our service tiers,W3 accelerate: guides → services hub inbound,body context,P1
https://dubai-pet-relocation.ae/dubai/,https://dubai-pet-relocation.ae/services/,compare our service tiers,W3 accelerate: dubai → services hub inbound,body context,P1
https://dubai-pet-relocation.ae/cities/,https://dubai-pet-relocation.ae/services/,compare our service tiers,W3 accelerate: cities → services hub inbound,body context,P1
https://dubai-pet-relocation.ae/routes/,https://dubai-pet-relocation.ae/service/pet-relocation-to-dubai/,bringing your pet to Dubai,W3 accelerate: routes hub → inbound directional (P1 inbound support),body context,P1
https://dubai-pet-relocation.ae/routes/,https://dubai-pet-relocation.ae/service/pet-relocation-from-dubai/,leaving Dubai with your pet,W3 accelerate: routes hub → outbound directional (P1 inbound support),body context,P1
https://dubai-pet-relocation.ae/routes/,https://dubai-pet-relocation.ae/service/pet-transport-dubai/,local pet transport and pet taxi service,W3 accelerate: routes → pet taxi/transport P1 inbound,body context,P1
https://dubai-pet-relocation.ae/guides/,https://dubai-pet-relocation.ae/service/pet-transport-dubai/,local pet transport and pet taxi service,W3 accelerate: guides → pet taxi/transport P1 inbound,body context,P1
https://dubai-pet-relocation.ae/guides/,https://dubai-pet-relocation.ae/service/pet-relocation-dubai/,our Dubai pet relocation service,W3 accelerate: guides → money head P1 inbound,body context,P1
https://dubai-pet-relocation.ae/cities/,https://dubai-pet-relocation.ae/service/pet-relocation-dubai/,door-to-door pet relocation in Dubai,W3 accelerate: cities → money head P1 inbound,body context,P1
https://dubai-pet-relocation.ae/cities/,https://dubai-pet-relocation.ae/service/pet-transport-dubai/,pet transport across Dubai,W3 accelerate: cities → transport/pet taxi P1 inbound,body context,P1
