URL,Page Type,Primary Keyword,Secondary Keywords,Intent,Current Title,Recommended Title,Current H1,Recommended H1,Current Word Count,Recommended Content Depth,Index Status,Canonical,Internal Links In,Internal Links Out,Competing URLs,Quality Score,Freshness Score,Regulatory Risk,E-E-A-T Score,Conversion Score,Image Score,Schema,Action,Action Detail
https://dubai-pet-relocation.ae/,home,pet relocation Dubai,pet relocation UAE; pet relocation services Dubai; dog/cat relocation Dubai,commercial (category entry),"Pet Relocation Dubai — Transparent, Safe, Expert",Pet Relocation Dubai — Transparent Coordination for Dogs & Cats (2026),"Pet Relocation Dubai, Made Clear and Safe","Pet Relocation Dubai, Made Clear and Safe",10052,"~2,500-3,000 words (cut from 10,052 — move detail sections to hubs/service pages)",index,https://dubai-pet-relocation.ae/,80,80,"/service/pet-relocation-dubai/ (both target ""pet relocation Dubai"")",7,7,"High — homepage states titer ""90-day waiting period"" and permit-validity template; trust claims unverified (400+ pets, 4.9 stars, 0 errors, 15-min reply, 24/7, 50+ countries)",6,9,8,Organization | WebSite | LocalBusiness | BreadcrumbList | ItemList | FAQPage,REFRESH,Q7: comprehensive but bloated (10k words duplicating service/guide/local bodies) and repeats 90-day permit template; F7: 2026-dated; strip unverified trust bar claims until verified per trust-claims-register; implement homepage-ia.md structure; de-duplicate vs /service/pet-relocation-dubai/
https://dubai-pet-relocation.ae/service/pet-relocation-dubai/,service,pet relocation Dubai,pet relocation services Dubai; pet shipping Dubai; pet cargo Dubai; pet movers Dubai,commercial,Pet Relocation Dubai | Trusted Pet Transport Service,Pet Relocation Dubai | Door-to-Door Dog & Cat Relocation (2026),Comprehensive Pet Relocation Services in Dubai,"Pet Relocation in Dubai — Door-to-Door, Transparently Priced",892,"2,000-2,500 words (from 892)",index,https://dubai-pet-relocation.ae/service/pet-relocation-dubai/,80,44,/ (homepage); /dubai/ hub; /cities/dubai/ (until merged),5,7,"High — repeats VETO claim ""MOCCAE permit valid 90 days"" (first-party says 30 days; verify on MOCCAE portal then fix)",6,8,6,Organization | WebSite | BreadcrumbList | Service | FAQPage | HowTo,EXPAND,"Q5: money head term (900/mo est.) served by only 892 words — thinnest money page vs Foufoufly depth-5; EXPAND per brief ruling 1; fold ""pet shipping/cargo Dubai"" secondaries (brief ruling 11); add cost table, route cards, verified trust signals"
https://dubai-pet-relocation.ae/service/pet-import-dubai/,service,pet import Dubai,pet import UAE; how to import a pet to UAE; MOCCAE import permit application,commercial,Pet Import Dubai | Bring Your Pet to the UAE,Pet Import Dubai | MOCCAE Permit & Customs Clearance (2026),Pet Import Services in Dubai,Pet Import Services in Dubai,2690,"keep ~2,700 words",index,https://dubai-pet-relocation.ae/service/pet-import-dubai/,80,44,"/guides/uae-pet-import-requirements/ (informational twin — cross-link, do not duplicate rules tables)",8,7,"High — repeats VETO claim ""MOCCAE permit valid 90 days"" (first-party says 30 days; verify on MOCCAE portal then fix)",6,8,6,Organization | WebSite | BreadcrumbList | Service | FAQPage | HowTo,REFRESH,"Q8: 2,690 words, strong structure; REFRESH = fix 90-day permit-validity VETO (2 instances), verify AED 200 vs 500 fee conflict, keep commercial intent distinct from guide (brief ruling 5)"
https://dubai-pet-relocation.ae/service/pet-export-dubai/,service,pet export Dubai,pet export UAE; cost to export pet from Dubai; leaving Dubai with pets,commercial,Pet Export Dubai | Leave the UAE With Your Pet,Pet Export Dubai | MOCCAE Export Certificate & Flight Booking (2026),Pet Export Services from Dubai,Pet Export Services from Dubai,1821,"keep ~1,800-2,200 words",index,https://dubai-pet-relocation.ae/service/pet-export-dubai/,80,44,/service/pet-relocation-from-dubai/ (directional twin — keep departure-side commercial focus),7,7,Medium — fee/regulatory figures need first-party verification (see detail),6,8,6,Organization | WebSite | BreadcrumbList | Service | FAQPage | HowTo,REFRESH,"Q7: solid 1,821 words; REFRESH = verify export health certificate fee (first-party AED 100/personal consignment vs site ""300-700""), processing ""1 working day"", 30-day certificate validity; link new /guides/pet-export-from-dubai/"
https://dubai-pet-relocation.ae/service/pet-transport-dubai/,service,pet transport Dubai,pet taxi Dubai; pet transport UAE; pet transport Dubai to Abu Dhabi; MOCCAE approved pet transport Dubai,commercial/local,Pet Transport Dubai | Safe Animal Transport,Pet Transport Dubai | Local & Inter-Emirate Pet Transport (2026),Professional Pet Transport Services in Dubai,Pet Transport Services in Dubai and the UAE,1473,"1,800-2,200 words (from 1,473)",index,https://dubai-pet-relocation.ae/service/pet-transport-dubai/,80,44,/dubai/* local pages (transport sections — differentiate: service page owns emirate-wide + pet-taxi crossover),6,7,Medium — fee/regulatory figures need first-party verification (see detail),6,8,6,Organization | WebSite | BreadcrumbList | Service | FAQPage,EXPAND,"Q6: good base; EXPAND to capture ""pet taxi Dubai"" (170/mo, owned by Falcon Vet with AED price tables) — add transparent local AED pricing, district coverage table, airport-transfer rates; inter-emirate (DXB-AUH 50/mo cluster)"
https://dubai-pet-relocation.ae/service/international-pet-relocation/,service,international pet relocation Dubai,international pet relocation UAE; pet shipping Dubai; worldwide pet relocation,commercial,International Pet Relocation Dubai | Global Service,International Pet Relocation from Dubai | 50+ Countries (2026),Global Pet Relocation Services,International Pet Relocation Services from Dubai,1549,"2,000-2,500 words (from 1,549)",index,https://dubai-pet-relocation.ae/service/international-pet-relocation/,80,44,/service/pet-relocation-dubai/ (money head); /routes/* (route-specific intent),6,7,Medium — fee/regulatory figures need first-party verification (see detail),6,8,6,Organization | WebSite | BreadcrumbList | Service | FAQPage,EXPAND,"Q6: EXPAND per brief ruling 4; add ""pet shipping/cargo Dubai"" secondaries (ruling 11), airline-selection framework, link all 21 route pages; do not claim unverified country counts"
https://dubai-pet-relocation.ae/service/pet-relocation-to-dubai/,service,pet relocation to Dubai,moving to Dubai with pets; moving to Dubai with a dog; bringing pets to Dubai,commercial/informational (inbound directional),Pet Relocation to Dubai | Step-by-Step Import Guide,Pet Relocation to Dubai | Arrival-Side Import Guide (2026),Bringing Pets to Dubai from Anywhere,Bringing Pets to Dubai from Anywhere,2073,"keep ~2,100-2,400 words",index,https://dubai-pet-relocation.ae/service/pet-relocation-to-dubai/,80,44,/service/pet-import-dubai/; /cities/dubai/ (until merged); /dog-relocation-to-dubai/,7,7,"High — repeats VETO claim ""MOCCAE permit valid 90 days"" (first-party says 30 days; verify on MOCCAE portal then fix)",6,8,6,Organization | WebSite | BreadcrumbList | Service | FAQPage | HowTo,REFRESH,"Q7: 2,073 words; REFRESH = fix 90-day permit-validity VETO; sharpen inbound-only focus (arrival, permit, settling in) per brief ruling 2 to deconflict from /service/pet-import-dubai/"
https://dubai-pet-relocation.ae/service/pet-relocation-from-dubai/,service,pet relocation from Dubai,leaving Dubai with pets; pet export Dubai; moving pets out of UAE,commercial/informational (outbound directional),Pet Relocation from Dubai | Step-by-Step Export Guide,Pet Relocation from Dubai | Departure-Side Export Guide (2026),Moving Pets Out of Dubai,Moving Pets Out of Dubai,1721,"keep ~1,700-2,000 words",index,https://dubai-pet-relocation.ae/service/pet-relocation-from-dubai/,80,44,"/service/pet-export-dubai/ (keep this page journey/informational, export page commercial)",7,7,Medium — fee/regulatory figures need first-party verification (see detail),6,8,6,Organization | WebSite | BreadcrumbList | Service | FAQPage | HowTo,REFRESH,"Q7: 1,721 words; REFRESH = verify export cert fee (AED 100 first-party vs 300-700 stated); departure-side differentiation per ruling 3; link outbound route pages"
https://dubai-pet-relocation.ae/service/dog-relocation-dubai/,service,dog relocation Dubai,dog relocation UAE; large dog relocation Dubai; dog transport Dubai,commercial (species),"Dog Relocation Dubai | Breed, Crate & Airline Rules","Dog Relocation Dubai | Breed Checks, Crates & Airline Rules (2026)",Dog Relocation Services in Dubai,Dog Relocation Services in Dubai,2276,"keep ~2,300 words",index,https://dubai-pet-relocation.ae/service/dog-relocation-dubai/,80,44,/dog-relocation-to-dubai/ (inbound directional twin — ruling 8); /guides/banned-dog-breeds-dubai/,8,7,"High — repeats VETO claim ""MOCCAE permit valid 90 days"" (first-party says 30 days; verify on MOCCAE portal then fix)",7,8,6,Organization | WebSite | BreadcrumbList | Service | FAQPage,REFRESH,"Q8: 2,276 words, good unique sections; REFRESH = fix 90-day permit-validity VETO; verify breed-ban list against Federal Law 22/2016 Annex 2 + Decree 190/2021"
https://dubai-pet-relocation.ae/service/cat-relocation-dubai/,service,cat relocation Dubai,cat relocation UAE; cat transport Dubai; flying Persian cat to Dubai,commercial (species),"Cat Relocation Dubai | Calm, Safe Cat Travel","Cat Relocation Dubai | Calm, Safe Cat Travel (2026)",Cat Relocation Services in Dubai,Cat Relocation Services in Dubai,2215,"keep ~2,200 words",index,https://dubai-pet-relocation.ae/service/cat-relocation-dubai/,80,44,/cat-relocation-to-dubai/ (inbound twin — ruling 9),8,7,"High — repeats VETO claim ""MOCCAE permit valid 90 days"" (first-party says 30 days; verify on MOCCAE portal then fix)",7,8,6,Organization | WebSite | BreadcrumbList | Service | FAQPage,REFRESH,"Q8: 2,215 words; REFRESH = fix 90-day permit-validity VETO; otherwise strong (sedation guidance, carrier acclimation)"
https://dubai-pet-relocation.ae/service/moccae-pet-permit/,service,MOCCAE pet permit,MOCCAE pet import permit; MOCCAE pet export permit; express MOCCAE permit,commercial (permit assistance),MOCCAE Pet Permit Dubai | Import & Export Permit Help,MOCCAE Pet Permit Service | Import & Export Permits (2026),MOCCAE Import and Export Permit Assistance,MOCCAE Import and Export Permit Assistance,2084,"keep ~2,100 words",index,https://dubai-pet-relocation.ae/service/moccae-pet-permit/,80,44,"/guides/moccae-import-permit/ (informational twin — ruling 10; guide is linkable asset, this is the service)",7,6,"High — repeats VETO claim ""MOCCAE permit valid 90 days"" (first-party says 30 days; verify on MOCCAE portal then fix)",6,8,6,Organization | WebSite | BreadcrumbList | Service | FAQPage | HowTo,REFRESH,"Q7 but REGULATORY-BLOCKING: 90-day validity VETO appears twice (""Processing Time and Validity"" section); fee conflict AED 200 vs 500 must be verified on MOCCAE portal; fix before any rewrite; F6: regulatory date-sensitivity high"
https://dubai-pet-relocation.ae/dubai/,local-hub,pet relocation Dubai (community coverage),pet relocation Dubai Marina; pet relocation Palm Jumeirah; pet relocation JLT; Dubai communities pet transport,commercial/navigational (hub),"Pet Relocation Dubai | Every Community, Door-to-Door","Pet Relocation Dubai | Every Community Covered, Door-to-Door (2026)",Pet Relocation Across Every Community in Dubai,Pet Relocation Across Every Community in Dubai,523,"1,200-1,800 words (from 523) — community directory with unique 2-3-line blurbs per kept area + emirate-level rules absorbed from /cities/dubai/",index,https://dubai-pet-relocation.ae/dubai/,80,77,/cities/dubai/ (MERGE source); /service/pet-relocation-dubai/,5,7,"High — repeats VETO claim ""MOCCAE permit valid 90 days"" (first-party says 30 days; verify on MOCCAE portal then fix)",5,8,5,Organization | WebSite | BreadcrumbList | LocalBusiness,EXPAND,"HUB GRADE A — 523 words is too thin for the hub that 40 community pages roll up to; EXPAND into a real directory (group communities: marina/coastal, villa suburbs, new developments, old Dubai); absorb Dubai Municipality/emirate-level content from /cities/dubai/ on merge; fix 90-day VETO claim"
https://dubai-pet-relocation.ae/dubai/dubai-marina/,local,pet relocation Dubai Marina,pet transport Dubai Marina; dog & cat transport Dubai Marina,commercial/local,Pet Relocation Dubai Marina | Dog & Cat Transport,Pet Relocation Dubai Marina | Dog & Cat Relocation (2026),Pet Relocation in Dubai Marina,Pet Relocation in Dubai Marina,985,"1,800-2,200 words of UNIQUE content (from ~985)",index,https://dubai-pet-relocation.ae/dubai/dubai-marina/,80,77,other /dubai/* pages (shared template ~50% on ND pairs); /service/pet-relocation-dubai/,5,7,"High — repeats VETO claim ""MOCCAE permit valid 90 days"" (first-party says 30 days; verify on MOCCAE portal then fix)",5,7,5,Organization | WebSite | BreadcrumbList | LocalBusiness | FAQPage,EXPAND,"GRADE A (keep+strengthen). Q5: ~985 words, partially templated; expand with unique local utility: high-rise/tower access, lifts & lobby rules, marina promenade dog rules, DXB routing ~30 min; add verified nearby vets, pickup logistics, DXB/DWC routing, unique FAQs; fix 90-day VETO claim"
https://dubai-pet-relocation.ae/dubai/jlt/,local,pet relocation Jumeirah Lakes Towers (JLT),pet transport Jumeirah Lakes Towers (JLT); dog & cat transport Jumeirah Lakes Towers (JLT),commercial/local,Pet Relocation Jumeirah Lakes Towers (JLT) | Dog & Cat Transport,Pet Relocation Jumeirah Lakes Towers (JLT) | Dog & Cat Transport,Pet Relocation in Jumeirah Lakes Towers (JLT),Pet Relocation in Jumeirah Lakes Towers (JLT),1077,"1,800-2,200 words of UNIQUE content (from ~1077)",index,https://dubai-pet-relocation.ae/dubai/jlt/,41,77,other /dubai/* pages (shared template ~50% on ND pairs); /service/pet-relocation-dubai/,5,7,"High — repeats VETO claim ""MOCCAE permit valid 90 days"" (first-party says 30 days; verify on MOCCAE portal then fix)",5,7,5,Organization | WebSite | BreadcrumbList | LocalBusiness | FAQPage,EXPAND,"GRADE A (keep+strengthen). Q5: ~1077 words, partially templated; expand with unique local utility: cluster-tower logistics, lakeside dog park proximity, DMCC community rules; add verified nearby vets, pickup logistics, DXB/DWC routing, unique FAQs; fix 90-day VETO claim"
https://dubai-pet-relocation.ae/dubai/jbr/,local,pet relocation JBR,pet transport JBR; dog & cat transport JBR,commercial/local,Pet Relocation JBR | Dog & Cat Transport,Pet Relocation JBR | Dog & Cat Relocation (2026),Pet Relocation in JBR,Pet Relocation in JBR,1563,"1,800-2,200 words of UNIQUE content (from ~1563)",index,https://dubai-pet-relocation.ae/dubai/jbr/,41,77,other /dubai/* pages (shared template ~50% on ND pairs); /service/pet-relocation-dubai/,6,7,"High — repeats VETO claim ""MOCCAE permit valid 90 days"" (first-party says 30 days; verify on MOCCAE portal then fix)",5,7,5,Organization | WebSite | BreadcrumbList | LocalBusiness | FAQPage,EXPAND,"GRADE A (keep+strengthen). Q6: ~1563 words, partially templated; expand with unique local utility: beachfront towers, The Walk pet rules, Bluewaters adjacency (absorbs bluewaters content on merge); add verified nearby vets, pickup logistics, DXB/DWC routing, unique FAQs; fix 90-day VETO claim"
https://dubai-pet-relocation.ae/dubai/palm-jumeirah/,local,pet relocation Palm Jumeirah,pet transport Palm Jumeirah; dog & cat transport Palm Jumeirah,commercial/local,Pet Relocation Palm Jumeirah | Dog & Cat Transport,Pet Relocation Palm Jumeirah | Dog & Cat Relocation (2026),Pet Relocation in Palm Jumeirah,Pet Relocation in Palm Jumeirah,1508,"1,800-2,200 words of UNIQUE content (from ~1508)",index,https://dubai-pet-relocation.ae/dubai/palm-jumeirah/,80,77,other /dubai/* pages (shared template ~50% on ND pairs); /service/pet-relocation-dubai/,6,7,"High — repeats VETO claim ""MOCCAE permit valid 90 days"" (first-party says 30 days; verify on MOCCAE portal then fix)",5,7,5,Organization | WebSite | BreadcrumbList | LocalBusiness | FAQPage,EXPAND,"GRADE A (keep+strengthen). Q6: ~1508 words, partially templated; expand with unique local utility: frond villa access gates, Nakheel community rules, longer DXB routing, monorail/trunk access; add verified nearby vets, pickup logistics, DXB/DWC routing, unique FAQs; fix 90-day VETO claim"
https://dubai-pet-relocation.ae/dubai/downtown-dubai/,local,pet relocation Downtown Dubai,pet transport Downtown Dubai; dog & cat transport Downtown Dubai,commercial/local,Pet Relocation Downtown Dubai | Dog & Cat Transport,Pet Relocation Downtown Dubai | Dog & Cat Relocation (2026),Pet Relocation in Downtown Dubai,Pet Relocation in Downtown Dubai,1586,"1,800-2,200 words of UNIQUE content (from ~1586)",index,https://dubai-pet-relocation.ae/dubai/downtown-dubai/,80,77,other /dubai/* pages (shared template ~50% on ND pairs); /service/pet-relocation-dubai/,6,7,"High — repeats VETO claim ""MOCCAE permit valid 90 days"" (first-party says 30 days; verify on MOCCAE portal then fix)",5,7,5,Organization | WebSite | BreadcrumbList | LocalBusiness | FAQPage,EXPAND,"GRADE A (keep+strengthen). Q6: ~1586 words, partially templated; expand with unique local utility: boulevard/apartment towers, Burj area building pet policies, absorbs city-walk content on merge; add verified nearby vets, pickup logistics, DXB/DWC routing, unique FAQs; fix 90-day VETO claim"
https://dubai-pet-relocation.ae/dubai/business-bay/,local,pet relocation Business Bay,pet transport Business Bay; dog & cat transport Business Bay,commercial/local,Pet Relocation Business Bay | Dog & Cat Transport,Pet Relocation Business Bay | Dog & Cat Relocation (2026),Pet Relocation in Business Bay,Pet Relocation in Business Bay,1159,"1,800-2,200 words of UNIQUE content (from ~1159)",index,https://dubai-pet-relocation.ae/dubai/business-bay/,80,77,other /dubai/* pages (shared template ~50% on ND pairs); /service/pet-relocation-dubai/,6,7,"High — repeats VETO claim ""MOCCAE permit valid 90 days"" (first-party says 30 days; verify on MOCCAE portal then fix)",5,7,5,Organization | WebSite | BreadcrumbList | LocalBusiness | FAQPage,EXPAND,"GRADE A (keep+strengthen; breaks ND1). Q6: ~1159 words, partially templated; expand with unique local utility: commercial-residential towers, canal-side buildings, ND1 differentiation = high-rise corporate angle (vs bur-dubai old-city angle); add verified nearby vets, pickup logistics, DXB/DWC routing, unique FAQs; fix 90-day VETO claim"
https://dubai-pet-relocation.ae/dubai/jumeirah/,local,pet relocation Jumeirah,pet transport Jumeirah; dog & cat transport Jumeirah,commercial/local,Pet Relocation Jumeirah | Dog & Cat Transport,Pet Relocation Jumeirah | Dog & Cat Relocation (2026),Pet Relocation in Jumeirah,Pet Relocation in Jumeirah,1488,"1,800-2,200 words of UNIQUE content (from ~1488)",index,https://dubai-pet-relocation.ae/dubai/jumeirah/,80,77,other /dubai/* pages (shared template ~50% on ND pairs); /service/pet-relocation-dubai/,6,7,"High — repeats VETO claim ""MOCCAE permit valid 90 days"" (first-party says 30 days; verify on MOCCAE portal then fix)",5,7,5,Organization | WebSite | BreadcrumbList | LocalBusiness | FAQPage,EXPAND,"GRADE A (keep+strengthen). Q6: ~1488 words, partially templated; expand with unique local utility: beachfront villas, Jumeirah 1-3 sub-areas, absorbs port-de-la-mer content on merge; add verified nearby vets, pickup logistics, DXB/DWC routing, unique FAQs; fix 90-day VETO claim"
https://dubai-pet-relocation.ae/dubai/arabian-ranches/,local,pet relocation Arabian Ranches,pet transport Arabian Ranches; dog & cat transport Arabian Ranches,commercial/local,Pet Relocation Arabian Ranches | Dog & Cat Transport,Pet Relocation Arabian Ranches | Dog & Cat Relocation (2026),Pet Relocation in Arabian Ranches,Pet Relocation in Arabian Ranches,1089,"1,800-2,200 words of UNIQUE content (from ~1089)",index,https://dubai-pet-relocation.ae/dubai/arabian-ranches/,80,77,other /dubai/* pages (shared template ~50% on ND pairs); /service/pet-relocation-dubai/,5,7,"High — repeats VETO claim ""MOCCAE permit valid 90 days"" (first-party says 30 days; verify on MOCCAE portal then fix)",5,7,5,Organization | WebSite | BreadcrumbList | LocalBusiness | FAQPage,EXPAND,"GRADE A (keep+strengthen; breaks ND3). Q5: ~1089 words, partially templated; expand with unique local utility: gated villa community, Ranches 1/2/3, pet-friendly golf community, ND3 differentiation = community-level (dubailand becomes district hub); add verified nearby vets, pickup logistics, DXB/DWC routing, unique FAQs; fix 90-day VETO claim"
https://dubai-pet-relocation.ae/dubai/dubai-hills/,local,pet relocation Dubai Hills Estate,pet transport Dubai Hills Estate; dog & cat transport Dubai Hills Estate,commercial/local,Pet Relocation Dubai Hills Estate | Dog & Cat Transport,Pet Relocation Dubai Hills Estate | Dog & Cat Relocation (2026),Pet Relocation in Dubai Hills Estate,Pet Relocation in Dubai Hills Estate,1085,"1,800-2,200 words of UNIQUE content (from ~1085)",index,https://dubai-pet-relocation.ae/dubai/dubai-hills/,41,77,other /dubai/* pages (shared template ~50% on ND pairs); /service/pet-relocation-dubai/,5,7,"High — repeats VETO claim ""MOCCAE permit valid 90 days"" (first-party says 30 days; verify on MOCCAE portal then fix)",5,7,5,Organization | WebSite | BreadcrumbList | LocalBusiness | FAQPage,EXPAND,"GRADE A (keep+strengthen; breaks ND4). Q5: ~1085 words, partially templated; expand with unique local utility: park access, villa+apartment mix, ND4 differentiation = family park community (vs meydan racing/horses); add verified nearby vets, pickup logistics, DXB/DWC routing, unique FAQs; fix 90-day VETO claim"
https://dubai-pet-relocation.ae/dubai/jvc/,local,pet relocation Jumeirah Village Circle (JVC),pet transport Jumeirah Village Circle (JVC); dog & cat transport Jumeirah Village Circle (JVC),commercial/local,Pet Relocation JVC | Dog & Cat Transport,Pet Relocation JVC | Dog & Cat Relocation (2026),Pet Relocation in Jumeirah Village Circle (JVC),Pet Relocation in Jumeirah Village Circle (JVC),1106,"1,800-2,200 words of UNIQUE content (from ~1106)",index,https://dubai-pet-relocation.ae/dubai/jvc/,80,77,other /dubai/* pages (shared template ~50% on ND pairs); /service/pet-relocation-dubai/,6,7,"High — repeats VETO claim ""MOCCAE permit valid 90 days"" (first-party says 30 days; verify on MOCCAE portal then fix)",5,7,5,Organization | WebSite | BreadcrumbList | LocalBusiness | FAQPage,EXPAND,"GRADE A (keep+strengthen). Q6: ~1106 words, partially templated; expand with unique local utility: high-density pet-popular mid-market, circle layout, many pet owners — strongest B-grade demand signal; add verified nearby vets, pickup logistics, DXB/DWC routing, unique FAQs; fix 90-day VETO claim"
https://dubai-pet-relocation.ae/dubai/al-barsha/,local,pet relocation Al Barsha,pet transport Al Barsha; dog & cat transport Al Barsha,commercial/local,Pet Relocation Al Barsha | Dog & Cat Transport,Pet Relocation Al Barsha | Dog & Cat Relocation (2026),Pet Relocation in Al Barsha,Pet Relocation in Al Barsha,1192,"1,800-2,200 words of UNIQUE content (from ~1192)",index,https://dubai-pet-relocation.ae/dubai/al-barsha/,41,77,other /dubai/* pages (shared template ~50% on ND pairs); /service/pet-relocation-dubai/,6,7,"High — repeats VETO claim ""MOCCAE permit valid 90 days"" (first-party says 30 days; verify on MOCCAE portal then fix)",5,7,5,Organization | WebSite | BreadcrumbList | LocalBusiness | FAQPage,EXPAND,"GRADE A (keep+strengthen). Q6: ~1192 words, partially templated; expand with unique local utility: Barsha 1/2/3, Mall of the Emirates area, vet density; add verified nearby vets, pickup logistics, DXB/DWC routing, unique FAQs; fix 90-day VETO claim"
https://dubai-pet-relocation.ae/dubai/mirdif/,local,pet relocation Mirdif,pet transport Mirdif; dog & cat transport Mirdif,commercial/local,Pet Relocation Mirdif | Dog & Cat Transport,Pet Relocation Mirdif | Dog & Cat Relocation (2026),Pet Relocation in Mirdif,Pet Relocation in Mirdif,1063,"1,800-2,200 words of UNIQUE content (from ~1063)",index,https://dubai-pet-relocation.ae/dubai/mirdif/,41,77,other /dubai/* pages (shared template ~50% on ND pairs); /service/pet-relocation-dubai/,5,7,"High — repeats VETO claim ""MOCCAE permit valid 90 days"" (first-party says 30 days; verify on MOCCAE portal then fix)",5,7,5,Organization | WebSite | BreadcrumbList | LocalBusiness | FAQPage,EXPAND,"GRADE A (keep+strengthen). Q5: ~1063 words, partially templated; expand with unique local utility: villa suburb near DXB, airport-adjacent collection logistics; add verified nearby vets, pickup logistics, DXB/DWC routing, unique FAQs; fix 90-day VETO claim"
https://dubai-pet-relocation.ae/dubai/dubai-south/,local,pet relocation Dubai South,pet transport Dubai South; dog & cat transport Dubai South,commercial/local,Pet Relocation Dubai South | Dog & Cat Transport,Pet Relocation Dubai South | Dog & Cat Relocation (2026),Pet Relocation in Dubai South,Pet Relocation in Dubai South,1100,"1,800-2,200 words of UNIQUE content (from ~1100)",index,https://dubai-pet-relocation.ae/dubai/dubai-south/,41,77,other /dubai/* pages (shared template ~50% on ND pairs); /service/pet-relocation-dubai/,6,7,"High — repeats VETO claim ""MOCCAE permit valid 90 days"" (first-party says 30 days; verify on MOCCAE portal then fix)",5,7,5,Organization | WebSite | BreadcrumbList | LocalBusiness | FAQPage,EXPAND,"GRADE A (keep+strengthen). Q6: ~1100 words, partially templated; expand with unique local utility: DWC/Al Maktoum airport cargo angle — already has unique DWC section; add verified nearby vets, pickup logistics, DXB/DWC routing, unique FAQs; fix 90-day VETO claim"
https://dubai-pet-relocation.ae/dubai/deira/,local,pet relocation Deira,pet transport Deira; dog & cat transport Deira,commercial/local,Pet Relocation Deira | Dog & Cat Transport,Pet Relocation Deira | Dog & Cat Relocation (2026),Pet Relocation in Deira,Pet Relocation in Deira,1019,"1,800-2,200 words of UNIQUE content (from ~1019)",index,https://dubai-pet-relocation.ae/dubai/deira/,41,77,other /dubai/* pages (shared template ~50% on ND pairs); /service/pet-relocation-dubai/,5,7,"High — repeats VETO claim ""MOCCAE permit valid 90 days"" (first-party says 30 days; verify on MOCCAE portal then fix)",5,7,5,Organization | WebSite | BreadcrumbList | LocalBusiness | FAQPage,EXPAND,"GRADE A (keep+strengthen). Q5: ~1019 words, partially templated; expand with unique local utility: old Dubai, DXB-adjacent, dense apartments; add verified nearby vets, pickup logistics, DXB/DWC routing, unique FAQs; fix 90-day VETO claim"
https://dubai-pet-relocation.ae/dubai/bur-dubai/,local,pet relocation Bur Dubai,pet transport Bur Dubai; dog & cat transport Bur Dubai,commercial/local,Pet Relocation Bur Dubai | Dog & Cat Transport,Pet Relocation Bur Dubai | Dog & Cat Relocation (2026),Pet Relocation in Bur Dubai,Pet Relocation in Bur Dubai,1187,"1,800-2,200 words of UNIQUE content (from ~1187)",index,https://dubai-pet-relocation.ae/dubai/bur-dubai/,41,77,other /dubai/* pages (shared template ~50% on ND pairs); /service/pet-relocation-dubai/,6,7,"High — repeats VETO claim ""MOCCAE permit valid 90 days"" (first-party says 30 days; verify on MOCCAE portal then fix)",5,7,5,Organization | WebSite | BreadcrumbList | LocalBusiness | FAQPage,EXPAND,"GRADE A (keep+strengthen; breaks ND1). Q6: ~1187 words, partially templated; expand with unique local utility: consulates/old-city angle, absorbs karama content on merge (ND1); add verified nearby vets, pickup logistics, DXB/DWC routing, unique FAQs; fix 90-day VETO claim"
https://dubai-pet-relocation.ae/dubai/umm-suqeim/,local,pet relocation Umm Suqeim,pet transport Umm Suqeim; dog & cat transport Umm Suqeim,commercial/local,Pet Relocation Umm Suqeim | Dog & Cat Transport,Pet Relocation Umm Suqeim | Dog & Cat Relocation (2026),Pet Relocation in Umm Suqeim,Pet Relocation in Umm Suqeim,1033,"1,800-2,200 words of UNIQUE content (from ~1033)",index,https://dubai-pet-relocation.ae/dubai/umm-suqeim/,41,77,other /dubai/* pages (shared template ~50% on ND pairs); /service/pet-relocation-dubai/,5,7,"High — repeats VETO claim ""MOCCAE permit valid 90 days"" (first-party says 30 days; verify on MOCCAE portal then fix)",5,7,5,Organization | WebSite | BreadcrumbList | LocalBusiness | FAQPage,EXPAND,"GRADE A (keep+strengthen; breaks ND5). Q5: ~1033 words, partially templated; expand with unique local utility: coastal villas, Jumeirah Beach corridor, absorbs al-wasl content on merge (ND5); add verified nearby vets, pickup logistics, DXB/DWC routing, unique FAQs; fix 90-day VETO claim"
https://dubai-pet-relocation.ae/dubai/al-furjan/,local,pet relocation Al Furjan,pet transport Al Furjan,commercial/local,Pet Relocation Al Furjan | Dog & Cat Transport,Pet Relocation Al Furjan | Dog & Cat Transport,Pet Relocation in Al Furjan,Pet Relocation in Al Furjan,1123,"1,500-1,800 unique words",index,https://dubai-pet-relocation.ae/dubai/al-furjan/,41,77,other /dubai/* pages (template),5,7,"High — repeats VETO claim ""MOCCAE permit valid 90 days"" (first-party says 30 days; verify on MOCCAE portal then fix)",5,7,5,Organization | WebSite | BreadcrumbList | LocalBusiness | FAQPage,EXPAND,"GRADE B (improve with unique local content or merge later). Q5: ~1123 words templated; needs pickup logistics, building/villa access, DXB/DWC routing, verified vets, unique FAQs; re-grade after 90 days of impressions data — merge into nearest A page if no traction; fix 90-day VETO claim"
https://dubai-pet-relocation.ae/dubai/al-quoz/,local,pet relocation Al Quoz,pet transport Al Quoz,commercial/local,Pet Relocation Al Quoz | Dog & Cat Transport,Pet Relocation Al Quoz | Dog & Cat Transport,Pet Relocation in Al Quoz,Pet Relocation in Al Quoz,1055,"1,500-1,800 unique words",index,https://dubai-pet-relocation.ae/dubai/al-quoz/,41,77,other /dubai/* pages (template),5,7,"High — repeats VETO claim ""MOCCAE permit valid 90 days"" (first-party says 30 days; verify on MOCCAE portal then fix)",5,7,5,Organization | WebSite | BreadcrumbList | LocalBusiness | FAQPage,EXPAND,"GRADE B (improve with unique local content or merge later). Q5: ~1055 words templated; needs pickup logistics, building/villa access, DXB/DWC routing, verified vets, unique FAQs; re-grade after 90 days of impressions data — merge into nearest A page if no traction; fix 90-day VETO claim"
https://dubai-pet-relocation.ae/dubai/al-satwa/,local,pet relocation Al Satwa,pet transport Al Satwa,commercial/local,Pet Relocation Al Satwa | Dog & Cat Transport,Pet Relocation Al Satwa | Dog & Cat Transport,Pet Relocation in Al Satwa,Pet Relocation in Al Satwa,1082,"1,500-1,800 unique words",index,https://dubai-pet-relocation.ae/dubai/al-satwa/,41,77,other /dubai/* pages (template),5,7,"High — repeats VETO claim ""MOCCAE permit valid 90 days"" (first-party says 30 days; verify on MOCCAE portal then fix)",5,7,5,Organization | WebSite | BreadcrumbList | LocalBusiness | FAQPage,EXPAND,"GRADE B (improve with unique local content or merge later). Q5: ~1082 words templated; needs pickup logistics, building/villa access, DXB/DWC routing, verified vets, unique FAQs; re-grade after 90 days of impressions data — merge into nearest A page if no traction; fix 90-day VETO claim"
https://dubai-pet-relocation.ae/dubai/creek-harbour/,local,pet relocation Dubai Creek Harbour,pet transport Dubai Creek Harbour,commercial/local,Pet Relocation Dubai Creek Harbour | Dog & Cat Transport,Pet Relocation Dubai Creek Harbour | Dog & Cat Transport,Pet Relocation in Dubai Creek Harbour,Pet Relocation in Dubai Creek Harbour,1122,"1,500-1,800 unique words",index,https://dubai-pet-relocation.ae/dubai/creek-harbour/,41,77,other /dubai/* pages (template),5,7,"High — repeats VETO claim ""MOCCAE permit valid 90 days"" (first-party says 30 days; verify on MOCCAE portal then fix)",5,7,5,Organization | WebSite | BreadcrumbList | LocalBusiness | FAQPage,EXPAND,"GRADE B (improve with unique local content or merge later). Q5: ~1122 words templated; needs pickup logistics, building/villa access, DXB/DWC routing, verified vets, unique FAQs; re-grade after 90 days of impressions data — merge into nearest A page if no traction; fix 90-day VETO claim"
https://dubai-pet-relocation.ae/dubai/damac-hills/,local,pet relocation DAMAC Hills,pet transport DAMAC Hills,commercial/local,Pet Relocation DAMAC Hills | Dog & Cat Transport,Pet Relocation DAMAC Hills | Dog & Cat Transport,Pet Relocation in DAMAC Hills,Pet Relocation in DAMAC Hills,1151,"1,500-1,800 unique words",index,https://dubai-pet-relocation.ae/dubai/damac-hills/,41,77,other /dubai/* pages (template),5,7,"High — repeats VETO claim ""MOCCAE permit valid 90 days"" (first-party says 30 days; verify on MOCCAE portal then fix)",5,7,5,Organization | WebSite | BreadcrumbList | LocalBusiness | FAQPage,EXPAND,"GRADE B (improve with unique local content or merge later). Q5: ~1151 words templated; needs pickup logistics, building/villa access, DXB/DWC routing, verified vets, unique FAQs; re-grade after 90 days of impressions data — merge into nearest A page if no traction; fix 90-day VETO claim"
https://dubai-pet-relocation.ae/dubai/damac-hills-2/,local,pet relocation DAMAC Hills 2,pet transport DAMAC Hills 2,commercial/local,Pet Relocation DAMAC Hills 2 | Dog & Cat Transport,Pet Relocation DAMAC Hills 2 | Dog & Cat Transport,Pet Relocation in DAMAC Hills 2,Pet Relocation in DAMAC Hills 2,1146,"1,500-1,800 unique words",index,https://dubai-pet-relocation.ae/dubai/damac-hills-2/,41,77,other /dubai/* pages (template),5,7,"High — repeats VETO claim ""MOCCAE permit valid 90 days"" (first-party says 30 days; verify on MOCCAE portal then fix)",5,7,5,Organization | WebSite | BreadcrumbList | LocalBusiness | FAQPage,EXPAND,"GRADE B (improve with unique local content or merge later). Q5: ~1146 words templated; needs pickup logistics, building/villa access, DXB/DWC routing, verified vets, unique FAQs; re-grade after 90 days of impressions data — merge into nearest A page if no traction; fix 90-day VETO claim"
https://dubai-pet-relocation.ae/dubai/dubailand/,local,pet relocation Dubailand,pet transport Dubailand,commercial/local,Pet Relocation Dubailand | Dog & Cat Transport,Pet Relocation Dubailand | Dog & Cat Transport,Pet Relocation in Dubailand,Pet Relocation in Dubailand,1099,"rewrite to ~1,500 unique words",index,https://dubai-pet-relocation.ae/dubai/dubailand/,41,77,other /dubai/* pages (template),5,7,"High — repeats VETO claim ""MOCCAE permit valid 90 days"" (first-party says 30 days; verify on MOCCAE portal then fix)",5,7,5,Organization | WebSite | BreadcrumbList | LocalBusiness | FAQPage,REPOSITION,"GRADE B — REPOSITION as Dubailand DISTRICT hub (breaks ND3 vs arabian-ranches): link member communities (Mudon, DAMAC Hills area, etc.), district-level routing via E611/E311; do not duplicate arabian-ranches community content; fix 90-day VETO claim"
https://dubai-pet-relocation.ae/dubai/dubai-investment-park/,local,pet relocation Dubai Investment Park (DIP),pet transport Dubai Investment Park (DIP),commercial/local,Pet Relocation Dubai Investment Park (DIP) | Pet Transport,Pet Relocation Dubai Investment Park (DIP) | Pet Transport,Pet Relocation in Dubai Investment Park (DIP),Pet Relocation in Dubai Investment Park (DIP),1080,"1,500-1,800 unique words",index,https://dubai-pet-relocation.ae/dubai/dubai-investment-park/,41,77,other /dubai/* pages (template),5,7,"High — repeats VETO claim ""MOCCAE permit valid 90 days"" (first-party says 30 days; verify on MOCCAE portal then fix)",5,7,5,Organization | WebSite | BreadcrumbList | LocalBusiness | FAQPage,EXPAND,"GRADE B (improve with unique local content or merge later). Q5: ~1080 words templated; needs pickup logistics, building/villa access, DXB/DWC routing, verified vets, unique FAQs; re-grade after 90 days of impressions data — merge into nearest A page if no traction; fix 90-day VETO claim"
https://dubai-pet-relocation.ae/dubai/dubai-production-city/,local,pet relocation Dubai Production City (IMPZ),pet transport Dubai Production City (IMPZ),commercial/local,Pet Relocation Dubai Production City (IMPZ) | Pet Transport,Pet Relocation Dubai Production City (IMPZ) | Pet Transport,Pet Relocation in Dubai Production City (IMPZ),Pet Relocation in Dubai Production City (IMPZ),1073,"1,500-1,800 unique words",index,https://dubai-pet-relocation.ae/dubai/dubai-production-city/,41,77,other /dubai/* pages (template),5,7,"High — repeats VETO claim ""MOCCAE permit valid 90 days"" (first-party says 30 days; verify on MOCCAE portal then fix)",5,7,5,Organization | WebSite | BreadcrumbList | LocalBusiness | FAQPage,EXPAND,"GRADE B (improve with unique local content or merge later). Q5: ~1073 words templated; needs pickup logistics, building/villa access, DXB/DWC routing, verified vets, unique FAQs; re-grade after 90 days of impressions data — merge into nearest A page if no traction; fix 90-day VETO claim"
https://dubai-pet-relocation.ae/dubai/dubai-silicon-oasis/,local,pet relocation Dubai Silicon Oasis,pet transport Dubai Silicon Oasis,commercial/local,Pet Relocation Dubai Silicon Oasis | Dog & Cat Transport,Pet Relocation Dubai Silicon Oasis | Dog & Cat Transport,Pet Relocation in Dubai Silicon Oasis,Pet Relocation in Dubai Silicon Oasis,1079,"1,500-1,800 unique words",index,https://dubai-pet-relocation.ae/dubai/dubai-silicon-oasis/,41,77,other /dubai/* pages (template),5,7,"High — repeats VETO claim ""MOCCAE permit valid 90 days"" (first-party says 30 days; verify on MOCCAE portal then fix)",5,7,5,Organization | WebSite | BreadcrumbList | LocalBusiness | FAQPage,EXPAND,"GRADE B (improve with unique local content or merge later). Q5: ~1079 words templated; needs pickup logistics, building/villa access, DXB/DWC routing, verified vets, unique FAQs; re-grade after 90 days of impressions data — merge into nearest A page if no traction; fix 90-day VETO claim"
https://dubai-pet-relocation.ae/dubai/emaar-south/,local,pet relocation Emaar South,pet transport Emaar South,commercial/local,Pet Relocation Emaar South | Dog & Cat Transport,Pet Relocation Emaar South | Dog & Cat Transport,Pet Relocation in Emaar South,Pet Relocation in Emaar South,1103,"1,500-1,800 unique words",index,https://dubai-pet-relocation.ae/dubai/emaar-south/,41,77,other /dubai/* pages (template),5,7,"High — repeats VETO claim ""MOCCAE permit valid 90 days"" (first-party says 30 days; verify on MOCCAE portal then fix)",5,7,5,Organization | WebSite | BreadcrumbList | LocalBusiness | FAQPage,EXPAND,"GRADE B (improve with unique local content or merge later). Q5: ~1103 words templated; needs pickup logistics, building/villa access, DXB/DWC routing, verified vets, unique FAQs; re-grade after 90 days of impressions data — merge into nearest A page if no traction; fix 90-day VETO claim"
https://dubai-pet-relocation.ae/dubai/jvt/,local,pet relocation Jumeirah Village Triangle (JVT),pet transport Jumeirah Village Triangle (JVT),commercial/local,Pet Relocation JVT | Dog & Cat Transport,Pet Relocation JVT | Dog & Cat Transport,Pet Relocation in Jumeirah Village Triangle (JVT),Pet Relocation in Jumeirah Village Triangle (JVT),1127,"1,500-1,800 unique words",index,https://dubai-pet-relocation.ae/dubai/jvt/,41,77,other /dubai/* pages (template),5,7,"High — repeats VETO claim ""MOCCAE permit valid 90 days"" (first-party says 30 days; verify on MOCCAE portal then fix)",5,7,5,Organization | WebSite | BreadcrumbList | LocalBusiness | FAQPage,EXPAND,"GRADE B (improve with unique local content or merge later). Q5: ~1127 words templated; needs pickup logistics, building/villa access, DXB/DWC routing, verified vets, unique FAQs; re-grade after 90 days of impressions data — merge into nearest A page if no traction; fix 90-day VETO claim"
https://dubai-pet-relocation.ae/dubai/meydan/,local,pet relocation Meydan,pet transport Meydan,commercial/local,Pet Relocation Meydan | Dog & Cat Transport,Pet Relocation Meydan | Dog & Cat Transport,Pet Relocation in Meydan,Pet Relocation in Meydan,1040,"rewrite to ~1,500 unique words",index,https://dubai-pet-relocation.ae/dubai/meydan/,41,77,other /dubai/* pages (template),5,7,"High — repeats VETO claim ""MOCCAE permit valid 90 days"" (first-party says 30 days; verify on MOCCAE portal then fix)",5,7,5,Organization | WebSite | BreadcrumbList | LocalBusiness | FAQPage,REFRESH,"GRADE B — REFRESH to break ND4 (0.52 similarity vs dubai-hills): rewrite around Meydan racecourse/horses-adjacent angle, MBR City new developments; unique FAQs; fix 90-day VETO claim"
https://dubai-pet-relocation.ae/dubai/motor-city/,local,pet relocation Motor City,pet transport Motor City,commercial/local,Pet Relocation Motor City | Dog & Cat Transport Dubai,Pet Relocation Motor City | Dog & Cat Transport Dubai,Pet Relocation in Motor City,Pet Relocation in Motor City,1088,"1,500-1,800 unique words",index,https://dubai-pet-relocation.ae/dubai/motor-city/,41,77,other /dubai/* pages (template),5,7,"High — repeats VETO claim ""MOCCAE permit valid 90 days"" (first-party says 30 days; verify on MOCCAE portal then fix)",5,7,5,Organization | WebSite | BreadcrumbList | LocalBusiness | FAQPage,EXPAND,"GRADE B (improve with unique local content or merge later). Q5: ~1088 words templated; needs pickup logistics, building/villa access, DXB/DWC routing, verified vets, unique FAQs; re-grade after 90 days of impressions data — merge into nearest A page if no traction; fix 90-day VETO claim"
https://dubai-pet-relocation.ae/dubai/mudon/,local,pet relocation Mudon,pet transport Mudon,commercial/local,Pet Relocation Mudon | Dog & Cat Transport,Pet Relocation Mudon | Dog & Cat Transport,Pet Relocation in Mudon,Pet Relocation in Mudon,1109,"1,500-1,800 unique words",index,https://dubai-pet-relocation.ae/dubai/mudon/,41,77,other /dubai/* pages (template),5,7,"High — repeats VETO claim ""MOCCAE permit valid 90 days"" (first-party says 30 days; verify on MOCCAE portal then fix)",5,7,5,Organization | WebSite | BreadcrumbList | LocalBusiness | FAQPage,EXPAND,"GRADE B (improve with unique local content or merge later). Q5: ~1109 words templated; needs pickup logistics, building/villa access, DXB/DWC routing, verified vets, unique FAQs; re-grade after 90 days of impressions data — merge into nearest A page if no traction; fix 90-day VETO claim"
https://dubai-pet-relocation.ae/dubai/sports-city/,local,pet relocation Dubai Sports City,pet transport Dubai Sports City,commercial/local,Pet Relocation Dubai Sports City | Dog & Cat Transport,Pet Relocation Dubai Sports City | Dog & Cat Transport,Pet Relocation in Dubai Sports City,Pet Relocation in Dubai Sports City,1092,"1,500-1,800 unique words",index,https://dubai-pet-relocation.ae/dubai/sports-city/,41,77,other /dubai/* pages (template),5,7,"High — repeats VETO claim ""MOCCAE permit valid 90 days"" (first-party says 30 days; verify on MOCCAE portal then fix)",5,7,5,Organization | WebSite | BreadcrumbList | LocalBusiness | FAQPage,EXPAND,"GRADE B (improve with unique local content or merge later). Q5: ~1092 words templated; needs pickup logistics, building/villa access, DXB/DWC routing, verified vets, unique FAQs; re-grade after 90 days of impressions data — merge into nearest A page if no traction; fix 90-day VETO claim"
https://dubai-pet-relocation.ae/dubai/victory-heights/,local,pet relocation Victory Heights,pet transport Victory Heights,commercial/local,Pet Relocation Victory Heights | Dog & Cat Transport,Pet Relocation Victory Heights | Dog & Cat Transport,Pet Relocation in Victory Heights,Pet Relocation in Victory Heights,1124,"1,500-1,800 unique words",index,https://dubai-pet-relocation.ae/dubai/victory-heights/,41,77,other /dubai/* pages (template),5,7,"High — repeats VETO claim ""MOCCAE permit valid 90 days"" (first-party says 30 days; verify on MOCCAE portal then fix)",5,7,5,Organization | WebSite | BreadcrumbList | LocalBusiness | FAQPage,EXPAND,"GRADE B (improve with unique local content or merge later). Q5: ~1124 words templated; needs pickup logistics, building/villa access, DXB/DWC routing, verified vets, unique FAQs; re-grade after 90 days of impressions data — merge into nearest A page if no traction; fix 90-day VETO claim"
https://dubai-pet-relocation.ae/dubai/karama/,local,pet relocation Al Karama,pet transport Al Karama,commercial/local,Pet Relocation Al Karama | Dog & Cat Transport,Pet Relocation Al Karama | Dog & Cat Transport,Pet Relocation in Al Karama,Pet Relocation in Al Karama,1181,merged into /dubai/bur-dubai/,index,https://dubai-pet-relocation.ae/dubai/karama/,41,77,/dubai/bur-dubai/ (merge target),4,7,"High — repeats VETO claim ""MOCCAE permit valid 90 days"" (first-party says 30 days; verify on MOCCAE portal then fix)",4,6,5,Organization | WebSite | BreadcrumbList | LocalBusiness | FAQPage,MERGE,"GRADE C — MERGE (301) into /dubai/bur-dubai/; ND1 member. Q4: ~1181 words, template-swap with ~50%+ shared text and no measurable separate search demand (<=10/mo est., absent from keyword universe); unique utility cannot be supported per brief local rule; salvage unique snippets (pet-friendly living notes) into target page before redirect"
https://dubai-pet-relocation.ae/dubai/bluewaters/,local,pet relocation Bluewaters Island,pet transport Bluewaters Island,commercial/local,Pet Relocation Bluewaters Island | Dog & Cat Transport,Pet Relocation Bluewaters Island | Dog & Cat Transport,Pet Relocation on Bluewaters Island,Pet Relocation on Bluewaters Island,1064,merged into /dubai/jbr/,index,https://dubai-pet-relocation.ae/dubai/bluewaters/,41,77,/dubai/jbr/ (merge target),4,7,"High — repeats VETO claim ""MOCCAE permit valid 90 days"" (first-party says 30 days; verify on MOCCAE portal then fix)",4,6,5,Organization | WebSite | BreadcrumbList | LocalBusiness | FAQPage,MERGE,"GRADE C — MERGE (301) into /dubai/jbr/; ND2 member. Q4: ~1064 words, template-swap with ~50%+ shared text and no measurable separate search demand (<=10/mo est., absent from keyword universe); unique utility cannot be supported per brief local rule; salvage unique snippets (pet-friendly living notes) into target page before redirect"
https://dubai-pet-relocation.ae/dubai/port-de-la-mer/,local,pet relocation Port de La Mer,pet transport Port de La Mer,commercial/local,Pet Relocation Port de La Mer | Dog & Cat Transport,Pet Relocation Port de La Mer | Dog & Cat Transport,Pet Relocation in Port de La Mer,Pet Relocation in Port de La Mer,1115,merged into /dubai/jumeirah/,index,https://dubai-pet-relocation.ae/dubai/port-de-la-mer/,41,77,/dubai/jumeirah/ (merge target),4,7,"High — repeats VETO claim ""MOCCAE permit valid 90 days"" (first-party says 30 days; verify on MOCCAE portal then fix)",4,6,5,Organization | WebSite | BreadcrumbList | LocalBusiness | FAQPage,MERGE,"GRADE C — MERGE (301) into /dubai/jumeirah/; ND2 member. Q4: ~1115 words, template-swap with ~50%+ shared text and no measurable separate search demand (<=10/mo est., absent from keyword universe); unique utility cannot be supported per brief local rule; salvage unique snippets (pet-friendly living notes) into target page before redirect"
https://dubai-pet-relocation.ae/dubai/city-walk/,local,pet relocation City Walk,pet transport City Walk,commercial/local,Pet Relocation City Walk | Dog & Cat Transport Dubai,Pet Relocation City Walk | Dog & Cat Transport Dubai,Pet Relocation in City Walk,Pet Relocation in City Walk,1058,merged into /dubai/downtown-dubai/,index,https://dubai-pet-relocation.ae/dubai/city-walk/,41,77,/dubai/downtown-dubai/ (merge target),4,7,"High — repeats VETO claim ""MOCCAE permit valid 90 days"" (first-party says 30 days; verify on MOCCAE portal then fix)",4,6,5,Organization | WebSite | BreadcrumbList | LocalBusiness | FAQPage,MERGE,"GRADE C — MERGE (301) into /dubai/downtown-dubai/; ND2 member. Q4: ~1058 words, template-swap with ~50%+ shared text and no measurable separate search demand (<=10/mo est., absent from keyword universe); unique utility cannot be supported per brief local rule; salvage unique snippets (pet-friendly living notes) into target page before redirect"
https://dubai-pet-relocation.ae/dubai/al-wasl/,local,pet relocation Al Wasl,pet transport Al Wasl,commercial/local,Pet Relocation Al Wasl | Dog & Cat Transport,Pet Relocation Al Wasl | Dog & Cat Transport,Pet Relocation in Al Wasl,Pet Relocation in Al Wasl,1033,merged into /dubai/umm-suqeim/,index,https://dubai-pet-relocation.ae/dubai/al-wasl/,41,77,/dubai/umm-suqeim/ (merge target),4,7,"High — repeats VETO claim ""MOCCAE permit valid 90 days"" (first-party says 30 days; verify on MOCCAE portal then fix)",4,6,5,Organization | WebSite | BreadcrumbList | LocalBusiness | FAQPage,MERGE,"GRADE C — MERGE (301) into /dubai/umm-suqeim/; ND5 member. Q4: ~1033 words, template-swap with ~50%+ shared text and no measurable separate search demand (<=10/mo est., absent from keyword universe); unique utility cannot be supported per brief local rule; salvage unique snippets (pet-friendly living notes) into target page before redirect"
https://dubai-pet-relocation.ae/dubai/international-city/,local,pet relocation International City,pet transport International City,commercial/local,Pet Relocation International City | Dog & Cat Transport Dubai,Pet Relocation International City | Dog & Cat Transport Dubai,Pet Relocation in International City,Pet Relocation in International City,1104,merged into /dubai/dubai-silicon-oasis/,index,https://dubai-pet-relocation.ae/dubai/international-city/,41,77,/dubai/dubai-silicon-oasis/ (merge target),4,7,"High — repeats VETO claim ""MOCCAE permit valid 90 days"" (first-party says 30 days; verify on MOCCAE portal then fix)",4,6,5,Organization | WebSite | BreadcrumbList | LocalBusiness | FAQPage,MERGE,"GRADE C — MERGE (301) into /dubai/dubai-silicon-oasis/. Q4: ~1104 words, template-swap with ~50%+ shared text and no measurable separate search demand (<=10/mo est., absent from keyword universe); unique utility cannot be supported per brief local rule; salvage unique snippets (pet-friendly living notes) into target page before redirect"
https://dubai-pet-relocation.ae/dubai/sheikh-zayed-road/,local,pet relocation Sheikh Zayed Road,pet transport Sheikh Zayed Road,commercial/local (weak),Pet Relocation Sheikh Zayed Road | Dog & Cat Transport,Pet Relocation Sheikh Zayed Road | Dog & Cat Transport,Pet Relocation in Sheikh Zayed Road,Pet Relocation in Sheikh Zayed Road,1123,folded into /dubai/ hub coverage,index,https://dubai-pet-relocation.ae/dubai/sheikh-zayed-road/,41,77,/dubai/downtown-dubai/; /dubai/business-bay/ (SZR corridor spans both),3,7,"High — repeats VETO claim ""MOCCAE permit valid 90 days"" (first-party says 30 days; verify on MOCCAE portal then fix)",4,5,5,Organization | WebSite | BreadcrumbList | LocalBusiness | FAQPage,REDIRECT,"GRADE D — REDIRECT (301) to /dubai/ hub. Q3: a road corridor, not a community — no distinct local intent (zero keywords in universe); ~1,123 words of pure template; covering ""along SZR"" as a line item on the hub avoids a thin doorway page"
https://dubai-pet-relocation.ae/guides/,guide-hub,pet relocation guides Dubai,Dubai pet import guides; UAE pet rules,informational/navigational (hub),"Pet Relocation Guides for Dubai | Rules, Costs & Permits","Pet Relocation Guides for Dubai | Rules, Costs & Permits",Everything You Need to Move a Pet to Dubai,Everything You Need to Move a Pet to Dubai,530,keep ~530-700 words (hub),index,https://dubai-pet-relocation.ae/guides/,7,45,—,6,8,Low,6,6,6,Organization | WebSite | ItemList,KEEP,"Q6: hub at 530 words is acceptable for a directory; KEEP; add the 6 new guides to the ItemList; add ""start here"" routing by situation (importing/exporting/airline choice)"
https://dubai-pet-relocation.ae/guides/pet-relocation-cost-dubai/,guide,pet relocation Dubai cost,pet relocation cost UAE; pet shipping cost Dubai; cost to move dog to Dubai; MOCCAE pet permit fee,informational/commercial (cost),Pet Relocation Cost Dubai 2026 | Transparent Price Guide,Pet Relocation Cost Dubai 2026 | Full AED Price Breakdown,How Much Does It Cost to Bring a Dog or Cat to Dubai? 2026 Price Breakdown,How Much Does It Cost to Bring a Dog or Cat to Dubai? 2026 Price Breakdown,3218,"keep ~3,200 words",index,https://dubai-pet-relocation.ae/guides/pet-relocation-cost-dubai/,80,44,/service/pet-relocation-dubai/ (commercial cost intent),9,7,Medium — verify fees/timing per regulatory-source-of-truth,7,8,6,Organization | WebSite | FAQPage | Article | BreadcrumbList,REFRESH,"Q9: 3,218 words, best-in-class cost tables; REFRESH = verify permit fee (AED 200 vs 500 conflict) and release fees (500/250 vs 1,000/500 conflict) before fee tables stay live; add cost-calculator interactive feature per brief HOLD note (tool on this URL, not new URL)"
https://dubai-pet-relocation.ae/guides/uae-pet-import-requirements/,guide,UAE pet import requirements,Dubai pet import rules; pet vaccination requirements UAE import; documents needed to bring pet to Dubai,informational,UAE Pet Import Requirements 2026 | Permits & Documents,UAE Pet Import Requirements 2026 | Permits & Documents,UAE Pet Import Requirements 2026: Complete Guide to Bringing Dogs & Cats to Dubai,UAE Pet Import Requirements 2026: Complete Guide to Bringing Dogs & Cats to Dubai,3784,"keep ~3,800 words",index,https://dubai-pet-relocation.ae/guides/uae-pet-import-requirements/,80,45,/service/pet-import-dubai/ (commercial twin — ruling 5),8,7,"High — repeats VETO claim ""MOCCAE permit valid 90 days"" (first-party says 30 days; verify on MOCCAE portal then fix)",7,7,6,Organization | WebSite | FAQPage | Article | BreadcrumbList,REFRESH,"Q8: 3,784 words; REGULATORY-BLOCKING REFRESH: repeats 90-day permit-validity VETO 4+ times incl. ""Key MOCCAE Rules at a Glance"" table; titer ""wait 90 days"" conflicts with first-party ""sample within 90 days before travel"" — verify; fix Emirates cargo ""$1,500-5,000"" label clarity; verify release fees"
https://dubai-pet-relocation.ae/guides/banned-dog-breeds-dubai/,guide,banned dog breeds Dubai,banned dog breeds UAE; restricted dog breeds UAE; which dog breeds are banned in Dubai; UAE dangerous dog breeds law,informational,Banned and Restricted Dog Breeds in Dubai — Complete 2026 Guide,Banned and Restricted Dog Breeds in Dubai — Complete 2026 Guide,Banned and Restricted Dog Breeds in Dubai — Complete 2026 Guide,Banned and Restricted Dog Breeds in Dubai — Complete 2026 Guide,1645,"2,000-2,400 words (from 1,645)",index,https://dubai-pet-relocation.ae/guides/banned-dog-breeds-dubai/,80,46,/service/dog-relocation-dubai/ (breed eligibility section),7,7,Low,7,6,6,Organization | WebSite | FAQPage | BreadcrumbList | Article,EXPAND,"Q7: owns 1,040/mo cluster; EXPAND with Federal Law 22/2016 Annex 2 full list + Ministerial Decree 190/2021 amendment (service/assistance dog import conditions), Dubai Municipality enforcement/fines, mixed-breed assessment pathway"
https://dubai-pet-relocation.ae/guides/iata-pet-crate-requirements/,guide,IATA pet crate requirements,IATA approved pet crate Dubai; what size crate for my dog to fly; IATA crate requirements pets,informational,IATA Pet Crate Requirements for Dubai Flights (2026),IATA Pet Crate Requirements for Dubai Flights (2026),IATA Pet Travel Crate Requirements for Dubai Flights — 2026 Guide,IATA Pet Travel Crate Requirements for Dubai Flights — 2026 Guide,1527,"keep ~1,500 words + add crate-size calculator tool on this URL (brief HOLD: tools live on existing pages)",index,https://dubai-pet-relocation.ae/guides/iata-pet-crate-requirements/,80,47,—,7,8,Low,7,6,6,Organization | WebSite | FAQPage | BreadcrumbList | Article,KEEP,Q7: solid; KEEP; add interactive crate-size calculator (IATA formula verified in source-of-truth); ensure snub-nosed +10% container rule cross-links new /guides/snub-nosed-dogs-flying-uae/
https://dubai-pet-relocation.ae/guides/pet-travel-summer-dubai/,guide,pet travel Dubai summer,summer pet embargo Dubai; flying pets to Dubai in summer; heat embargo pets UAE airlines,informational/seasonal,Pet Travel in Dubai Summer Heat | Embargo & Options,Pet Travel in Dubai Summer Heat | Embargo & Options,"Pet Travel During Dubai Summer Heat — Embargo, Risks & Alternatives","Pet Travel During Dubai Summer Heat — Embargo, Risks & Alternatives",1426,"keep ~1,400-1,700 words",index,https://dubai-pet-relocation.ae/guides/pet-travel-summer-dubai/,80,47,/guides/snub-nosed-dogs-flying-uae/ (new — cross-link),7,7,Low,7,6,6,Organization | WebSite | FAQPage | BreadcrumbList | Article,KEEP,Q7: KEEP; refresh embargo dates annually each April (Emirates bird transit ban 1 May-30 Sep verified); cross-link snub-nosed guide
https://dubai-pet-relocation.ae/guides/moccae-import-permit/,guide,MOCCAE import permit,how to apply for MOCCAE pet permit; how long does a MOCCAE permit take; MOCCAE import permit cost,informational (how-to),MOCCAE Import Permit for Pets — Dubai & UAE Guide (2026),MOCCAE Import Permit for Pets — Dubai & UAE Guide (2026),MOCCAE Import Permit for Pets — Dubai & UAE Complete Guide (2026),MOCCAE Import Permit for Pets — Dubai & UAE Complete Guide (2026),1369,"1,800-2,200 words (fold walkthrough in — brief default: fold /guides/moccae-permit-application-walkthrough/ into this URL)",index,https://dubai-pet-relocation.ae/guides/moccae-import-permit/,80,47,/service/moccae-pet-permit/ (commercial twin — ruling 10),6,6,Medium — verify fees/timing per regulatory-source-of-truth,7,7,6,Organization | WebSite | FAQPage | BreadcrumbList | HowTo,REFRESH,Q6 but REGULATORY-BLOCKING: 90-day validity VETO + AED 200/500 fee conflict on the site's own permit guide; REFRESH first: correct validity (30 days per USDA APHIS/MOCCAE doc/RAK Customs) after portal verification; fold in application walkthrough with UAE Pass screenshots (competitor gap #8; DeloroPets buys ads on this term — proven value)
https://dubai-pet-relocation.ae/guides/rabies-titer-test-dubai/,guide,rabies titer test Dubai,rabies titre test UAE pet import; FAVN test Dubai; does my pet need a rabies titer test for Dubai,informational,Rabies Titer Test (RNATT) for Dubai Pet Travel,Rabies Titer Test (RNATT) for Dubai Pet Travel,Rabies Titer Test (RNATT) for Dubai — Complete Guide for Pet Owners,Rabies Titer Test (RNATT) for Dubai — Complete Guide for Pet Owners,1598,"keep ~1,600 words",index,https://dubai-pet-relocation.ae/guides/rabies-titer-test-dubai/,80,45,—,7,7,Medium — verify fees/timing per regulatory-source-of-truth,7,6,6,Organization | WebSite | FAQPage | BreadcrumbList | HowTo,REFRESH,"Q7: REFRESH = verify timing rule: source-of-truth says RNATT sample within 90 days BEFORE travel (not ""90-day wait""); confirm exempt-country list (could not be captured first-party — flag); keep 0.5 IU/ml threshold"
https://dubai-pet-relocation.ae/routes/uk-to-dubai/,route,pet relocation UK to Dubai,pet relocation to UAE from UK; moving dog from UK to Dubai; pet transport UK to Dubai,informational/commercial (route),UK to Dubai Pet Relocation — Complete Guide 2026,UK to Dubai Pet Relocation — Complete Guide 2026,UK to Dubai Pet Relocation — Complete Guide,UK to Dubai Pet Relocation — Complete Guide,2207,"3,000-3,800 words",index,https://dubai-pet-relocation.ae/routes/uk-to-dubai/,80,47,reverse-direction route page; /service/pet-relocation-to-dubai/ or /service/pet-relocation-from-dubai/,7,7,"High — repeats VETO claim ""MOCCAE permit valid 90 days"" (first-party says 30 days; verify on MOCCAE portal then fix)",7,7,6,Organization | WebSite | FAQPage | BreadcrumbList | Article,EXPAND,"Q7: 2,207 words; brief ruling: KEEP+EXPAND (649/mo cluster). no-titer (UK low-risk) messaging is an asset; fix 90-day permit validity. Fee tables: verify permit AED 200/500 conflict + release fee 500/250 vs 1,000/500 before republishing. Add route card links to new hub /routes/ and reverse-direction page when created"
https://dubai-pet-relocation.ae/routes/usa-to-dubai/,route,pet relocation USA to Dubai,moving dog from USA to Dubai; pet transport USA to Dubai,informational/commercial (route),USA to Dubai Pet Relocation — Complete Guide 2026,USA to Dubai Pet Relocation — Complete Guide 2026,USA to Dubai Pet Relocation — Complete Guide,USA to Dubai Pet Relocation — Complete Guide,2357,"3,000-3,800 words",index,https://dubai-pet-relocation.ae/routes/usa-to-dubai/,80,47,reverse-direction route page; /service/pet-relocation-to-dubai/ or /service/pet-relocation-from-dubai/,7,7,Medium — fee tables flagged for verification,7,7,6,Organization | WebSite | FAQPage | BreadcrumbList | Article,EXPAND,"Q7: 2,357 words; brief ruling: KEEP+EXPAND (273/mo cluster). state-level variation + USDA APHIS endorsement steps. Fee tables: verify permit AED 200/500 conflict + release fee 500/250 vs 1,000/500 before republishing. Add route card links to new hub /routes/ and reverse-direction page when created"
https://dubai-pet-relocation.ae/routes/canada-to-dubai/,route,pet relocation Canada to Dubai,moving dog from Canada to Dubai,informational/commercial (route),Canada to Dubai Pet Relocation — Complete Guide 2026,Canada to Dubai Pet Relocation — Complete Guide 2026,Canada to Dubai Pet Relocation — Complete Guide,Canada to Dubai Pet Relocation — Complete Guide,2496,"3,000-3,800 words",index,https://dubai-pet-relocation.ae/routes/canada-to-dubai/,80,47,reverse-direction route page; /service/pet-relocation-to-dubai/ or /service/pet-relocation-from-dubai/,7,7,Medium — fee tables flagged for verification,7,7,6,Organization | WebSite | FAQPage | BreadcrumbList | Article,EXPAND,"Q7: 2,496 words; brief ruling: KEEP+EXPAND (174/mo cluster). CFIA specifics. Fee tables: verify permit AED 200/500 conflict + release fee 500/250 vs 1,000/500 before republishing. Add route card links to new hub /routes/ and reverse-direction page when created"
https://dubai-pet-relocation.ae/routes/australia-to-dubai/,route,pet relocation Australia to Dubai,moving dog from Australia to Dubai,informational/commercial (route),Australia to Dubai Pet Relocation — Complete Guide 2026,Australia to Dubai Pet Relocation — Complete Guide 2026,Australia to Dubai Pet Relocation — Complete Guide,Australia to Dubai Pet Relocation — Complete Guide,2459,"3,000-3,800 words",index,https://dubai-pet-relocation.ae/routes/australia-to-dubai/,80,47,reverse-direction route page; /service/pet-relocation-to-dubai/ or /service/pet-relocation-from-dubai/,7,7,Medium — fee tables flagged for verification,7,7,6,Organization | WebSite | FAQPage | BreadcrumbList | Article,EXPAND,"Q7: 2,459 words; brief ruling: KEEP+EXPAND (225/mo cluster). AQIS export rules. Fee tables: verify permit AED 200/500 conflict + release fee 500/250 vs 1,000/500 before republishing. Add route card links to new hub /routes/ and reverse-direction page when created"
https://dubai-pet-relocation.ae/routes/india-to-dubai/,route,pet relocation India to Dubai,moving dog from India to Dubai; pet relocation India to Dubai cost,informational/commercial (route),India to Dubai Pet Relocation — Complete Guide 2026,India to Dubai Pet Relocation — Complete Guide 2026,India to Dubai Pet Relocation — Complete Guide,India to Dubai Pet Relocation — Complete Guide,2589,"3,000-3,800 words",index,https://dubai-pet-relocation.ae/routes/india-to-dubai/,80,47,reverse-direction route page; /service/pet-relocation-to-dubai/ or /service/pet-relocation-from-dubai/,7,7,"High — titer timing (""90-day wait"") needs verification vs first-party 90-day-sample rule",7,7,6,Organization | WebSite | FAQPage | BreadcrumbList | Article,EXPAND,"Q7: 2,589 words; brief ruling: KEEP+EXPAND (413/mo cluster). RNATT high-risk route; verify ""90-day wait"" phrasing vs first-party timing. Fee tables: verify permit AED 200/500 conflict + release fee 500/250 vs 1,000/500 before republishing. Add route card links to new hub /routes/ and reverse-direction page when created"
https://dubai-pet-relocation.ae/routes/philippines-to-dubai/,route,pet relocation Philippines to Dubai,moving dog from Philippines to Dubai,informational/commercial (route),Philippines to Dubai Pet Relocation — Complete Guide 2026,Philippines to Dubai Pet Relocation — Complete Guide 2026,Philippines to Dubai Pet Relocation — Complete Guide,Philippines to Dubai Pet Relocation — Complete Guide,2621,"3,000-3,800 words",index,https://dubai-pet-relocation.ae/routes/philippines-to-dubai/,80,47,reverse-direction route page; /service/pet-relocation-to-dubai/ or /service/pet-relocation-from-dubai/,7,7,"High — titer timing (""90-day wait"") needs verification vs first-party 90-day-sample rule",7,7,6,Organization | WebSite | FAQPage | BreadcrumbList | Article,EXPAND,"Q7: 2,621 words; brief ruling: KEEP+EXPAND (174/mo cluster). RNATT high-risk route; verify titer timing. Fee tables: verify permit AED 200/500 conflict + release fee 500/250 vs 1,000/500 before republishing. Add route card links to new hub /routes/ and reverse-direction page when created"
https://dubai-pet-relocation.ae/routes/new-zealand-to-dubai/,route,pet relocation New Zealand to Dubai,moving dog from New Zealand to Dubai,informational/commercial (route),New Zealand to Dubai Pet Relocation — Complete Guide 2026,New Zealand to Dubai Pet Relocation — Complete Guide 2026,New Zealand to Dubai Pet Relocation — Complete Guide,New Zealand to Dubai Pet Relocation — Complete Guide,2676,"3,000-3,800 words",index,https://dubai-pet-relocation.ae/routes/new-zealand-to-dubai/,80,47,reverse-direction route page; /service/pet-relocation-to-dubai/ or /service/pet-relocation-from-dubai/,7,7,Medium — fee tables flagged for verification,7,7,6,Organization | WebSite | FAQPage | BreadcrumbList | Article,EXPAND,"Q7: 2,676 words; brief ruling: KEEP+EXPAND (42/mo cluster). MPI export rules. Fee tables: verify permit AED 200/500 conflict + release fee 500/250 vs 1,000/500 before republishing. Add route card links to new hub /routes/ and reverse-direction page when created"
https://dubai-pet-relocation.ae/routes/south-africa-to-dubai/,route,pet relocation South Africa to Dubai,moving dog from South Africa to Dubai,informational/commercial (route),South Africa to Dubai Pet Relocation — Complete Guide 2026,South Africa to Dubai Pet Relocation — Complete Guide 2026,South Africa to Dubai Pet Relocation — Complete Guide,South Africa to Dubai Pet Relocation — Complete Guide,2867,"3,000-3,800 words",index,https://dubai-pet-relocation.ae/routes/south-africa-to-dubai/,80,47,reverse-direction route page; /service/pet-relocation-to-dubai/ or /service/pet-relocation-from-dubai/,7,7,"High — titer timing (""90-day wait"") needs verification vs first-party 90-day-sample rule",7,7,6,Organization | WebSite | FAQPage | BreadcrumbList | Article,EXPAND,"Q7: 2,867 words; brief ruling: KEEP+EXPAND (123/mo cluster). RNATT high-risk route; verify titer timing; DALRRD permit. Fee tables: verify permit AED 200/500 conflict + release fee 500/250 vs 1,000/500 before republishing. Add route card links to new hub /routes/ and reverse-direction page when created"
https://dubai-pet-relocation.ae/routes/dubai-to-uk/,route,pet relocation Dubai to UK,moving dog from Dubai to UK; pet export Dubai to UK; tapeworm treatment dog Dubai to UK,informational/commercial (route),Dubai to UK Pet Relocation | Export Guide 2026,Dubai to UK Pet Relocation | Export Guide 2026,Dubai to UK Pet Relocation — Exporting Your Pet to Britain,Dubai to UK Pet Relocation — Exporting Your Pet to Britain,3680,"keep ~3,680 words",index,https://dubai-pet-relocation.ae/routes/dubai-to-uk/,80,47,reverse-direction route page; /service/pet-relocation-to-dubai/ or /service/pet-relocation-from-dubai/,8,7,Medium — fee tables flagged for verification,7,7,6,Organization | WebSite | FAQPage | BreadcrumbList | Article,KEEP,"Q8: 3,680 words; brief ruling: KEEP+EXPAND (277/mo cluster). CORRECT: states no titer needed (UK-listed) — verified against GOV.UK; KEEP depth. Fee tables: verify permit AED 200/500 conflict + release fee 500/250 vs 1,000/500 before republishing. Add route card links to new hub /routes/ and reverse-direction page when created"
https://dubai-pet-relocation.ae/routes/dubai-to-usa/,route,pet relocation Dubai to USA,moving dog from Dubai to USA; pet export Dubai to USA,informational/commercial (route),Dubai to USA Pet Relocation | Export Guide 2026,Dubai to USA Pet Relocation | Export Guide 2026,Dubai to USA Pet Relocation — Exporting Your Pet to America,Dubai to USA Pet Relocation — Exporting Your Pet to America,3858,"keep ~3,858 words",index,https://dubai-pet-relocation.ae/routes/dubai-to-usa/,80,47,reverse-direction route page; /service/pet-relocation-to-dubai/ or /service/pet-relocation-from-dubai/,8,7,Medium — fee tables flagged for verification,7,7,6,Organization | WebSite | FAQPage | BreadcrumbList | Article,KEEP,"Q8: 3,858 words; brief ruling: KEEP+EXPAND (158/mo cluster). CORRECT: CDC high-risk + Dog Import Form handled — verified against CDC; KEEP depth. Fee tables: verify permit AED 200/500 conflict + release fee 500/250 vs 1,000/500 before republishing. Add route card links to new hub /routes/ and reverse-direction page when created"
https://dubai-pet-relocation.ae/cities/dubai/,city,pet relocation Dubai (emirate overview),pet relocation to Dubai; Dubai pet transport,commercial,Dubai Pet Relocation | Dog & Cat Transport to Dubai,Dubai Pet Relocation | Dog & Cat Transport to Dubai,Pet Relocation Dubai — Your Dog or Cat's Safe Journey,Pet Relocation Dubai — Your Dog or Cat's Safe Journey,2302,merged into /dubai/,index,https://dubai-pet-relocation.ae/cities/dubai/,80,47,"/service/pet-relocation-to-dubai/ (title targets ""to Dubai"" — active cannibalization); /dubai/ (same city, overlapping intent)",7,7,Medium,6,7,6,Organization | WebSite | LocalBusiness | FAQPage | BreadcrumbList,MERGE,"MERGE (301) into /dubai/ per architecture-brief default ruling. Audit confirms cannibalization, not distinct value: title/H1 target ""relocat[e] to Dubai"" (owned by /service/pet-relocation-to-dubai/) and body duplicates emirate-overview role; no separate rankings evidence available (no rank data in inputs); its unique Dubai-Municipality/emirate sections (2,302 words) should be salvaged into /dubai/ hub before redirect"
https://dubai-pet-relocation.ae/cities/abu-dhabi/,city,pet relocation Abu Dhabi,pet transport Abu Dhabi; pet movers Abu Dhabi; pet taxi Abu Dhabi; Etihad pets in cabin,commercial/local,Pet Relocation Abu Dhabi | Dubai Pet Relocation,Pet Relocation Abu Dhabi | Etihad In-Cabin & AUH Clearance (2026),Pet Relocation Abu Dhabi — Bringing Your Pet to the UAE Capital,Pet Relocation Abu Dhabi — Bringing Your Pet to the UAE Capital,2762,"3,000-3,500 words (from 2,762)",index,https://dubai-pet-relocation.ae/cities/abu-dhabi/,80,47,/service/pet-import-dubai/ (AUH arrivals); /guides/etihad-pet-policy/ (new),8,7,"Medium — Etihad in-cabin ticket ""AED 700-1,500"" range: verify against current USD 399 (~AED 1,465) first-party; AUH release permit/Bill of Entry figures need MICCO verification",7,7,6,Organization | WebSite | LocalBusiness | FAQPage | BreadcrumbList,EXPAND,"Q8: 2,762 words with genuine AUH differentiation (Etihad cabin, MICCO, ADCM); EXPAND per brief (260/mo est., weak SERP — wide open); add Etihad cabin step-by-step (links new /guides/etihad-pet-policy/), ADCM registration walkthrough, inter-emirate transfer logistics"
https://dubai-pet-relocation.ae/how-it-works/,info,how does pet relocation work Dubai,pet relocation process Dubai; DIY pet relocation vs service,informational/commercial,How Pet Relocation Works in Dubai | 7-Step Process,How Pet Relocation Works in Dubai | 7-Step Process,"How Pet Relocation Works in Dubai: A Clear, Step-by-Step Guide","How Pet Relocation Works in Dubai: A Clear, Step-by-Step Guide",2651,"keep ~2,650 words",index,https://dubai-pet-relocation.ae/how-it-works/,80,44,/about/ (partner-model content overlaps),8,8,Low,7,8,6,Organization | WebSite | FAQPage | HowTo | BreadcrumbList,KEEP,"Q8: 2,651 words, differentiating ""coordination model"" content; KEEP; keep ""How We Make Money"" transparency section (E-E-A-T asset)"
https://dubai-pet-relocation.ae/dog-relocation-to-dubai/,info,dog relocation to Dubai,bringing a dog to Dubai; how to bring a dog to Dubai; can I bring my dog to Dubai,informational/commercial (inbound species),Dog Relocation to Dubai | Complete Guide 2026 | Dubai Pet Relocation,Dog Relocation to Dubai | Complete Guide 2026 | Dubai Pet Relocation,Dog Relocation to Dubai — Bring Your Dog Home Safely,Dog Relocation to Dubai — Bring Your Dog Home Safely,3395,"keep ~3,400 words",index,https://dubai-pet-relocation.ae/dog-relocation-to-dubai/,18,45,/service/dog-relocation-dubai/ (ruling 8 — keep this page inbound-journey focused),9,8,"High — repeats VETO claim ""MOCCAE permit valid 90 days"" (first-party says 30 days; verify on MOCCAE portal then fix)",7,8,6,Organization | WebSite | FAQPage | BreadcrumbList | Article,KEEP,"Q9: 3,395 words, correct Etihad USD 399 fee, correct no-titer nuance; KEEP; brief says it already ranks — do not move URL"
https://dubai-pet-relocation.ae/cat-relocation-to-dubai/,info,cat relocation to Dubai,how to bring a cat to Dubai; can I bring my cat to Dubai; moving cat to Dubai,informational/commercial (inbound species),Cat Relocation to Dubai | Complete Guide 2026 | Dubai Pet Relocation,Cat Relocation to Dubai | Complete Guide 2026 | Dubai Pet Relocation,Cat Relocation to Dubai: Bringing Your Cat Home Safely,Cat Relocation to Dubai: Bringing Your Cat Home Safely,4007,"keep ~4,000 words",index,https://dubai-pet-relocation.ae/cat-relocation-to-dubai/,17,45,/service/cat-relocation-dubai/ (ruling 9),9,8,"High — repeats VETO claim ""MOCCAE permit valid 90 days"" (first-party says 30 days; verify on MOCCAE portal then fix)",7,8,6,Organization | WebSite | FAQPage | BreadcrumbList | Article,KEEP,"Q9: 4,007 words, strongest info page; KEEP; clarify Emirates ""USD 1,500-5,000"" is cargo, not cabin"
https://dubai-pet-relocation.ae/services/,info,pet relocation services Dubai (tiers),pet relocation packages Dubai; pet relocation price tiers,commercial/navigational (hub),Pet Relocation Services Dubai | Essential to Coordination,Pet Relocation Services Dubai | Essential to Coordination,Dubai Pet Relocation Services — From Essential to Coordination,Dubai Pet Relocation Services — From Essential to Coordination,873,"1,200-1,500 words (from 873)",index,https://dubai-pet-relocation.ae/services/,80,44,individual /service/* pages,6,7,Low,6,9,6,Organization | WebSite | Service | BreadcrumbList,EXPAND,"Q6: tier-comparison page (PawPilot/PawPartner/PawVIP) at 873 words; EXPAND comparison table with route-level example pricing to counter PawPaths published tiers (AED 799/2,499/4,999); highest conversion intent page after contact"
https://dubai-pet-relocation.ae/about/,info,dubai pet relocation company (brand),pet relocation company Dubai; about dubai pet relocation,navigational/trust,About Dubai Pet Relocation | Pet Relocation Coordination Dubai,About Dubai Pet Relocation | Pet Relocation Coordination Dubai,About Dubai Pet Relocation — Transparent Pet Relocation for Dubai,About Dubai Pet Relocation — Transparent Pet Relocation for Dubai,1000,"1,300-1,600 words (from 1,000)",index,https://dubai-pet-relocation.ae/about/,80,44,—,5,7,Low,5,5,6,Organization | WebSite | BreadcrumbList,REFRESH,"Q5: E-E-A-T weak for a YMYL-adjacent service: add named team members w/ credentials, named-author policy (match Foufoufly CEO-byline pattern), license/registration evidence, partner-vetting criteria detail; remove/support unverified claims per trust-claims-register"
https://dubai-pet-relocation.ae/contact/,info,contact dubai pet relocation,pet relocation quote Dubai; WhatsApp pet relocation Dubai,transactional,Contact Dubai Pet Relocation | Pet Relocation Dubai,Contact Dubai Pet Relocation | Pet Relocation Dubai,Contact Dubai Pet Relocation — We're Here to Help,Contact Dubai Pet Relocation — We're Here to Help,524,keep ~500 words,index,https://dubai-pet-relocation.ae/contact/,80,44,—,6,8,Low,6,10,6,Organization | WebSite | BreadcrumbList | ContactPage,KEEP,Q6: thin is fine for contact; KEEP; keep 15-min reply claim ONLY if verified (currently unverified in trust register)
https://dubai-pet-relocation.ae/faq/,info,pet relocation FAQ Dubai,pet relocation questions Dubai,informational,Pet Relocation FAQ Dubai | Dubai Pet Relocation,Pet Relocation FAQ Dubai | Dubai Pet Relocation,Pet Relocation FAQ — Everything You Need to Know,Pet Relocation FAQ — Everything You Need to Know,1071,"keep ~1,100 words; link out to guides for depth",index,https://dubai-pet-relocation.ae/faq/,80,46,FAQPage schema on 74 pages (SERP cannibalization of FAQ snippets — acceptable),7,7,Low,6,6,6,Organization | WebSite | FAQPage | BreadcrumbList,KEEP,Q7: KEEP; dedupe against guide FAQs; keep top questions routing to guides/routes
https://dubai-pet-relocation.ae/privacy-policy/,legal,—,—,legal,Privacy Policy | Dubai Pet Relocation,Privacy Policy | Dubai Pet Relocation,Privacy Policy,Privacy Policy,1187,keep as-is,noindex,https://dubai-pet-relocation.ae/privacy-policy/,80,44,—,7,8,Low,6,1,5,Organization | WebSite,KEEP,"Legal page, correctly noindex; KEEP unchanged"
https://dubai-pet-relocation.ae/terms-of-service/,legal,—,—,legal,Terms of Service | Dubai Pet Relocation,Terms of Service | Dubai Pet Relocation,Terms of Service,Terms of Service,1588,keep as-is,noindex,https://dubai-pet-relocation.ae/terms-of-service/,80,44,—,7,8,Low,6,1,5,Organization | WebSite,KEEP,"Legal page, correctly noindex; KEEP unchanged"
https://dubai-pet-relocation.ae/routes/,route-hub,pet relocation routes Dubai,pet relocation to Dubai routes; routes from Dubai,navigational/hub,(new),Pet Relocation Routes To & From Dubai | All Country Guides (2026),(new),Pet Relocation Routes: Every Corridor We Cover,0,"800-1,200 words + route cards",to be indexed,self-canonical,0,0,see new-page-justifications.md,0,0,Must be written from regulatory-source-of-truth.csv only — first-party figures; do NOT repeat 90-day permit validity or unverified fees,0,6,0,TBD (Article + FAQPage + BreadcrumbList),CREATE,FIXES LIVE 404: bare /routes linked from all 10 route pages; hub for 21 route pages (10 existing + 11 new); group inbound/outbound; route cards per competitor pattern | Parent hub: /
https://dubai-pet-relocation.ae/cities/,city-hub,pet relocation UAE cities,pet relocation UAE; pet relocation emirates,navigational/hub,(new),Pet Relocation Across UAE Cities & Emirates (2026),(new),UAE Pet Relocation — City by City,0,600-900 words + emirate cards,to be indexed,self-canonical,0,0,see new-page-justifications.md,0,0,Must be written from regulatory-source-of-truth.csv only — first-party figures; do NOT repeat 90-day permit validity or unverified fees,0,5,0,TBD (Article + FAQPage + BreadcrumbList),CREATE,"FIXES LIVE 404: bare /cities linked from 2 city pages; hub for dubai(→/dubai/), abu-dhabi, sharjah + future emirates (RAK/Ajman/Fujairah/UAQ backlog) | Parent hub: /"
https://dubai-pet-relocation.ae/routes/germany-to-dubai/,route,pet relocation Germany to Dubai,moving dog from Germany to Dubai; pet transport Germany to Dubai,informational/commercial (route),(new),Germany to Dubai Pet Relocation — Complete Guide 2026,(new),Germany to Dubai Pet Relocation — Complete Guide,0,"2,500-3,200 words",to be indexed,self-canonical,0,0,see new-page-justifications.md,0,0,Must be written from regulatory-source-of-truth.csv only — first-party figures; do NOT repeat 90-day permit validity or unverified fees,0,6,0,TBD (Article + FAQPage + BreadcrumbList),CREATE,123/mo inbound cluster; foufoufly covers it; EU-listed (titer-exempt UAE entry... verify); Lufthansa/EK options | Parent hub: /routes/
https://dubai-pet-relocation.ae/routes/france-to-dubai/,route,pet relocation France to Dubai,moving dog from France to Dubai,informational/commercial (route),(new),France to Dubai Pet Relocation — Complete Guide 2026,(new),France to Dubai Pet Relocation — Complete Guide,0,"2,500-3,200 words",to be indexed,self-canonical,0,0,see new-page-justifications.md,0,0,Must be written from regulatory-source-of-truth.csv only — first-party figures; do NOT repeat 90-day permit validity or unverified fees,0,6,0,TBD (Article + FAQPage + BreadcrumbList),CREATE,99/mo inbound cluster; foufoufly covers France; Air France/EK options | Parent hub: /routes/
https://dubai-pet-relocation.ae/routes/netherlands-to-dubai/,route,pet relocation Netherlands to Dubai,moving dog from Netherlands to Dubai,informational/commercial (route),(new),Netherlands to Dubai Pet Relocation — Complete Guide 2026,(new),Netherlands to Dubai Pet Relocation — Complete Guide,0,"2,200-3,000 words",to be indexed,self-canonical,0,0,see new-page-justifications.md,0,0,Must be written from regulatory-source-of-truth.csv only — first-party figures; do NOT repeat 90-day permit validity or unverified fees,0,6,0,TBD (Article + FAQPage + BreadcrumbList),CREATE,65/mo inbound cluster (weakest of the 5 but above HOLD threshold); KLM/EK options | Parent hub: /routes/
https://dubai-pet-relocation.ae/routes/singapore-to-dubai/,route,pet relocation Singapore to Dubai,moving dog from Singapore to Dubai,informational/commercial (route),(new),Singapore to Dubai Pet Relocation — Complete Guide 2026,(new),Singapore to Dubai Pet Relocation — Complete Guide,0,"2,200-3,000 words",to be indexed,self-canonical,0,0,see new-page-justifications.md,0,0,Must be written from regulatory-source-of-truth.csv only — first-party figures; do NOT repeat 90-day permit validity or unverified fees,0,6,0,TBD (Article + FAQPage + BreadcrumbList),CREATE,75/mo inbound cluster; foufoufly covers Singapore; AVS export rules unique angle | Parent hub: /routes/
https://dubai-pet-relocation.ae/routes/saudi-arabia-to-dubai/,route,pet relocation Saudi Arabia to Dubai,moving dog from Saudi Arabia to Dubai; pet transport Riyadh to Dubai,informational/commercial (route),(new),Saudi Arabia to Dubai Pet Relocation — Complete Guide 2026,(new),Saudi Arabia to Dubai Pet Relocation — Complete Guide,0,"2,500-3,200 words",to be indexed,self-canonical,0,0,see new-page-justifications.md,0,0,Must be written from regulatory-source-of-truth.csv only — first-party figures; do NOT repeat 90-day permit validity or unverified fees,0,6,0,TBD (Article + FAQPage + BreadcrumbList),CREATE,141/mo inbound cluster; GCC gap — no dedicated competitor route pages; MEWA export + MOCCAE import both verified first-party; ground-transport option unique | Parent hub: /routes/
https://dubai-pet-relocation.ae/routes/dubai-to-canada/,route,pet relocation Dubai to Canada,moving dog from Dubai to Canada; pet export Dubai to Canada,informational/commercial (route),(new),Dubai to Canada Pet Relocation | Export Guide 2026,(new),Dubai to Canada Pet Relocation — Exporting Your Pet to Canada,0,"2,500-3,500 words",to be indexed,self-canonical,0,0,see new-page-justifications.md,0,0,Must be written from regulatory-source-of-truth.csv only — first-party figures; do NOT repeat 90-day permit validity or unverified fees,0,6,0,TBD (Article + FAQPage + BreadcrumbList),CREATE,91/mo outbound cluster; CFIA rules in source-of-truth; NOT a reversed inbound copy (brief rule) | Parent hub: /routes/
https://dubai-pet-relocation.ae/routes/dubai-to-australia/,route,pet relocation Dubai to Australia,moving dog from Dubai to Australia; pet relocation Dubai to Australia cost,informational/commercial (route),(new),Dubai to Australia Pet Relocation | Export Guide 2026,(new),Dubai to Australia Pet Relocation — Exporting Your Pet to Australia,0,"3,000-3,800 words",to be indexed,self-canonical,0,0,see new-page-justifications.md,0,0,Must be written from regulatory-source-of-truth.csv only — first-party figures; do NOT repeat 90-day permit validity or unverified fees,0,6,0,TBD (Article + FAQPage + BreadcrumbList),CREATE,"128/mo outbound cluster + 20/mo cost kw; foufoufly ranks; UAE = DAFF Group 3 (180-day residency) verified — the hardest export route, highest advice value | Parent hub: /routes/"
https://dubai-pet-relocation.ae/routes/dubai-to-india/,route,pet relocation Dubai to India,moving dog from Dubai to India; how to take pets from UAE to India,informational/commercial (route),(new),Dubai to India Pet Relocation | Export Guide 2026,(new),Dubai to India Pet Relocation — Exporting Your Pet to India,0,"2,500-3,500 words",to be indexed,self-canonical,0,0,see new-page-justifications.md,0,0,Must be written from regulatory-source-of-truth.csv only — first-party figures; do NOT repeat 90-day permit validity or unverified fees,0,6,0,TBD (Article + FAQPage + BreadcrumbList),CREATE,237/mo outbound cluster (2nd biggest outbound after UK); AQCS NOC + Transfer of Residence rules verified first-party | Parent hub: /routes/
https://dubai-pet-relocation.ae/routes/dubai-to-philippines/,route,pet relocation Dubai to Philippines,moving dog from Dubai to Philippines; pet relocation UAE to Philippines cost,informational/commercial (route),(new),Dubai to Philippines Pet Relocation | Export Guide 2026,(new),Dubai to Philippines Pet Relocation — Exporting Your Pet to the Philippines,0,"2,500-3,200 words",to be indexed,self-canonical,0,0,see new-page-justifications.md,0,0,Must be written from regulatory-source-of-truth.csv only — first-party figures; do NOT repeat 90-day permit validity or unverified fees,0,6,0,TBD (Article + FAQPage + BreadcrumbList),CREATE,165/mo outbound cluster; BAI SPSIC rules verified first-party | Parent hub: /routes/
https://dubai-pet-relocation.ae/routes/dubai-to-germany/,route,pet relocation Dubai to Germany,moving dog from Dubai to Germany; pet relocation Dubai to Europe,informational/commercial (route),(new),Dubai to Germany Pet Relocation | Export Guide 2026,(new),Dubai to Germany Pet Relocation — Exporting Your Pet to Germany,0,"2,500-3,200 words",to be indexed,self-canonical,0,0,see new-page-justifications.md,0,0,Must be written from regulatory-source-of-truth.csv only — first-party figures; do NOT repeat 90-day permit validity or unverified fees,0,6,0,TBD (Article + FAQPage + BreadcrumbList),CREATE,"73/mo cluster + Europe-outbound 91/mo halo; EU entry: UAE is EU titer-exempt listed (verified European Commission) — strong ""no titer needed"" hook | Parent hub: /routes/"
https://dubai-pet-relocation.ae/routes/dubai-to-saudi-arabia/,route,pet relocation Dubai to Saudi Arabia,moving dog from Dubai to Saudi Arabia; pet transport Dubai to Riyadh,informational/commercial (route),(new),Dubai to Saudi Arabia Pet Relocation | Export Guide 2026,(new),Dubai to Saudi Arabia Pet Relocation — Exporting Your Pet to Saudi Arabia,0,"2,500-3,200 words",to be indexed,self-canonical,0,0,see new-page-justifications.md,0,0,Must be written from regulatory-source-of-truth.csv only — first-party figures; do NOT repeat 90-day permit validity or unverified fees,0,6,0,TBD (Article + FAQPage + BreadcrumbList),CREATE,127/mo outbound cluster; GCC gap; MEWA Anaam/Naama permit (30-day validity) verified first-party; Iqama-holder constraint unique detail; ground transport option | Parent hub: /routes/
https://dubai-pet-relocation.ae/guides/pet-export-from-dubai/,guide,pet export from Dubai,how to export pet from UAE; cost to export pet from Dubai; documents to take pet out of UAE,informational,(new),How to Export Your Pet from Dubai — Complete 2026 Guide,(new),"Pet Export from Dubai: Permits, Certificates & Timeline",0,"2,000-2,500 words",to be indexed,self-canonical,0,0,see new-page-justifications.md,0,0,Must be written from regulatory-source-of-truth.csv only — first-party figures; do NOT repeat 90-day permit validity or unverified fees,0,5,0,TBD (Article + FAQPage + BreadcrumbList),CREATE,"Export informational intent currently split across service pages; MOCCAE export cert (AED 100, 1 working day, 30-day validity) verified; anchors all 8 outbound routes | Parent hub: /guides/"
https://dubai-pet-relocation.ae/guides/emirates-pet-cargo/,guide,Emirates pet cargo,Emirates pet policy; Emirates SkyCargo pets; Emirates pet cargo price; Emirates pet cargo booking,informational (airline decision support),(new),Emirates Pet Cargo & SkyCargo Pets — 2026 Guide,(new),"Flying Your Pet with Emirates: SkyCargo, Rules & Costs",0,"1,800-2,400 words",to be indexed,self-canonical,0,0,see new-page-justifications.md,0,0,Must be written from regulatory-source-of-truth.csv only — first-party figures; do NOT repeat 90-day permit validity or unverified fees,0,4,0,TBD (Article + FAQPage + BreadcrumbList),CREATE,"730/mo cluster — biggest airline cluster; first-party fee table verified (USD 500/650/800); factual, no affiliation claims (brief rule) | Parent hub: /guides/"
https://dubai-pet-relocation.ae/guides/etihad-pet-policy/,guide,Etihad pet policy,Etihad pets in cabin; Etihad pet fee; can pets fly in cabin to UAE,informational (airline decision support),(new),"Etihad Pet Policy 2026 — In-Cabin Rules, Fees & Booking",(new),Etihad Pet Travel: The Only UAE In-Cabin Option,0,"1,500-2,000 words",to be indexed,self-canonical,0,0,see new-page-justifications.md,0,0,Must be written from regulatory-source-of-truth.csv only — first-party figures; do NOT repeat 90-day permit validity or unverified fees,0,4,0,TBD (Article + FAQPage + BreadcrumbList),CREATE,300/mo cluster; only UAE cabin-pet carrier; USD 399 fee verified first-party; pairs with /cities/abu-dhabi/ | Parent hub: /guides/
https://dubai-pet-relocation.ae/guides/snub-nosed-dogs-flying-uae/,guide,snub-nosed dog flying to Dubai,brachycephalic breeds flying UAE; French bulldog fly to Dubai; can pugs fly to Dubai; flying Persian cat to Dubai,informational (breed anxiety),(new),Flying Snub-Nosed (Brachycephalic) Pets To/From the UAE — 2026 Guide,(new),Snub-Nosed Dogs & Cats: Airline Rules for UAE Flights,0,"1,800-2,400 words",to be indexed,self-canonical,0,0,see new-page-justifications.md,0,0,Must be written from regulatory-source-of-truth.csv only — first-party figures; do NOT repeat 90-day permit validity or unverified fees,0,5,0,TBD (Article + FAQPage + BreadcrumbList),CREATE,"100/mo cluster; competitor gap #7 — mentioned everywhere, dedicated guide nowhere; IATA +10% crate rule + hot-season advice verified first-party | Parent hub: /guides/"
https://dubai-pet-relocation.ae/guides/dubai-pet-arrival-guide/,guide,pet arrival Dubai airport,DXB pet arrival; Dubai airport pet collection cargo village; Dubai Municipality pet registration; dog license Dubai,informational (post-arrival),(new),Arriving in Dubai with a Pet — Airport Clearance to Municipality Registration (2026),(new),"Your Pet Has Landed in Dubai: Clearance, Collection & Registration",0,"2,000-2,600 words",to be indexed,self-canonical,0,0,see new-page-justifications.md,0,0,Must be written from regulatory-source-of-truth.csv only — first-party figures; do NOT repeat 90-day permit validity or unverified fees,0,5,0,TBD (Article + FAQPage + BreadcrumbList),CREATE,airport-dxb 100/mo + registration 250/mo clusters; competitor gap #6 — nobody owns post-arrival journey; DM registration fee AED 10 etc verified vs u.ae/DM; ties to registration-assist service upsell | Parent hub: /guides/
https://dubai-pet-relocation.ae/guides/pet-relocation-companies-dubai/,guide,best pet relocation companies Dubai,top pet relocation companies Dubai; how to choose a pet relocation company Dubai,commercial investigation/comparison,(new),Best Pet Relocation Companies in Dubai — An Honest 2026 Comparison,(new),How to Choose a Pet Relocation Company in Dubai (Honest Comparison),0,"2,000-2,500 words",to be indexed,self-canonical,0,0,see new-page-justifications.md,0,0,Must be written from regulatory-source-of-truth.csv only — first-party figures; do NOT repeat 90-day permit validity or unverified fees,0,5,0,TBD (Article + FAQPage + BreadcrumbList),CREATE,"~200/mo comparison cluster owned by error-prone PropertyFinder listicles (competitor gap #4); must disclose bias, use verifiable criteria only (brief rule) | Parent hub: /guides/"
https://dubai-pet-relocation.ae/cities/sharjah/,city,pet relocation Sharjah,pet transport Sharjah to Dubai; pet movers Sharjah,commercial/local,(new),Pet Relocation Sharjah | Dog & Cat Transport (2026),(new),Pet Relocation in Sharjah,0,"1,800-2,400 words",to be indexed,self-canonical,0,0,see new-page-justifications.md,0,0,Must be written from regulatory-source-of-truth.csv only — first-party figures; do NOT repeat 90-day permit validity or unverified fees,0,6,0,TBD (Article + FAQPage + BreadcrumbList),CREATE,140/mo est.; ISS ranks emirate-level with generic mover blog — beatable; Sharjah pet ownership rules + inter-emirate DXB/SHJ airport angle | Parent hub: /cities/
https://dubai-pet-relocation.ae/service/corporate-pet-relocation/,service,corporate pet relocation Dubai,employee relocation with pets UAE; HR relocation package pets Dubai; bulk pet transport UAE,commercial (B2B),(new),Corporate Pet Relocation UAE | Employee & Executive Moves,(new),Corporate & Employee Pet Relocation Services,0,"1,200-1,800 words",to be indexed,self-canonical,0,0,see new-page-justifications.md,0,0,Must be written from regulatory-source-of-truth.csv only — first-party figures; do NOT repeat 90-day permit validity or unverified fees,0,7,0,TBD (Article + FAQPage + BreadcrumbList),CREATE,b2b cluster 130/mo — low volume/high contract value (brief ruling); Freightworks owns Emirates HR channel; crownrelo/khimjis adjacent; volume pricing + SLA framing | Parent hub: /services/
