Claim,Source,Source URL,Jurisdiction,Date Checked,Last-Updated Date If Available,Confidence Level,Page Using The Claim,Next Review Date
MOCCAE (Ministry of Climate Change and Environment) is the UAE federal authority that issues pet import permits and veterinary travel documents,MOCCAE,https://www.moccae.gov.ae/assets/5064985a/pet-import-permit-dogs-and-cats.aspx,UAE,2026-09-04,,high,TBD - assign during page build,2026-12-03
Every dog or cat imported into the UAE requires a MOCCAE import permit issued BEFORE the pet arrives; pets cannot enter with an expired permit,MOCCAE / USDA APHIS,https://www.aphis.usda.gov/pet-travel/us-to-another-country-export/pet-travel-us-united-arab-emirates,UAE,2026-09-04,2023-10-10,high,TBD - assign during page build,2026-12-03
MOCCAE import permit for pets is valid for 30 days from the date of issuance; the pet must enter the UAE within that window (NOTE: some 2025-26 secondary sources and the client's own site claim 90 days - verify on MOCCAE portal before publishing),USDA APHIS / MOCCAE document / RAK Customs,https://www.aphis.usda.gov/pet-travel/us-to-another-country-export/pet-travel-us-united-arab-emirates,UAE,2026-09-04,2023-10-10,medium,TBD - assign during page build,2026-12-03
"Maximum 2 pets per person (2 cats, or 2 dogs, or 1 cat and 1 dog) may be imported into the UAE per permit/per year for personal (non-commercial) import",USDA APHIS,https://www.aphis.usda.gov/pet-travel/us-to-another-country-export/pet-travel-us-united-arab-emirates,UAE,2026-09-04,2023-10-10,high,TBD - assign during page build,2026-12-03
"MOCCAE import permit government fee is approximately AED 200 per pet (per official Abu Dhabi government portal ADRO; an older MOCCAE-published PDF lists AED 500 per pet - fee conflict flagged, verify on MOCCAE portal)",Abu Dhabi Government (ADRO),https://adro.gov.ae/Living-in-Abu-Dhabi/Living-With-Pets,UAE,2026-09-04,,medium,TBD - assign during page build,2026-12-03
MOCCAE import permit processing typically takes 2-5 working days (no first-party published SLA found; secondary UAE sources agree),Foufoufly / Dubai Pet Relocation (secondary),https://foufoufly.com/moccae-pet-import-permit/,UAE,2026-09-04,,secondary-source,TBD - assign during page build,2026-12-03
Pets must enter the UAE as manifested (manifest) cargo in accordance with IATA live animal transport conditions - not as cabin or accompanied checked baggage (exception: Etihad in-cabin arrivals into Abu Dhabi),MOCCAE / RAK Customs,https://www.moccae.gov.ae/assets/5064985a/pet-import-permit-dogs-and-cats.aspx,UAE,2026-09-04,,high,TBD - assign during page build,2026-12-03
Imported dogs and cats must be identified with an ISO 11784/11785-compliant 15-digit microchip; the chip number on the health certificate must match the implanted chip,MOCCAE / RAK Customs,https://www.moccae.gov.ae/assets/5064985a/pet-import-permit-dogs-and-cats.aspx,UAE,2026-09-04,,high,TBD - assign during page build,2026-12-03
Microchip must be implanted BEFORE the rabies vaccination for the vaccination to be valid for UAE import,MOCCAE,https://dubai-pet-relocation.ae/service/moccae-pet-permit/,UAE,2026-09-04,,medium,TBD - assign during page build,2026-12-03
"Rabies vaccination: first vaccination not before the pet is 12 weeks (3 months) old, and at least 21 days must elapse between vaccination and arrival in the UAE",MOCCAE,https://www.moccae.gov.ae/assets/5064985a/pet-import-permit-dogs-and-cats.aspx,UAE,2026-09-04,,high,TBD - assign during page build,2026-12-03
"Required dog vaccinations for UAE import: rabies plus canine distemper (CDV), parvovirus, infectious canine hepatitis (adenovirus) and leptospirosis",MOCCAE,https://www.moccae.gov.ae/assets/5064985a/pet-import-permit-dogs-and-cats.aspx,UAE,2026-09-04,,high,TBD - assign during page build,2026-12-03
"Required cat vaccinations for UAE import: rabies plus feline panleukopenia, feline rhinotracheitis (herpesvirus) and calicivirus",MOCCAE,https://www.moccae.gov.ae/assets/5064985a/pet-import-permit-dogs-and-cats.aspx,UAE,2026-09-04,,high,TBD - assign during page build,2026-12-03
Rabies antibody titre test (RNATT/RSNT) required for pets arriving from countries NOT on MOCCAE's low-risk/exempt country list; minimum acceptable result 0.5 IU/ml; blood sample taken within 90 days before travel,MOCCAE,https://www.moccae.gov.ae/assets/5064985a/pet-import-permit-dogs-and-cats.aspx,UAE,2026-09-04,,high,TBD - assign during page build,2026-12-03
Pets from MOCCAE-listed rabies-controlled (low-risk) countries are exempt from the rabies titre test (the current exempt-country list could not be captured from a first-party page this check - flag for verification),MOCCAE,https://www.moccae.gov.ae/assets/5064985a/pet-import-permit-dogs-and-cats.aspx,UAE,2026-09-04,,medium,TBD - assign during page build,2026-12-03
External parasite treatment (e.g. Fipronil/Permethrin) and internal deworming required within 10 days before shipping to the UAE,MOCCAE,https://www.moccae.gov.ae/assets/5064985a/pet-import-permit-dogs-and-cats.aspx,UAE,2026-09-04,,high,TBD - assign during page build,2026-12-03
An official health certificate issued/endorsed by the competent government veterinary authority of the origin country must accompany the pet; commonly required within 5-10 days of departure,MOCCAE,https://www.moccae.gov.ae/assets/5064985a/pet-import-permit-dogs-and-cats.aspx,UAE,2026-09-04,,medium,TBD - assign during page build,2026-12-03
"Non-compliant imports face a fine of AED 5,000 per animal and the animal may be rejected or confiscated",MOCCAE,https://www.moccae.gov.ae/assets/5064985a/pet-import-permit-dogs-and-cats.aspx,UAE,2026-09-04,,high,TBD - assign during page build,2026-12-03
Compliant pets are examined by MOCCAE veterinary staff at the UAE entry port and released to the owner - no routine quarantine for compliant pets,MOCCAE / RAK Customs,https://rakcustoms.rak.ae/wp-content/uploads/Issue23_En.pdf,UAE,2026-09-04,,high,TBD - assign during page build,2026-12-03
"On-arrival veterinary release/inspection fee at DXB Cargo Village: widely cited 2025-26 figure AED 500 per dog / AED 250 per cat (an older MOCCAE PDF lists AED 1,000 per dog / AED 500 per cat - fee conflict flagged, verify on MOCCAE portal)",RelocateMyPet / Dubai Pet Relocation (secondary),https://relocatemypet.ae/hub/moccae-pet-travel-documentation,UAE,2026-09-04,,secondary-source,TBD - assign during page build,2026-12-03
"Banned/restricted dog breeds in the UAE (Federal Law No. 22 of 2016, Annex 2): Pit Bulls (Staffordshire Bull Terrier, American Pit Bull Terrier, American Staffordshire Terrier, American Bully and their mixes/hybrids)",UAE Government portal (u.ae) - Federal Law 22/2016,https://assets.u.ae/api/public/content/e0c559ea4a0c408a963390576c2341b1?v=be78685f,UAE,2026-09-04,,high,TBD - assign during page build,2026-12-03
"UAE banned breeds continued: Mastiff dogs (Brazilian Mastiff/Fila Brasileiro, Argentinian Mastiff/Dogo Argentino, any Mastiff or hybrid), Japanese Tosa or hybrid, Rottweilers or hybrid, Doberman Pinschers, Presa Canario, Boxer",UAE Government portal (u.ae) - Federal Law 22/2016,https://assets.u.ae/api/public/content/e0c559ea4a0c408a963390576c2341b1?v=be78685f,UAE,2026-09-04,,high,TBD - assign during page build,2026-12-03
"Possessing, trading or breeding Annex-2 dangerous dogs is prohibited in the UAE under Article 14 of Federal Law No. 22 of 2016",UAE Government portal (u.ae),https://assets.u.ae/api/public/content/e0c559ea4a0c408a963390576c2341b1?v=be78685f,UAE,2026-09-04,,high,TBD - assign during page build,2026-12-03
"UAE Annex 2 dangerous dog list was amended by Ministerial Decree No. 190 of 2021, which also set conditions for importing service/emotional-support/medical dogs",ECOLEX (FAOLEX) / UAE Ministry of Justice,https://www.ecolex.org/details/legislation/ministerial-decree-no-190-of-2021-to-amend-annex-no-2-attached-to-federal-law-no-22-of-2016-on-regulating-possession-of-dangerous-animals-lex-faoc221655/,UAE,2026-09-04,,medium,TBD - assign during page build,2026-12-03
All dogs in the UAE must be licensed by the competent authority and registered (with microchip number and vaccination record) under Articles 12-13 of Federal Law No. 22 of 2016,UAE Government portal (u.ae),https://assets.u.ae/api/public/content/e0c559ea4a0c408a963390576c2341b1?v=be78685f,UAE,2026-09-04,,high,TBD - assign during page build,2026-12-03
"Dogs must be leashed in public in the UAE; unleashed dogs may be detained (Federal Law 22/2016, Article 15)",UAE Government portal (u.ae),https://assets.u.ae/api/public/content/e0c559ea4a0c408a963390576c2341b1?v=be78685f,UAE,2026-09-04,,high,TBD - assign during page build,2026-12-03
Puppies and kittens under ~15 weeks cannot be imported to the UAE (derived: rabies vaccine at >=12 weeks + mandatory 21-day wait before arrival),MOCCAE (derived from vaccination rules),https://www.moccae.gov.ae/assets/5064985a/pet-import-permit-dogs-and-cats.aspx,UAE,2026-09-04,,medium,TBD - assign during page build,2026-12-03
"Every pet leaving the UAE needs a MOCCAE veterinary health certificate for export, applied for online via the MOCCAE digital services portal (UAE Pass login) with an in-person examination at a MOCCAE quarantine centre (e.g. Dubai Airport Cargo Village or Zayed International Airport)","MOCCAE (via secondary: pawssible.ai, verified 02/09/2026)",https://pawssible.ai/guides/moccae-export-permit,UAE,2026-09-04,2026-09-02,secondary-source,TBD - assign during page build,2026-12-03
MOCCAE export health certificate fee: AED 100 for a personal consignment of up to 2 animals (AED 400 for other consignments); stated service time 1 working day; certificate valid 30 days from issue,"MOCCAE (via secondary: pawssible.ai, verified 02/09/2026)",https://pawssible.ai/guides/moccae-export-permit,UAE,2026-09-04,2026-09-02,secondary-source,TBD - assign during page build,2026-12-03
"Destination-country requirements (e.g. titer tests, specific certificate formats, endorsement) must be met BEFORE the MOCCAE export health certificate is issued - plan from the destination backwards",RelocateMyPet (secondary),https://relocatemypet.ae/hub/moccae-pet-travel-documentation,UAE,2026-09-04,,secondary-source,TBD - assign during page build,2026-12-03
"Pet registration with Dubai Municipality is mandatory (dog licence required under Federal Law 22/2016); registration done via dm.gov.ae, Dubai Now app or veterinary clinics",UAE Government portal (u.ae) / Dubai Municipality,https://assets.u.ae/api/public/content/e0c559ea4a0c408a963390576c2341b1?v=be78685f,UAE - Dubai,2026-09-04,,high,TBD - assign during page build,2026-12-03
Dubai Municipality registration & numbering fee: AED 10 for dogs/cats (AED 20 other animals) + AED 50 per microchip + AED 20 knowledge & innovation fee + 5% VAT (secondary source citing DM fee schedule - verify on dm.gov.ae),Property Finder citing Dubai Municipality (secondary),https://www.propertyfinder.ae/blog/pet-rules-dubai/,UAE - Dubai,2026-09-04,2026-02-24,secondary-source,TBD - assign during page build,2026-12-03
"Dubai Municipality pet registration requires annual renewal with up-to-date vaccination records; unregistered/unvaccinated pets risk fines (approx AED 150-500, secondary)",PetSpoiler.ae (secondary),https://www.petspoiler.ae/registering-your-pet-in-dubai-complete-guide/,UAE - Dubai,2026-09-04,2026-07-03,secondary-source,TBD - assign during page build,2026-12-03
"Emirates does not carry animals in the cabin, except falcons between Dubai and certain destinations in Pakistan, and guide dogs for the blind",Emirates,https://www.emirates.com/english/help/faq-topics/baggage-and-lost-property/faq/what-are-the-rules-and-charges-for-travelling-with-animals/,UAE / Emirates network,2026-09-04,,high,TBD - assign during page build,2026-10-04
"On Emirates, ALL itineraries ending in Dubai: animals must be transported as cargo (Emirates SkyCargo); from Dubai, falcons, cats, dogs and pet birds may travel as checked baggage in the hold if total journey time is under 17 hours",Emirates,https://www.emirates.com/english/help/faq-topics/baggage-and-lost-property/faq/what-are-the-rules-and-charges-for-travelling-with-animals/,UAE / Emirates network,2026-09-04,,high,TBD - assign during page build,2026-10-04
"Emirates animal charges: USD 500 (pet+carrier <=23kg and <=150cm); USD 650 (24-32kg, 150-300cm); USD 800 (>32kg, <=300cm); containers over 300cm travel as cargo",Emirates,https://www.emirates.com/english/help/faq-topics/baggage-and-lost-property/faq/what-are-the-rules-and-charges-for-travelling-with-animals/,UAE / Emirates network,2026-09-04,,high,TBD - assign during page build,2026-10-04
Emirates does not accept birds (except some falcons) for transit via Dubai as checked baggage or cargo between 1 May and 30 September each year,Emirates,https://www.emirates.com/english/help/faq-topics/baggage-and-lost-property/faq/what-are-the-rules-and-charges-for-travelling-with-animals/,UAE / Emirates network,2026-09-04,,high,TBD - assign during page build,2026-10-04
Emirates requires the pet travel form to be submitted at least 1 week before the flight; minimum pet age 4 months,Emirates,https://www.emirates.com/english/help/forms/pets-travel/,UAE / Emirates network,2026-09-04,,high,TBD - assign during page build,2026-10-04
"Emirates: max two adult animals of comparable size, each up to 14kg, may share one container; animals over 14kg must travel in separate containers",Emirates,https://www.emirates.com/english/help/faq-topics/baggage-and-lost-property/faq/what-are-the-rules-and-charges-for-travelling-with-animals/,UAE / Emirates network,2026-09-04,,high,TBD - assign during page build,2026-10-04
"Emirates: pregnant animals not accepted beyond one-third of gestation, nor within 48 hours of giving birth",Emirates,https://www.emirates.com/english/help/faq-topics/baggage-and-lost-property/faq/what-are-the-rules-and-charges-for-travelling-with-animals/,UAE / Emirates network,2026-09-04,,high,TBD - assign during page build,2026-10-04
Emirates requires a valid import permit and government-endorsed health certificate for the destination before accepting animals,Emirates,https://www.emirates.com/english/help/faq-topics/baggage-and-lost-property/faq/what-are-the-rules-and-charges-for-travelling-with-animals/,UAE / Emirates network,2026-09-04,,high,TBD - assign during page build,2026-10-04
Emirates SkyCargo transports pets as manifest cargo under IATA Live Animals Regulations with dedicated 'Emirates Pets' product,Emirates SkyCargo,https://www.skycargo.com/products/live/pets/,UAE / Emirates network,2026-09-04,,high,TBD - assign during page build,2026-10-04
Emirates restricts/bans snub-nosed (brachycephalic) breeds from checked baggage/cargo on some or all routes (breed list not found on current first-party Emirates page - secondary only),PetTravel.com (secondary),https://www.pettravel.com/information/airlines/emirates-pet-policy/,UAE / Emirates network,2026-09-04,,secondary-source,TBD - assign during page build,2026-10-04
Etihad is the only UAE airline accepting small dogs and cats in the cabin; pets must be at least 16 weeks old and weigh up to 8kg including carrier; owner must be 18+,Etihad,https://www.etihad.com/en-ae/plan/travel-companion/travelling-with-pets,UAE / Etihad network,2026-09-04,,high,TBD - assign during page build,2026-10-04
Etihad cabin pet fee: from USD 399 Economy (source: Etihad). Business extra seat plus USD 399. Confirm live at booking — fees change. Do not reprint circulating USD 1,500 as a current fee.,Etihad,https://www.etihad.com/en-ae/plan/travel-companion/travelling-with-pets,UAE / Etihad network,2026-09-04,,high,TBD - assign during page build,2026-10-04
Etihad: submit pet booking form at least 7 days before the flight and email required documents at least 72 hours before,Etihad,https://www.etihad.com/en-ae/plan/travel-companion/travelling-with-pets,UAE / Etihad network,2026-09-04,,high,TBD - assign during page build,2026-10-04
Etihad carrier limits: max 40x40x22cm under seat; 50x43x50cm if an extra seat is purchased; at least 16% of the container ventilated on at least three sides; escape- and leak-proof,Etihad,https://www.etihad.com/en-ae/plan/travel-companion/travelling-with-pets,UAE / Etihad network,2026-09-04,,high,TBD - assign during page build,2026-10-04
"Flying to Abu Dhabi with a pet on Etihad requires a pet release permit, a completed UAE Health Certificate and an Abu Dhabi Customs Bill of Entry",Etihad,https://www.etihad.com/en-ae/plan/travel-companion/travelling-with-pets,UAE / Etihad network,2026-09-04,,high,TBD - assign during page build,2026-10-04
Etihad: falcons permitted in the cabin on all Etihad-operated flights - Economy 1 falcon/person (2 with extra seat); Business 2/person (3 with extra seat); First 2/person,Etihad,https://www.etihad.com/en-ae/plan/travel-companion/travelling-with-pets,UAE / Etihad network,2026-09-04,,high,TBD - assign during page build,2026-10-04
flydubai does not allow animals in the cabin except falcons with special prior approval; all other pets travel via flydubai Cargo,flydubai,https://www.flydubai.com/en/flying-with-us/baggage/special-baggage,UAE / flydubai network,2026-09-04,,high,TBD - assign during page build,2026-10-04
flydubai does not offer checked-baggage (AVIH) service for animals; pets under 6 months need pre-approval from flydubai Cargo Special Handling Desk; snub-nosed and listed aggressive breeds not accepted (per secondary),PetTravel.com (secondary),https://www.pettravel.com/information/airlines/flydubai-pet-policy/,UAE / flydubai network,2026-09-04,2025-12-06,secondary-source,TBD - assign during page build,2026-10-04
Qatar Airways does not accept pets in cabin (PETC) except falcons; dogs/cats travel as checked baggage (AVIH) or cargo; service dogs free in cabin on specific routings only,Qatar Airways,https://www.qatarairways.com/tradeportal/en/specialservices/Carriage-of-live-animals.html,Qatar / Qatar Airways network,2026-09-04,,high,TBD - assign during page build,2026-10-04
Saudia: household pets accepted on direct routes; dogs must travel in the ventilated cargo hold; cats and small birds may travel in cabin or hold; falcons accepted in cabin when hooded; all live animals must be registered on the MEWA NAAMA portal before travel,Saudia,https://www.saudia.com/book/flight-information/travelling-with-pets,Saudi Arabia / Saudia network,2026-09-04,,high,TBD - assign during page build,2026-10-04
"IATA Live Animals Regulations (LAR) Container Requirement 1 (CR1) applies to pet cats and dogs: the animal must be able to stand and sit erect, turn around normally while standing, and lie in a natural position",IATA,https://www.iata.org/en/programs/cargo/live-animals/pets/,International (air transport),2026-09-04,,high,TBD - assign during page build,2026-12-03
"IATA container size formula: length = A + 1/2 B (A=nose to base of tail, B=ground to elbow); width = C x 2 (C=widest point); height = D + bedding (D=natural standing height to head/ear tip)",IATA,https://www.iata.org/en/programs/cargo/live-animals/pets/,International (air transport),2026-09-04,,high,TBD - assign during page build,2026-12-03
IATA: snub-nosed (brachycephalic) breeds require a container 10% larger than the standard calculation,IATA,https://www.iata.org/en/programs/cargo/live-animals/pets/,International (air transport),2026-09-04,,high,TBD - assign during page build,2026-12-03
"IATA: max two adult animals up to 14kg each that are used to cohabiting may share one container; animals over 14kg must be crated individually; puppies/kittens from the same litter, under 6 months and under 14kg each, max 3 per container",IATA,https://www.iata.org/en/programs/cargo/live-animals/pets/,International (air transport),2026-09-04,,high,TBD - assign during page build,2026-12-03
"IATA advises against transporting snub-nose dogs (boxers, pugs, bulldogs, Pekingese) in the hot season due to body-temperature regulation difficulty",IATA,https://www.iata.org/en/programs/cargo/live-animals/pets/,International (air transport),2026-09-04,,high,TBD - assign during page build,2026-10-04
"IATA Traveler's Pet Corner provides the CR1 container requirements (CR1 LAR 2026 edition), travel preparation and health guidance for passengers",IATA,https://www.iata.org/en/publications/newsletters/iata-knowledge-hub/making-in-cabin-pet-travel-easier-iata-new-initiatives/,International (air transport),2026-09-04,2026-06-08,high,TBD - assign during page build,2026-12-03
"The UAE is a 'listed country' for Great Britain pet travel, so dogs/cats from the UAE do NOT need a rabies blood test (titre) to enter GB",GOV.UK,https://www.gov.uk/bring-pet-to-great-britain,United Kingdom,2026-09-04,,high,TBD - assign during page build,2026-12-03
Pets entering GB from the UAE (non-EU listed country) need a GB pet health certificate issued by an official vet in the UAE within 10 days of arrival (travellers from GB use an Animal Health Certificate),GOV.UK,https://www.gov.uk/bring-pet-to-great-britain,United Kingdom,2026-09-04,,high,TBD - assign during page build,2026-12-03
"GB entry: pet must be microchipped BEFORE rabies vaccination, and rabies vaccination must be given at least 21 days before travel (pet at least 12 weeks old)",GOV.UK,https://www.gov.uk/bring-pet-to-great-britain,United Kingdom,2026-09-04,,high,TBD - assign during page build,2026-12-03
"Dogs entering GB need tapeworm (Echinococcus multilocularis) treatment by a vet 24 to 120 hours (1-5 days) before arrival (exempt arrivals from Finland, Ireland, NI, Malta, Norway)",GOV.UK,https://www.gov.uk/bring-pet-to-great-britain,United Kingdom,2026-09-04,,high,TBD - assign during page build,2026-12-03
Pets must travel to GB on approved routes with approved carriers; pets arriving by air to GB generally travel as cargo and are checked at an animal reception centre,GOV.UK,https://www.gov.uk/bring-pet-to-great-britain,United Kingdom,2026-09-04,,high,TBD - assign during page build,2026-12-03
Max 5 pets per person may enter GB under non-commercial pet travel rules (more requires commercial rules),GOV.UK,https://www.gov.uk/bring-pet-to-great-britain,United Kingdom,2026-09-04,,high,TBD - assign during page build,2026-12-03
Pets failing GB entry rules can be refused entry or quarantined for up to 4 months at the owner's expense,GOV.UK,https://www.gov.uk/bring-pet-to-great-britain,United Kingdom,2026-09-04,,medium,TBD - assign during page build,2026-12-03
"Since 1 August 2024, ALL dogs entering the USA must be at least 6 months old, have an ISO-compatible microchip, appear healthy, and be accompanied by a CDC Dog Import Form receipt",CDC,https://www.cdc.gov/importation/dogs/index.html,USA,2026-09-04,,high,TBD - assign during page build,2026-12-03
Dogs that have been only in rabies-free or low-risk countries in the prior 6 months need only the CDC Dog Import Form + microchip + 6-month age + healthy appearance; no rabies vaccination proof required by CDC,CDC,https://www.cdc.gov/importation/dogs/rabies-free-low-risk-countries.html,USA,2026-09-04,,high,TBD - assign during page build,2026-12-03
The UAE is on CDC's list of high-risk countries for dog rabies (list page rendered dynamically; presence corroborated by multiple secondary sources and CDC-approved-lab routing guidance),CDC,https://www.cdc.gov/importation/dogs/high-risk-countries.html,USA,2026-09-04,,medium,TBD - assign during page build,2026-12-03
"Foreign-vaccinated dogs from high-risk countries (incl. UAE) need: Certification of Foreign Rabies Vaccination and Microchip form (completed <=30 days before travel, valid for single entry), government-vet endorsement, CDC Dog Import Form receipt, and reservation at a CDC-registered animal care facility",CDC,https://www.cdc.gov/importation/dogs/foreign-vaccinated-high-risk-countries.html,USA,2026-09-04,2026-07-07,high,TBD - assign during page build,2026-12-03
Dogs from high-risk countries without a valid CDC-approved-lab rabies titer must undergo a 28-day quarantine at a CDC-registered animal care facility at the importer's expense,CDC,https://www.cdc.gov/importation/dogs/foreign-vaccinated-high-risk-countries.html,USA,2026-09-04,2026-07-07,high,TBD - assign during page build,2026-12-03
CDC titer timing: blood drawn at least 30 days after the first valid rabies vaccination AND at least 28 days before US entry; passing titer valid for the dog's life if vaccination coverage never lapses,CDC,https://www.cdc.gov/importation/dogs/foreign-vaccinated-high-risk-countries.html,USA,2026-09-04,2026-07-07,high,TBD - assign during page build,2026-12-03
Microchip must be implanted before the rabies vaccination or the vaccine is invalid for CDC purposes; first rabies vaccine accepted at >=12 weeks (84 days) of age and >=28 days before entry,CDC,https://www.cdc.gov/importation/dogs/foreign-vaccinated-high-risk-countries.html,USA,2026-09-04,2026-07-07,high,TBD - assign during page build,2026-12-03
"Foreign-vaccinated dogs from high-risk countries may only arrive by air at a US airport with a CDC-registered animal care facility (no such facilities in Alaska, Hawaii or US territories)",CDC,https://www.cdc.gov/importation/dogs/foreign-vaccinated-high-risk-countries.html,USA,2026-09-04,2026-07-07,high,TBD - assign during page build,2026-12-03
US-vaccinated dogs returning from high-risk countries need the Certification of U.S.-Issued Rabies Vaccination form; USDA-endorsed export health certificates issued after 31 July 2025 are no longer accepted for re-entry,CDC,https://www.cdc.gov/importation/dogs/us-vaccinated-high-risk-countries.html,USA,2026-09-04,2026-04-28,high,TBD - assign during page build,2026-12-03
CDC dog import rules do NOT apply to cats; cats must appear healthy on arrival and rabies vaccination requirements are set by the destination state/territory (check state rules),CDC / USDA APHIS,https://www.aphis.usda.gov/pet-travel,USA,2026-09-04,,medium,TBD - assign during page build,2026-12-03
Canada (CFIA): personal pet dogs 3 months and older need a valid rabies vaccination certificate (English/French) identifying the animal; no federal import permit for personal pets,CFIA (via secondary; CFIA pets pages returned 404 during check - flag),https://www.ferndalekennels.com/en/blog/pet-quarantine-canada/,Canada,2026-09-04,,secondary-source,TBD - assign during page build,2026-12-03
Canada: cats 3 months and older need a rabies vaccination certificate; cats under 3 months exempt; no quarantine for compliant personal pets,CFIA (via secondary),https://www.ferndalekennels.com/en/blog/pet-quarantine-canada/,Canada,2026-09-04,,secondary-source,TBD - assign during page build,2026-12-03
"Canada: dogs under 8 months imported for commercial purposes (resale/adoption/breeding/exhibition) require an import permit, microchip and health certificate",CFIA (via secondary),https://www.petmovers.com/moving-your-pet-to-canada-us-guide/,Canada,2026-09-04,,secondary-source,TBD - assign during page build,2026-12-03
Canada: CBSA/CFIA border inspection fee of approx CAD 30 + tax applies to pet imports from non-US origins,CFIA/CBSA (via secondary),https://www.ferndalekennels.com/en/blog/pet-quarantine-canada/,Canada,2026-09-04,,secondary-source,TBD - assign during page build,2026-12-03
The UAE is a DAFF Group 3 approved country: cats and dogs can be exported directly from the UAE to Australia under Group 3 conditions,Australian Government DAFF,https://www.agriculture.gov.au/biosecurity-trade/cats-dogs/how-to-import/step-by-step-guides/category-3-step-by-step-guide-for-dogs,Australia,2026-09-04,2026-02-20,high,TBD - assign during page build,2026-12-03
"Australia Group 3: dog/cat must have lived in an approved country for at least 180 days before export (counted from the date the RNATT sample arrives at the laboratory); the 180 days is a residency period, not quarantine",Australian Government DAFF,https://www.agriculture.gov.au/biosecurity-trade/cats-dogs/how-to-import/step-by-step-guides/category-3-step-by-step-guide-for-dogs,Australia,2026-09-04,2026-02-20,high,TBD - assign during page build,2026-12-03
Australia Group 3 requires a rabies vaccination followed by an RNATT (rabies neutralising antibody titre test) result of >=0.5 IU/ml from an approved laboratory,Australian Government DAFF,https://www.agriculture.gov.au/biosecurity-trade/cats-dogs/how-to-import/step-by-step-guides/category-3-step-by-step-guide-for-dogs,Australia,2026-09-04,,high,TBD - assign during page build,2026-12-03
"Australia: post-entry quarantine for cats and dogs only at the Mickleham post-entry quarantine facility (Melbourne); minimum 10-30 days, up to 180 days if risk issues arise",Australian Government DAFF,https://www.agriculture.gov.au/biosecurity-trade/cats-dogs/frequently-asked-questions,Australia,2026-09-04,2026-07-01,high,TBD - assign during page build,2026-12-03
Australia: quarantine can be reduced from 30 to a 10-day minimum if official identity verification is completed before the RNATT blood draw and at least 180 days before export,Australian Government DAFF,https://www.agriculture.gov.au/biosecurity-trade/cats-dogs/how-to-import/step-by-step-guides/category-3-step-by-step-guide-for-dogs,Australia,2026-09-04,,high,TBD - assign during page build,2026-12-03
Australia: an import permit (applied via BICON) is required before quarantine can be booked; an import permit does not guarantee a quarantine place,Australian Government DAFF,https://www.agriculture.gov.au/biosecurity-trade/cats-dogs/frequently-asked-questions,Australia,2026-09-04,2026-07-01,high,TBD - assign during page build,2026-12-03
"Australia: hybrid dogs not allowed include Czechoslovakian wolfdog/Vlcak, Saarloos wolfdog, Lupo Italiano and Kunming wolfdog; dogs must not be more than 30 days pregnant or nursing at export",Australian Government DAFF,https://www.agriculture.gov.au/biosecurity-trade/cats-dogs/how-to-import/step-by-step-guides/category-3-step-by-step-guide-for-dogs,Australia,2026-09-04,2026-02-20,high,TBD - assign during page build,2026-12-03
"Australia: pets from non-approved countries (e.g. India) must first reside 180+ days in an approved Group 2/3 country before export to Australia (DAFF policy, described in secondary detail)",Australian Government DAFF (via secondary),https://www.petrelocation.com/blog/post,Australia,2026-09-04,,medium,TBD - assign during page build,2026-12-03
Australia: Bengal cats banned from import since 1 March 2026 (earlier 5th-generation exemption revoked); Savannah cats and wild-cat hybrids never permitted (secondary),Migratio / Pet Holiday Club (secondary),https://migratio.com.au/blog/bringing-a-cat-to-australia,Australia,2026-09-04,2026-06-29,secondary-source,TBD - assign during page build,2026-12-03
"The UAE is on the EU list of third countries/territories whose pet dogs, cats and ferrets are EXEMPT from the rabies antibody titration test for non-commercial entry into the EU",European Commission,https://food.ec.europa.eu/animals/movement-pets/eu-legislation/non-commercial-movement-non-eu-countries_en,European Union,2026-09-04,2026-06-19,high,TBD - assign during page build,2026-12-03
"EU non-commercial entry from third countries: ISO microchip (before rabies vaccination), valid rabies vaccination (21-day wait for primary vaccination), and an EU animal health certificate issued by an official/authorised vet",European Commission,https://food.ec.europa.eu/animals/movement-pets/eu-legislation/non-commercial-movement-non-eu-countries_en,European Union,2026-09-04,,high,TBD - assign during page build,2026-12-03
EU: max 5 pets per traveller under non-commercial rules; more than 5 triggers commercial (Balai) rules unless attending a show/competition,European Commission,https://food.ec.europa.eu/animals/movement-pets/eu-legislation/non-commercial-movement-non-eu-countries_en,European Union,2026-09-04,,high,TBD - assign during page build,2026-12-03
EU pet travel framework updated by Delegated Regulation (EU) 2026/131 and Implementing Regulation (EU) 2026/636 (new country listing),European Commission,https://food.ec.europa.eu/animals/movement-pets/eu-legislation/non-commercial-movement-non-eu-countries_en,European Union,2026-09-04,2026-06-19,high,TBD - assign during page build,2026-12-03
EU animal health certificate is valid for entry into the EU for 10 days from issue and for onward movement within the EU for 4 months,European Commission,https://food.ec.europa.eu/animals/movement-pets/eu-legislation/non-commercial-movement-non-eu-countries_en,European Union,2026-09-04,,medium,TBD - assign during page build,2026-12-03
"India: every pet dog/cat import needs an Advance No Objection Certificate (NOC) from the Animal Quarantine & Certification Station (AQCS), applied at least 7 working days before embarkation",USDA APHIS / Govt of India DAHD,https://www.aphis.usda.gov/sites/default/files/india-cats-guidance.pdf,India,2026-09-04,,high,TBD - assign during page build,2026-12-03
"India: three import pathways - Transfer of Residence (proof of 2 years overseas stay + relocation proof), Re-import (original AQCS export health certificate), or Short Stay (valid DGFT import licence)",USDA APHIS / DGFT,https://www.aphis.usda.gov/sites/default/files/india-cats-guidance.pdf,India,2026-09-04,,high,TBD - assign during page build,2026-12-03
"India: pet import is allowed only through the airports/seaports of Delhi, Mumbai, Chennai, Hyderabad, Bangalore and Kolkata, with quarantine at the government station where required",DGFT (Govt of India),https://content.dgft.gov.in/Website/FAQ_IMPORT_PET.pdf,India,2026-09-04,,high,TBD - assign during page build,2026-12-03
India: DGFT short-stay import licence is decided by the inter-ministerial Exim Facilitation Committee which meets about once a month - allow at least a month,DGFT (Govt of India),https://content.dgft.gov.in/Website/FAQ_IMPORT_PET.pdf,India,2026-09-04,,high,TBD - assign during page build,2026-12-03
India: ISO microchip (before rabies vaccination) and current rabies vaccination required; no rabies titer test required; pets arriving as baggage generally face 15-day quarantine (secondary detail),PetRelocation.com (secondary),https://www.petrelocation.com/country/india,India,2026-09-04,2026-06-30,secondary-source,TBD - assign during page build,2026-12-03
Philippines: an approved SPSIC (Sanitary and Phytosanitary Import Clearance) from the Bureau of Animal Industry is required BEFORE travel; obtained online; max 3 animals per one-time importation; SPSIC valid 60 days,Bureau of Animal Industry (BAI),https://www.bai.gov.ph/Stakeholders/PetImport,Philippines,2026-09-04,,high,TBD - assign during page build,2026-12-03
Philippines: only dogs and cats at least 120 days old at SPSIC application; pregnant pets not allowed; pets that gave birth within 12 weeks before travel not eligible,Bureau of Animal Industry (BAI),https://www.bai.gov.ph/Stakeholders/PetImport,Philippines,2026-09-04,,high,TBD - assign during page build,2026-12-03
Philippines: pet must be accompanied by an Export Permit/International Veterinary Health Certificate issued within 10 calendar days before export/departure,Bureau of Animal Industry (BAI),https://www.bai.gov.ph/Stakeholders/PetImport,Philippines,2026-09-04,,high,TBD - assign during page build,2026-12-03
"Philippines: ISO 11784/11785 microchip required; first rabies vaccination at least 14 days before SPSIC application; dogs need distemper/hepatitis/parvo/parainfluenza/leptospirosis combo, cats panleukopenia/rhinotracheitis/calicivirus combo",Bureau of Animal Industry (BAI) / Philippine Consulate General Milan,https://www.bai.gov.ph/Stakeholders/PetImport,Philippines,2026-09-04,,high,TBD - assign during page build,2026-12-03
"Philippines arrival fees: import permit issuance fee PhP 100 and quarantine inspection/landing fee PhP 250 payable to the Quarantine Office on arrival (per Philippine Consulate General, March 2022 - verify current fees)",Philippine Consulate General Milan (official),https://milanpcg.dfa.gov.ph/announcements/363-bringing-pets-to-the-philippines.html,Philippines,2026-09-04,,medium,TBD - assign during page build,2026-12-03
"Philippines: pets arriving without a valid SPSIC and veterinary health certificate are seized, confiscated or refused admission",Bureau of Animal Industry (BAI),https://www.bai.gov.ph/Stakeholders/PetImport,Philippines,2026-09-04,,high,TBD - assign during page build,2026-12-03
"South Africa: a veterinary import permit from DALRRD (Directorate: Animal Health) is required for dogs and cats; ISO 11784/11785 microchip mandatory, tattoos not accepted",DALRRD infosheet (mirrored) (secondary host),http://aqis.co.kr/pdf/Republic of South Africa(RSA) AQIS.pdf,South Africa,2026-09-04,,secondary-source,TBD - assign during page build,2026-12-03
South Africa: dogs from countries not on the exemption list (UAE is NOT exempt) face a minimum 14-day quarantine on arrival; cats are not routinely quarantined,DALRRD infosheet / PetTravel.com (secondary),https://www.pettravel.com/information/pet-passports/south-africa-pet-import-requirements/,South Africa,2026-09-04,2026-03-04,secondary-source,TBD - assign during page build,2026-12-03
South Africa: dogs and cats may only enter via Johannesburg (OR Tambo) or Cape Town International airports,DALRRD infosheet (mirrored) (secondary host),http://aqis.co.kr/pdf/Republic of South Africa(RSA) AQIS.pdf,South Africa,2026-09-04,,secondary-source,TBD - assign during page build,2026-12-03
South Africa: rabies vaccination required between 30 days and 12 months before import; no rabies titer test required; manifest cargo only for dogs (secondary),ExpatFocus / DALRRD (secondary),https://www.expatfocus.com/south-africa/guide/south-africa-importing-a-pet,South Africa,2026-09-04,2026-05-26,secondary-source,TBD - assign during page build,2026-12-03
Saudi Arabia: pet import requires a MEWA import permit obtained via the Anaam (Naama) electronic platform; permit valid 30 days from issuance; consignments must enter through the port named in the permit,MEWA (mewa.gov.sa),https://www.mewa.gov.sa/en/InformationCenter/DocsCenter/RulesLibrary/Docs/Pet import mechanism.pdf,Saudi Arabia,2026-09-04,,high,TBD - assign during page build,2026-12-03
Saudi Arabia: remaining validity of the rabies vaccination must be at least 6 months at the time of import,MEWA (mewa.gov.sa),https://www.mewa.gov.sa/en/InformationCenter/DocsCenter/RulesLibrary/Docs/Pet import mechanism.pdf,Saudi Arabia,2026-09-04,,high,TBD - assign during page build,2026-12-03
Saudi Arabia: imports are governed by the GCC States Veterinary Quarantine Law and Animal Welfare Act; MEWA may reject applications from countries per WOAH (OIE) health situation,MEWA (mewa.gov.sa),https://www.mewa.gov.sa/en/InformationCenter/DocsCenter/RulesLibrary/Docs/Pet import mechanism.pdf,Saudi Arabia / GCC,2026-09-04,,high,TBD - assign during page build,2026-12-03
"Saudi Arabia: the importer must hold a Saudi National ID, GCC national ID or Saudi Iqama (residency); GCC residents who are not nationals cannot apply directly (secondary)",ExpatLogistics (secondary),https://expatlogistics.com/pets-from-gcc,Saudi Arabia,2026-09-04,,secondary-source,TBD - assign during page build,2026-12-03
"Saudi Arabia restricts many dog breeds (import limited to hunting/guard/service justification for some); banned breeds include Rottweiler, Pit Bull, Boxer, Mastiff types, Great Dane and terrier breeds among others (secondary list)",PetTravel.com (secondary),https://www.pettravel.com/information/pet-passports/saudi-arabia-pet-import-requirements/,Saudi Arabia,2026-09-04,2026-07-25,secondary-source,TBD - assign during page build,2026-12-03
Saudi Arabia: exit and return permits for pets accompanying travellers are obtained from the Anaam platform; return period must not exceed 60 days,MEWA (mewa.gov.sa),https://www.mewa.gov.sa/en/InformationCenter/DocsCenter/RulesLibrary/Docs/Pet import mechanism.pdf,Saudi Arabia,2026-09-04,,high,TBD - assign during page build,2026-12-03
"GCC moves generally require: destination ministry import permit (MOCCAE/MEWA/MoECC), ISO microchip, rabies vaccination >=30 days old, RNATT for some countries, government-endorsed health certificate within ~10 days, and arrival as manifest cargo (secondary synthesis)",GCC Pet License Assistant (secondary),https://gcc-pet-license.netlify.app/,GCC,2026-09-04,,secondary-source,TBD - assign during page build,2026-12-03
Qatar: pets require an import permit from the Ministry of Environment and Climate Change (MoECC) and Qatar Airways accepts pets as checked baggage/cargo with health certificate within 10 days (secondary synthesis; Qatar first-party airline page confirms AVIH),Qatar Airways / MoECC (partly secondary),https://www.qatarairways.com/tradeportal/en/specialservices/Carriage-of-live-animals.html,Qatar,2026-09-04,,medium,TBD - assign during page build,2026-10-04
Snub-nosed (brachycephalic) dogs and cats face airline restrictions industry-wide: IATA advises against hot-season transport and requires 10% larger containers; several carriers (e.g. flydubai) ban listed snub-nosed breeds entirely,IATA / PetTravel.com (secondary for carrier lists),https://www.iata.org/en/programs/cargo/live-animals/pets/,International (air transport),2026-09-04,,medium,TBD - assign during page build,2026-10-04
Summer heat embargoes are route- and carrier-specific: e.g. Emirates bans bird transit via Dubai 1 May-30 Sep; typical industry threshold refuses pets when ground temperatures exceed ~29-30C at any itinerary airport (secondary for temperature thresholds),Emirates / PetTravel.com (secondary),https://www.emirates.com/english/help/faq-topics/baggage-and-lost-property/faq/what-are-the-rules-and-charges-for-travelling-with-animals/,International (air transport),2026-09-04,,medium,TBD - assign during page build,2026-10-04
