URL,Status Code,Final URL,Redirect Chain,Index Status,Canonical,Title,Title Length,Meta Description,Meta Length,H1,H2 Count,H2 List,Word Count,Internal Links In,Internal Links Out,External Links Out,Images,Images Missing Alt,Schema Types,Breadcrumbs,Page Type,Duplicate Title Group,Duplicate H1 Group,Near-Duplicate Group,Notes
https://dubai-pet-relocation.ae/,200,https://dubai-pet-relocation.ae/,-,index,https://dubai-pet-relocation.ae/,"Pet Relocation Dubai — Transparent, Safe, Expert",48,"Transparent pet relocation coordination service for Dubai and the UAE. We help you understand the process, check requirements, and connect with trusted partners.",161,"Pet Relocation Dubai, Made Clear and Safe",48,"How Dubai Pet Relocation Works | Pet Relocation To and From Dubai | Dog and Cat Relocation, Both Covered | We Handle the Hard Parts. You Stay Informed. | A Transparent Partner Model | Our Pet Relocation Services | Pet Relocation Guides | Dubai Areas We Cover | Popular Relocation Routes | We Cover All 7 Emirates | UAE Pet Import Guide: Everything You Need to Know | You’re never handing your pet to a faceless system | Every Pet Relocation Service We Coordinate | Pet Relocation Guides Written for Real Decisions | Country-Specific Relocation Routes | Pet Relocation in Every Dubai Community | What Actually Happens During a Pet Relocation | What Pet Relocation in Dubai Really Costs | The Pet Relocation Document Checklist | Breed Bans, Brachycephalic Pets & Summer Travel | How We Choose Our Partners | Why Pet Owners Choose Dubai Pet Relocation | Dog Relocation vs Cat Relocation | Route-Specific Guidance for Dubai Pet Relocation | Pet Relocation for Every Dubai Lifestyle | Before, During & After Your Pet's Move | Common Pet Relocation Mistakes — And How We Prevent Them | Understanding Airline Pet Travel Policies | A Practical Guide for Expats Moving Pets to Dubai | Understanding the UAE Pet Import Process | DIY Pet Relocation vs a Coordination Service | Pet Relocation Insurance and Risk Management | What Drives Pet Relocation Costs in Dubai | How Different Pet Moves Come Together | Planning Your Pet Relocation Timeline | Pet Relocation for Every Life Stage | Why Dubai Pet Relocation Is Different | Animal Welfare at the Centre of What We Do | Getting Started Takes Less Than 15 Minutes | Your Pet Relocation Checklist by Week | Pet Relocation Terms Explained | What a Successful Pet Relocation Looks Like | Pro Tips for a Smoother Pet Relocation | What Happens After You Message Us | Accuracy, Transparency & Continuous Updates | Every Page on Dubai Pet Relocation | Frequently Asked Questions About Pet Relocation in Dubai | Ready to Get Clear Guidance?",10052,80,80,7,40,0,Organization | WebSite | LocalBusiness | BreadcrumbList | ItemList | FAQPage,yes,home,,,,lang=en
https://dubai-pet-relocation.ae/service/pet-relocation-dubai/,200,https://dubai-pet-relocation.ae/service/pet-relocation-dubai/,-,index,https://dubai-pet-relocation.ae/service/pet-relocation-dubai/,Pet Relocation Dubai | Trusted Pet Transport Service,52,"Professional pet relocation in Dubai. Door-to-door service, MOCCAE permit help, transparent pricing. WhatsApp us for a free quote in 15 minutes.",144,Comprehensive Pet Relocation Services in Dubai,10,What Our Pet Relocation Service in Dubai Includes | How Pet Relocation in Dubai Works | Pet Relocation Requirements for Dubai | Pet Relocation Dubai Cost | Areas We Serve Across Dubai | Related Services & Guides | Frequently Asked Questions | Explore All Our Services | Official Sources | Ready to move your pet?,892,80,44,8,1,0,Organization | WebSite | BreadcrumbList | Service | FAQPage | HowTo,yes,service,,,,lang=en
https://dubai-pet-relocation.ae/service/pet-import-dubai/,200,https://dubai-pet-relocation.ae/service/pet-import-dubai/,-,index,https://dubai-pet-relocation.ae/service/pet-import-dubai/,Pet Import Dubai | Bring Your Pet to the UAE,44,"Bring your pet to Dubai with full documentation support. MOCCAE import permit, customs clearance & delivery. Get your free WhatsApp quote in 15 minutes.",152,Pet Import Services in Dubai,13,Bringing Pets to Dubai: What You Need to Know | Step-by-Step Pet Import Process | Required Documents | MOCCAE Import Permit Application | Pet Import Timeline | Pet Import Cost Dubai | Banned Dog Breeds | Airport Clearance at DXB and AUH | Related Services & Guides | Frequently Asked Questions | Explore All Our Services | Official Sources | Ready to move your pet?,2690,80,44,8,1,0,Organization | WebSite | BreadcrumbList | Service | FAQPage | HowTo,yes,service,,,,lang=en
https://dubai-pet-relocation.ae/service/pet-export-dubai/,200,https://dubai-pet-relocation.ae/service/pet-export-dubai/,-,index,https://dubai-pet-relocation.ae/service/pet-export-dubai/,Pet Export Dubai | Leave the UAE With Your Pet,46,"Leaving Dubai? We handle MOCCAE export permits, health certificates & flight booking. Stress-free pet export with transparent pricing.",134,Pet Export Services from Dubai,12,Leaving Dubai With Your Pet: Complete Guide | Step-by-Step Pet Export Process | MOCCAE Export Permit and Health Certificate | Pet Export Timeline | Pet Export Cost Dubai | Popular Destinations | Urgent Pet Export Options | Related Services & Guides | Frequently Asked Questions | Explore All Our Services | Official Sources | Ready to move your pet?,1821,80,44,8,1,0,Organization | WebSite | BreadcrumbList | Service | FAQPage | HowTo,yes,service,,,,lang=en
https://dubai-pet-relocation.ae/service/pet-transport-dubai/,200,https://dubai-pet-relocation.ae/service/pet-transport-dubai/,-,index,https://dubai-pet-relocation.ae/service/pet-transport-dubai/,Pet Transport Dubai | Safe Animal Transport,43,"Safe pet transport across Dubai and the UAE. Climate-controlled vehicles, careful handlers, real-time WhatsApp updates. Get a free quote.",137,Professional Pet Transport Services in Dubai,11,Pet Transport Services Across Dubai and the UAE | How Our Pet Transport Works | Pet Transport for All Animals | Inter-Emirate Transport | Vehicle and Safety Standards | Pet Transport Cost Dubai | Related Services & Guides | Frequently Asked Questions | Explore All Our Services | Official Sources | Ready to move your pet?,1473,80,44,8,1,0,Organization | WebSite | BreadcrumbList | Service | FAQPage,yes,service,,,,lang=en
https://dubai-pet-relocation.ae/service/international-pet-relocation/,200,https://dubai-pet-relocation.ae/service/international-pet-relocation/,-,index,https://dubai-pet-relocation.ae/service/international-pet-relocation/,International Pet Relocation Dubai | Global Service,51,"Worldwide pet relocation to and from Dubai. 50+ countries served, full documentation, vetted partners, door-to-door coordination.",129,Global Pet Relocation Services,10,Global Pet Relocation Services From Dubai | International Pet Relocation Process | Country-Specific Requirements | Airlines We Work With | International Pet Relocation Cost | Related Services & Guides | Frequently Asked Questions | Explore All Our Services | Official Sources | Ready to move your pet?,1549,80,44,8,1,0,Organization | WebSite | BreadcrumbList | Service | FAQPage,yes,service,,,,lang=en
https://dubai-pet-relocation.ae/service/pet-relocation-to-dubai/,200,https://dubai-pet-relocation.ae/service/pet-relocation-to-dubai/,-,index,https://dubai-pet-relocation.ae/service/pet-relocation-to-dubai/,Pet Relocation to Dubai | Step-by-Step Import Guide,51,"Moving to Dubai with your pet? Step-by-step import guide: MOCCAE permits, documents, cost breakdown and realistic timeline.",123,Bringing Pets to Dubai from Anywhere,10,What to Expect When Bringing Your Pet to Dubai | Complete Process From Start to Finish | Required Documents Checklist | Cost Expectations | Settling In: First Weeks in Dubai | Related Services & Guides | Frequently Asked Questions | Explore All Our Services | Official Sources | Ready to move your pet?,2073,80,44,8,1,0,Organization | WebSite | BreadcrumbList | Service | FAQPage | HowTo,yes,service,,,,lang=en
https://dubai-pet-relocation.ae/service/pet-relocation-from-dubai/,200,https://dubai-pet-relocation.ae/service/pet-relocation-from-dubai/,-,index,https://dubai-pet-relocation.ae/service/pet-relocation-from-dubai/,Pet Relocation from Dubai | Step-by-Step Export Guide,53,"Relocating from Dubai with your pet? Export permits, health certificates, flight booking and destination requirements — all coordinated.",136,Moving Pets Out of Dubai,10,What to Expect When Moving Your Pet From Dubai | Complete Process From Start to Finish | Required Documents Checklist | Cost Expectations | Popular Destinations | Related Services & Guides | Frequently Asked Questions | Explore All Our Services | Official Sources | Ready to move your pet?,1721,80,44,8,1,0,Organization | WebSite | BreadcrumbList | Service | FAQPage | HowTo,yes,service,,,,lang=en
https://dubai-pet-relocation.ae/service/dog-relocation-dubai/,200,https://dubai-pet-relocation.ae/service/dog-relocation-dubai/,-,index,https://dubai-pet-relocation.ae/service/dog-relocation-dubai/,"Dog Relocation Dubai | Breed, Crate & Airline Rules",51,"Relocate your dog to or from Dubai safely: breed eligibility, IATA crate sizing, vaccination timeline, costs and the snub-nosed/summer airline rules.",149,Dog Relocation Services in Dubai,11,Dog Relocation Across Dubai and Worldwide | Dog Breed Eligibility | IATA Crate Sizing for Dogs | Snub-Nosed Breeds & Summer Travel Rules | Dog Vaccination & Document Timeline | Dog Relocation Cost | Related Services & Guides | Frequently Asked Questions | Explore All Our Services | Official Sources | Ready to move your pet?,2276,80,44,8,1,0,Organization | WebSite | BreadcrumbList | Service | FAQPage,yes,service,,,,lang=en
https://dubai-pet-relocation.ae/service/cat-relocation-dubai/,200,https://dubai-pet-relocation.ae/service/cat-relocation-dubai/,-,index,https://dubai-pet-relocation.ae/service/cat-relocation-dubai/,"Cat Relocation Dubai | Calm, Safe Cat Travel",44,"Relocate your cat to or from Dubai with less stress: carrier acclimation, why vets advise against sedation, documents, costs and a clear timeline.",146,Cat Relocation Services in Dubai,11,Cat Relocation Across Dubai and Worldwide | Why Cats Travel Differently | Carrier Acclimation Tips | Sedation: Why Most Vets and Airlines Advise Against It | Cat Documents & Timeline | Cat Relocation Cost | Related Services & Guides | Frequently Asked Questions | Explore All Our Services | Official Sources | Ready to move your pet?,2215,80,44,8,1,0,Organization | WebSite | BreadcrumbList | Service | FAQPage,yes,service,,,,lang=en
https://dubai-pet-relocation.ae/service/moccae-pet-permit/,200,https://dubai-pet-relocation.ae/service/moccae-pet-permit/,-,index,https://dubai-pet-relocation.ae/service/moccae-pet-permit/,MOCCAE Pet Permit Dubai | Import & Export Permit Help,53,"MOCCAE import & export pet permit assistance for Dubai: fast-track application support, document review and approval tracking. Free WhatsApp quote.",147,MOCCAE Import and Export Permit Assistance,12,MOCCAE Import and Export Permit Services | How to Apply for a MOCCAE Import Permit | How to Apply for a MOCCAE Export Permit | MOCCAE Permit Requirements | Processing Time and Validity | MOCCAE Permit Cost | Common Application Mistakes | Related Services & Guides | Frequently Asked Questions | Explore All Our Services | Official Sources | Ready to move your pet?,2084,80,44,8,1,0,Organization | WebSite | BreadcrumbList | Service | FAQPage | HowTo,yes,service,,,,lang=en
https://dubai-pet-relocation.ae/dubai/,200,https://dubai-pet-relocation.ae/dubai/,-,index,https://dubai-pet-relocation.ae/dubai/,"Pet Relocation Dubai | Every Community, Door-to-Door",52,"Pet relocation across all of Dubai — Marina, Jumeirah, Downtown, Palm, Arabian Ranches and more. MOCCAE permits, IATA crates, door-to-door. Free WhatsApp quote.",160,Pet Relocation Across Every Community in Dubai,3,Pet Relocation in Dubai | Dubai Communities We Serve | Relocating a pet in Dubai?,523,80,77,5,1,0,Organization | WebSite | BreadcrumbList | LocalBusiness,yes,local,,,,lang=en
https://dubai-pet-relocation.ae/dubai/dubai-marina/,200,https://dubai-pet-relocation.ae/dubai/dubai-marina/,-,index,https://dubai-pet-relocation.ae/dubai/dubai-marina/,Pet Relocation Dubai Marina | Dog & Cat Transport,49,"Pet relocation in Dubai Marina — door-to-door dog and cat transport, MOCCAE permit guidance and IATA crates. Free WhatsApp quote in 15 minutes.",143,Pet Relocation in Dubai Marina,11,Pet Relocation Across Dubai Marina | Pet Relocation Services for Dubai Marina Residents | Moving To or From Dubai Marina With a Pet | Pet-Friendly Living in Dubai Marina | Cost of Pet Relocation in Dubai Marina | Local Veterinary Support in Dubai Marina | Dubai Marina Pet Relocation FAQ | Other Dubai Areas We Serve | Our Pet Relocation Services | Official Sources | Relocating a pet in Dubai Marina ?,985,80,77,8,1,0,Organization | WebSite | BreadcrumbList | LocalBusiness | FAQPage,yes,local,,,,lang=en
https://dubai-pet-relocation.ae/dubai/jumeirah/,200,https://dubai-pet-relocation.ae/dubai/jumeirah/,-,index,https://dubai-pet-relocation.ae/dubai/jumeirah/,Pet Relocation Jumeirah | Dog & Cat Transport,45,"Pet relocation in Jumeirah — door-to-door dog and cat transport, MOCCAE permit guidance and IATA crates for beachfront villa families. Free WhatsApp quote.",155,Pet Relocation in Jumeirah,11,Pet Relocation Across Jumeirah | Pet Relocation Services for Jumeirah Residents | Moving To or From Jumeirah With a Pet | Pet-Friendly Living in Jumeirah | Cost of Pet Relocation in Jumeirah | Local Veterinary Support in Jumeirah | Jumeirah Pet Relocation FAQ | Other Dubai Areas We Serve | Our Pet Relocation Services | Official Sources | Relocating a pet in Jumeirah ?,1488,80,77,8,1,0,Organization | WebSite | BreadcrumbList | LocalBusiness | FAQPage,yes,local,,,,lang=en
https://dubai-pet-relocation.ae/dubai/jbr/,200,https://dubai-pet-relocation.ae/dubai/jbr/,-,index,https://dubai-pet-relocation.ae/dubai/jbr/,Pet Relocation JBR | Dog & Cat Transport,40,"Pet relocation in JBR (Jumeirah Beach Residence) — door-to-door dog and cat transport, MOCCAE permit guidance and IATA crates. Free WhatsApp quote in 15 minutes.",161,Pet Relocation in JBR,11,Pet Relocation Across JBR | Pet Relocation Services for JBR Residents | Moving To or From JBR With a Pet | Pet-Friendly Living in JBR | Cost of Pet Relocation in JBR | Local Veterinary Support in JBR | JBR Pet Relocation FAQ | Other Dubai Areas We Serve | Our Pet Relocation Services | Official Sources | Relocating a pet in JBR ?,1563,41,77,8,1,0,Organization | WebSite | BreadcrumbList | LocalBusiness | FAQPage,yes,local,,,,lang=en
https://dubai-pet-relocation.ae/dubai/downtown-dubai/,200,https://dubai-pet-relocation.ae/dubai/downtown-dubai/,-,index,https://dubai-pet-relocation.ae/dubai/downtown-dubai/,Pet Relocation Downtown Dubai | Dog & Cat Transport,51,"Pet relocation in Downtown Dubai — door-to-door dog and cat transport, MOCCAE permit guidance and IATA crates. Free WhatsApp quote in 15 minutes.",145,Pet Relocation in Downtown Dubai,11,Pet Relocation Across Downtown Dubai | Pet Relocation Services for Downtown Dubai Residents | Moving To or From Downtown Dubai With a Pet | Pet-Friendly Living in Downtown Dubai | Cost of Pet Relocation in Downtown Dubai | Local Veterinary Support in Downtown Dubai | Downtown Dubai Pet Relocation FAQ | Other Dubai Areas We Serve | Our Pet Relocation Services | Official Sources | Relocating a pet in Downtown Dubai ?,1586,80,77,8,1,0,Organization | WebSite | BreadcrumbList | LocalBusiness | FAQPage,yes,local,,,,lang=en
https://dubai-pet-relocation.ae/dubai/palm-jumeirah/,200,https://dubai-pet-relocation.ae/dubai/palm-jumeirah/,-,index,https://dubai-pet-relocation.ae/dubai/palm-jumeirah/,Pet Relocation Palm Jumeirah | Dog & Cat Transport,50,"Pet relocation on Palm Jumeirah — door-to-door dog and cat transport, MOCCAE permit guidance and IATA crates for villa and apartment residents. Free WhatsApp quote.",164,Pet Relocation in Palm Jumeirah,11,Pet Relocation Across Palm Jumeirah | Pet Relocation Services for Palm Jumeirah Residents | Moving To or From Palm Jumeirah With a Pet | Pet-Friendly Living on Palm Jumeirah | Cost of Pet Relocation on Palm Jumeirah | Local Veterinary Support in Palm Jumeirah | Palm Jumeirah Pet Relocation FAQ | Other Dubai Areas We Serve | Our Pet Relocation Services | Official Sources | Relocating a pet in Palm Jumeirah ?,1508,80,77,8,1,0,Organization | WebSite | BreadcrumbList | LocalBusiness | FAQPage,yes,local,,,,lang=en
https://dubai-pet-relocation.ae/dubai/business-bay/,200,https://dubai-pet-relocation.ae/dubai/business-bay/,-,index,https://dubai-pet-relocation.ae/dubai/business-bay/,Pet Relocation Business Bay | Dog & Cat Transport,49,"Pet relocation in Business Bay — door-to-door dog and cat transport, MOCCAE permit guidance and IATA travel crates. Get a free WhatsApp quote in 15 minutes.",156,Pet Relocation in Business Bay,11,Pet Relocation Across Business Bay | Pet Relocation Services for Business Bay Residents | Moving To or From Business Bay With a Pet | Pet-Friendly Living in Business Bay | Cost of Pet Relocation in Business Bay | Local Veterinary Support in Business Bay | Business Bay Pet Relocation FAQ | Other Dubai Areas We Serve | Our Pet Relocation Services | Official Sources | Relocating a pet in Business Bay ?,1159,80,77,8,1,0,Organization | WebSite | BreadcrumbList | LocalBusiness | FAQPage,yes,local,,,ND1 (n=3),lang=en
https://dubai-pet-relocation.ae/dubai/al-barsha/,200,https://dubai-pet-relocation.ae/dubai/al-barsha/,-,index,https://dubai-pet-relocation.ae/dubai/al-barsha/,Pet Relocation Al Barsha | Dog & Cat Transport,46,"Pet relocation in Al Barsha — door-to-door dog and cat transport, MOCCAE permit guidance and IATA travel crates. Get a free WhatsApp quote in 15 minutes today.",159,Pet Relocation in Al Barsha,11,Pet Relocation Across Al Barsha | Pet Relocation Services for Al Barsha Residents | Moving To or From Al Barsha With a Pet | Pet-Friendly Living in Al Barsha | Cost of Pet Relocation in Al Barsha | Local Veterinary Support in Al Barsha | Al Barsha Pet Relocation FAQ | Other Dubai Areas We Serve | Our Pet Relocation Services | Official Sources | Relocating a pet in Al Barsha ?,1192,41,77,8,1,0,Organization | WebSite | BreadcrumbList | LocalBusiness | FAQPage,yes,local,,,,lang=en
https://dubai-pet-relocation.ae/dubai/arabian-ranches/,200,https://dubai-pet-relocation.ae/dubai/arabian-ranches/,-,index,https://dubai-pet-relocation.ae/dubai/arabian-ranches/,Pet Relocation Arabian Ranches | Dog & Cat Transport,52,"Pet relocation in Arabian Ranches — door-to-door dog and cat transport, MOCCAE permit guidance and IATA crates for villa families. Free WhatsApp quote.",151,Pet Relocation in Arabian Ranches,11,Pet Relocation Across Arabian Ranches | Pet Relocation Services for Arabian Ranches Residents | Moving To or From Arabian Ranches With a Pet | Pet-Friendly Living in Arabian Ranches | Cost of Pet Relocation in Arabian Ranches | Local Veterinary Support in Arabian Ranches | Arabian Ranches Pet Relocation FAQ | Other Dubai Areas We Serve | Our Pet Relocation Services | Official Sources | Relocating a pet in Arabian Ranches ?,1089,80,77,8,1,0,Organization | WebSite | BreadcrumbList | LocalBusiness | FAQPage,yes,local,,,ND3 (n=2),lang=en
https://dubai-pet-relocation.ae/dubai/mirdif/,200,https://dubai-pet-relocation.ae/dubai/mirdif/,-,index,https://dubai-pet-relocation.ae/dubai/mirdif/,Pet Relocation Mirdif | Dog & Cat Transport,43,"Pet relocation in Mirdif — door-to-door dog and cat transport, MOCCAE permit guidance and IATA crates for villa families. Free WhatsApp quote in 15 minutes.",156,Pet Relocation in Mirdif,11,Pet Relocation Across Mirdif | Pet Relocation Services for Mirdif Residents | Moving To or From Mirdif With a Pet | Pet-Friendly Living in Mirdif | Cost of Pet Relocation in Mirdif | Local Veterinary Support in Mirdif | Mirdif Pet Relocation FAQ | Other Dubai Areas We Serve | Our Pet Relocation Services | Official Sources | Relocating a pet in Mirdif ?,1063,41,77,8,1,0,Organization | WebSite | BreadcrumbList | LocalBusiness | FAQPage,yes,local,,,,lang=en
https://dubai-pet-relocation.ae/dubai/dubai-silicon-oasis/,200,https://dubai-pet-relocation.ae/dubai/dubai-silicon-oasis/,-,index,https://dubai-pet-relocation.ae/dubai/dubai-silicon-oasis/,Pet Relocation Dubai Silicon Oasis | Dog & Cat Transport,56,"Pet relocation in Dubai Silicon Oasis — door-to-door dog and cat transport, MOCCAE permit guidance and IATA crates. Free WhatsApp quote in 15 minutes.",150,Pet Relocation in Dubai Silicon Oasis,11,Pet Relocation Across Dubai Silicon Oasis | Pet Relocation Services for Dubai Silicon Oasis Residents | Moving To or From Dubai Silicon Oasis With a Pet | Pet-Friendly Living in Dubai Silicon Oasis | Cost of Pet Relocation in Dubai Silicon Oasis | Local Veterinary Support in Dubai Silicon Oasis | Dubai Silicon Oasis Pet Relocation FAQ | Other Dubai Areas We Serve | Our Pet Relocation Services | Official Sources | Relocating a pet in Dubai Silicon Oasis ?,1079,41,77,8,1,0,Organization | WebSite | BreadcrumbList | LocalBusiness | FAQPage,yes,local,,,,lang=en
https://dubai-pet-relocation.ae/dubai/jlt/,200,https://dubai-pet-relocation.ae/dubai/jlt/,-,index,https://dubai-pet-relocation.ae/dubai/jlt/,Pet Relocation Jumeirah Lakes Towers (JLT) | Dog & Cat Transport,64,"Pet relocation in JLT — door-to-door dog and cat transport, MOCCAE permit guidance and IATA crates for lakeside tower residents. Free WhatsApp quote in 15 minutes.",163,Pet Relocation in Jumeirah Lakes Towers (JLT),11,Pet Relocation Across Jumeirah Lakes Towers (JLT) | Pet Relocation Services for JLT Residents | Moving To or From JLT With a Pet | Pet-Friendly Living in Jumeirah Lakes Towers | Cost of Pet Relocation in JLT | Local Veterinary Support in Jumeirah Lakes Towers (JLT) | Jumeirah Lakes Towers (JLT) Pet Relocation FAQ | Other Dubai Areas We Serve | Our Pet Relocation Services | Official Sources | Relocating a pet in Jumeirah Lakes Towers (JLT) ?,1077,41,77,8,1,0,Organization | WebSite | BreadcrumbList | LocalBusiness | FAQPage,yes,local,,,,lang=en
https://dubai-pet-relocation.ae/dubai/jvc/,200,https://dubai-pet-relocation.ae/dubai/jvc/,-,index,https://dubai-pet-relocation.ae/dubai/jvc/,Pet Relocation JVC | Dog & Cat Transport,40,"Pet relocation in Jumeirah Village Circle (JVC) — door-to-door dog and cat transport, MOCCAE permit guidance and IATA crates. Free WhatsApp quote today.",152,Pet Relocation in Jumeirah Village Circle (JVC),11,Pet Relocation Across Jumeirah Village Circle (JVC) | Pet Relocation Services for JVC Residents | Moving To or From JVC With a Pet | Pet-Friendly Living in JVC | Cost of Pet Relocation in JVC | Local Veterinary Support in Jumeirah Village Circle (JVC) | Jumeirah Village Circle (JVC) Pet Relocation FAQ | Other Dubai Areas We Serve | Our Pet Relocation Services | Official Sources | Relocating a pet in Jumeirah Village Circle (JVC) ?,1106,80,77,8,1,0,Organization | WebSite | BreadcrumbList | LocalBusiness | FAQPage,yes,local,,,,lang=en
https://dubai-pet-relocation.ae/dubai/jvt/,200,https://dubai-pet-relocation.ae/dubai/jvt/,-,index,https://dubai-pet-relocation.ae/dubai/jvt/,Pet Relocation JVT | Dog & Cat Transport,40,"Pet relocation in Jumeirah Village Triangle (JVT) — door-to-door dog and cat transport, MOCCAE permit guidance and IATA crates. Free WhatsApp quote today.",154,Pet Relocation in Jumeirah Village Triangle (JVT),11,Pet Relocation Across Jumeirah Village Triangle (JVT) | Pet Relocation Services for JVT Residents | Moving To or From JVT With a Pet | Pet-Friendly Living in JVT | Cost of Pet Relocation in JVT | Local Veterinary Support in Jumeirah Village Triangle (JVT) | Jumeirah Village Triangle (JVT) Pet Relocation FAQ | Other Dubai Areas We Serve | Our Pet Relocation Services | Official Sources | Relocating a pet in Jumeirah Village Triangle (JVT) ?,1127,41,77,8,1,0,Organization | WebSite | BreadcrumbList | LocalBusiness | FAQPage,yes,local,,,,lang=en
https://dubai-pet-relocation.ae/dubai/dubai-hills/,200,https://dubai-pet-relocation.ae/dubai/dubai-hills/,-,index,https://dubai-pet-relocation.ae/dubai/dubai-hills/,Pet Relocation Dubai Hills Estate | Dog & Cat Transport,55,"Pet relocation in Dubai Hills Estate — door-to-door dog and cat transport, MOCCAE permit guidance and IATA crates. Free WhatsApp quote in 15 minutes.",149,Pet Relocation in Dubai Hills Estate,11,Pet Relocation Across Dubai Hills Estate | Pet Relocation Services for Dubai Hills Estate Residents | Moving To or From Dubai Hills Estate With a Pet | Pet-Friendly Living in Dubai Hills Estate | Cost of Pet Relocation in Dubai Hills Estate | Local Veterinary Support in Dubai Hills Estate | Dubai Hills Estate Pet Relocation FAQ | Other Dubai Areas We Serve | Our Pet Relocation Services | Official Sources | Relocating a pet in Dubai Hills Estate ?,1085,41,77,8,1,0,Organization | WebSite | BreadcrumbList | LocalBusiness | FAQPage,yes,local,,,ND4 (n=2),lang=en
https://dubai-pet-relocation.ae/dubai/dubai-south/,200,https://dubai-pet-relocation.ae/dubai/dubai-south/,-,index,https://dubai-pet-relocation.ae/dubai/dubai-south/,Pet Relocation Dubai South | Dog & Cat Transport,48,"Pet relocation in Dubai South — door-to-door dog and cat transport, MOCCAE permit guidance and IATA crates near DWC airport. Free WhatsApp quote in 15 minutes.",159,Pet Relocation in Dubai South,11,Pet Relocation Across Dubai South | Pet Relocation Services for Dubai South Residents | Moving To or From Dubai South With a Pet | Pet Cargo and Al Maktoum International Airport (DWC) | Cost of Pet Relocation in Dubai South | Local Veterinary Support in Dubai South | Dubai South Pet Relocation FAQ | Other Dubai Areas We Serve | Our Pet Relocation Services | Official Sources | Relocating a pet in Dubai South ?,1100,41,77,8,1,0,Organization | WebSite | BreadcrumbList | LocalBusiness | FAQPage,yes,local,,,,lang=en
https://dubai-pet-relocation.ae/dubai/al-quoz/,200,https://dubai-pet-relocation.ae/dubai/al-quoz/,-,index,https://dubai-pet-relocation.ae/dubai/al-quoz/,Pet Relocation Al Quoz | Dog & Cat Transport,44,"Pet relocation in Al Quoz — door-to-door dog and cat transport, MOCCAE permit guidance and IATA crates. Free WhatsApp quote in 15 minutes.",138,Pet Relocation in Al Quoz,11,Pet Relocation Across Al Quoz | Pet Relocation Services for Al Quoz Residents | Moving To or From Al Quoz With a Pet | Pet-Friendly Living in Al Quoz | Cost of Pet Relocation in Al Quoz | Local Veterinary Support in Al Quoz | Al Quoz Pet Relocation FAQ | Other Dubai Areas We Serve | Our Pet Relocation Services | Official Sources | Relocating a pet in Al Quoz ?,1055,41,77,8,1,0,Organization | WebSite | BreadcrumbList | LocalBusiness | FAQPage,yes,local,,,,lang=en
https://dubai-pet-relocation.ae/dubai/deira/,200,https://dubai-pet-relocation.ae/dubai/deira/,-,index,https://dubai-pet-relocation.ae/dubai/deira/,Pet Relocation Deira | Dog & Cat Transport,42,"Pet relocation in Deira — door-to-door dog and cat transport, MOCCAE permit guidance and IATA crates. Free WhatsApp quote in 15 minutes.",136,Pet Relocation in Deira,11,Pet Relocation Across Deira | Pet Relocation Services for Deira Residents | Moving To or From Deira With a Pet | Pet-Friendly Living in Deira | Cost of Pet Relocation in Deira | Local Veterinary Support in Deira | Deira Pet Relocation FAQ | Other Dubai Areas We Serve | Our Pet Relocation Services | Official Sources | Relocating a pet in Deira ?,1019,41,77,8,1,0,Organization | WebSite | BreadcrumbList | LocalBusiness | FAQPage,yes,local,,,,lang=en
https://dubai-pet-relocation.ae/dubai/bur-dubai/,200,https://dubai-pet-relocation.ae/dubai/bur-dubai/,-,index,https://dubai-pet-relocation.ae/dubai/bur-dubai/,Pet Relocation Bur Dubai | Dog & Cat Transport,46,"Pet relocation in Bur Dubai — door-to-door dog and cat transport, MOCCAE permit guidance and IATA travel crates. Get a free WhatsApp quote in 15 minutes.",153,Pet Relocation in Bur Dubai,11,Pet Relocation Across Bur Dubai | Pet Relocation Services for Bur Dubai Residents | Moving To or From Bur Dubai With a Pet | Pet-Friendly Living in Bur Dubai | Cost of Pet Relocation in Bur Dubai | Local Veterinary Support in Bur Dubai | Bur Dubai Pet Relocation FAQ | Other Dubai Areas We Serve | Our Pet Relocation Services | Official Sources | Relocating a pet in Bur Dubai ?,1187,41,77,8,1,0,Organization | WebSite | BreadcrumbList | LocalBusiness | FAQPage,yes,local,,,ND1 (n=3),lang=en
https://dubai-pet-relocation.ae/dubai/karama/,200,https://dubai-pet-relocation.ae/dubai/karama/,-,index,https://dubai-pet-relocation.ae/dubai/karama/,Pet Relocation Al Karama | Dog & Cat Transport,46,"Pet relocation in Al Karama — door-to-door dog and cat transport, MOCCAE permit guidance and IATA travel crates. Get a free WhatsApp quote in 15 minutes.",153,Pet Relocation in Al Karama,11,Pet Relocation Across Al Karama | Pet Relocation Services for Al Karama Residents | Moving To or From Al Karama With a Pet | Pet-Friendly Living in Al Karama | Cost of Pet Relocation in Al Karama | Local Veterinary Support in Al Karama | Al Karama Pet Relocation FAQ | Other Dubai Areas We Serve | Our Pet Relocation Services | Official Sources | Relocating a pet in Al Karama ?,1181,41,77,8,1,0,Organization | WebSite | BreadcrumbList | LocalBusiness | FAQPage,yes,local,,,ND1 (n=3),lang=en
https://dubai-pet-relocation.ae/dubai/sheikh-zayed-road/,200,https://dubai-pet-relocation.ae/dubai/sheikh-zayed-road/,-,index,https://dubai-pet-relocation.ae/dubai/sheikh-zayed-road/,Pet Relocation Sheikh Zayed Road | Dog & Cat Transport,54,"Pet relocation along Sheikh Zayed Road — door-to-door dog and cat transport, MOCCAE permit guidance and IATA crates. Free WhatsApp quote in 15 minutes.",151,Pet Relocation in Sheikh Zayed Road,11,Pet Relocation Across Sheikh Zayed Road | Pet Relocation Services for Sheikh Zayed Road Residents | Moving To or From Sheikh Zayed Road With a Pet | Pet-Friendly Living on Sheikh Zayed Road | Cost of Pet Relocation on Sheikh Zayed Road | Local Veterinary Support in Sheikh Zayed Road | Sheikh Zayed Road Pet Relocation FAQ | Other Dubai Areas We Serve | Our Pet Relocation Services | Official Sources | Relocating a pet in Sheikh Zayed Road ?,1123,41,77,8,1,0,Organization | WebSite | BreadcrumbList | LocalBusiness | FAQPage,yes,local,,,,lang=en
https://dubai-pet-relocation.ae/dubai/al-satwa/,200,https://dubai-pet-relocation.ae/dubai/al-satwa/,-,index,https://dubai-pet-relocation.ae/dubai/al-satwa/,Pet Relocation Al Satwa | Dog & Cat Transport,45,"Pet relocation in Al Satwa — door-to-door dog and cat transport, MOCCAE permit guidance and IATA crates. Free WhatsApp quote in 15 minutes.",139,Pet Relocation in Al Satwa,11,Pet Relocation Across Al Satwa | Pet Relocation Services for Al Satwa Residents | Moving To or From Al Satwa With a Pet | Pet-Friendly Living in Al Satwa | Cost of Pet Relocation in Al Satwa | Local Veterinary Support in Al Satwa | Al Satwa Pet Relocation FAQ | Other Dubai Areas We Serve | Our Pet Relocation Services | Official Sources | Relocating a pet in Al Satwa ?,1082,41,77,8,1,0,Organization | WebSite | BreadcrumbList | LocalBusiness | FAQPage,yes,local,,,,lang=en
https://dubai-pet-relocation.ae/dubai/umm-suqeim/,200,https://dubai-pet-relocation.ae/dubai/umm-suqeim/,-,index,https://dubai-pet-relocation.ae/dubai/umm-suqeim/,Pet Relocation Umm Suqeim | Dog & Cat Transport,47,"Pet relocation in Umm Suqeim — door-to-door dog and cat transport, MOCCAE permit guidance and IATA crates. Free WhatsApp quote in 15 minutes.",141,Pet Relocation in Umm Suqeim,11,Pet Relocation Across Umm Suqeim | Pet Relocation Services for Umm Suqeim Residents | Moving To or From Umm Suqeim With a Pet | Pet-Friendly Living in Umm Suqeim | Cost of Pet Relocation in Umm Suqeim | Local Veterinary Support in Umm Suqeim | Umm Suqeim Pet Relocation FAQ | Other Dubai Areas We Serve | Our Pet Relocation Services | Official Sources | Relocating a pet in Umm Suqeim ?,1033,41,77,8,1,0,Organization | WebSite | BreadcrumbList | LocalBusiness | FAQPage,yes,local,,,ND5 (n=2),lang=en
https://dubai-pet-relocation.ae/dubai/al-wasl/,200,https://dubai-pet-relocation.ae/dubai/al-wasl/,-,index,https://dubai-pet-relocation.ae/dubai/al-wasl/,Pet Relocation Al Wasl | Dog & Cat Transport,44,"Pet relocation in Al Wasl — door-to-door dog and cat transport, MOCCAE permit guidance and IATA crates. Free WhatsApp quote in 15 minutes.",138,Pet Relocation in Al Wasl,11,Pet Relocation Across Al Wasl | Pet Relocation Services for Al Wasl Residents | Moving To or From Al Wasl With a Pet | Pet-Friendly Living in Al Wasl | Cost of Pet Relocation in Al Wasl | Local Veterinary Support in Al Wasl | Al Wasl Pet Relocation FAQ | Other Dubai Areas We Serve | Our Pet Relocation Services | Official Sources | Relocating a pet in Al Wasl ?,1033,41,77,8,1,0,Organization | WebSite | BreadcrumbList | LocalBusiness | FAQPage,yes,local,,,ND5 (n=2),lang=en
https://dubai-pet-relocation.ae/dubai/city-walk/,200,https://dubai-pet-relocation.ae/dubai/city-walk/,-,index,https://dubai-pet-relocation.ae/dubai/city-walk/,Pet Relocation City Walk | Dog & Cat Transport Dubai,52,"Pet relocation in City Walk — door-to-door dog and cat transport, MOCCAE permit guidance and IATA crates. Free WhatsApp quote in 15 minutes.",140,Pet Relocation in City Walk,11,Pet Relocation Across City Walk | Pet Relocation Services for City Walk Residents | Moving To or From City Walk With a Pet | Pet-Friendly Living in City Walk | Cost of Pet Relocation in City Walk | Local Veterinary Support in City Walk | City Walk Pet Relocation FAQ | Other Dubai Areas We Serve | Our Pet Relocation Services | Official Sources | Relocating a pet in City Walk ?,1058,41,77,8,1,0,Organization | WebSite | BreadcrumbList | LocalBusiness | FAQPage,yes,local,,,ND2 (n=3),lang=en
https://dubai-pet-relocation.ae/dubai/bluewaters/,200,https://dubai-pet-relocation.ae/dubai/bluewaters/,-,index,https://dubai-pet-relocation.ae/dubai/bluewaters/,Pet Relocation Bluewaters Island | Dog & Cat Transport,54,"Pet relocation on Bluewaters Island — door-to-door dog and cat transport, MOCCAE permit guidance and IATA crates. Free WhatsApp quote in 15 minutes.",148,Pet Relocation on Bluewaters Island,11,Pet Relocation Across Bluewaters Island | Pet Relocation Services for Bluewaters Residents | Moving To or From Bluewaters With a Pet | Pet-Friendly Living on Bluewaters Island | Cost of Pet Relocation on Bluewaters Island | Local Veterinary Support in Bluewaters Island | Bluewaters Island Pet Relocation FAQ | Other Dubai Areas We Serve | Our Pet Relocation Services | Official Sources | Relocating a pet in Bluewaters Island ?,1064,41,77,8,1,0,Organization | WebSite | BreadcrumbList | LocalBusiness | FAQPage,yes,local,,,ND2 (n=3),lang=en
https://dubai-pet-relocation.ae/dubai/port-de-la-mer/,200,https://dubai-pet-relocation.ae/dubai/port-de-la-mer/,-,index,https://dubai-pet-relocation.ae/dubai/port-de-la-mer/,Pet Relocation Port de La Mer | Dog & Cat Transport,51,"Pet relocation in Port de La Mer — door-to-door dog and cat transport, MOCCAE permit guidance and IATA crates. Free WhatsApp quote in 15 minutes.",145,Pet Relocation in Port de La Mer,11,Pet Relocation Across Port de La Mer | Pet Relocation Services for Port de La Mer Residents | Moving To or From Port de La Mer With a Pet | Pet-Friendly Living in Port de La Mer | Cost of Pet Relocation in Port de La Mer | Local Veterinary Support in Port de La Mer | Port de La Mer Pet Relocation FAQ | Other Dubai Areas We Serve | Our Pet Relocation Services | Official Sources | Relocating a pet in Port de La Mer ?,1115,41,77,8,1,0,Organization | WebSite | BreadcrumbList | LocalBusiness | FAQPage,yes,local,,,ND2 (n=3),lang=en
https://dubai-pet-relocation.ae/dubai/creek-harbour/,200,https://dubai-pet-relocation.ae/dubai/creek-harbour/,-,index,https://dubai-pet-relocation.ae/dubai/creek-harbour/,Pet Relocation Dubai Creek Harbour | Dog & Cat Transport,56,"Pet relocation in Dubai Creek Harbour — door-to-door dog and cat transport, MOCCAE permit guidance and travel crates. Free WhatsApp quote in 15 minutes.",152,Pet Relocation in Dubai Creek Harbour,11,Pet Relocation Across Dubai Creek Harbour | Pet Relocation Services for Dubai Creek Harbour Residents | Moving To or From Dubai Creek Harbour With a Pet | Pet-Friendly Living in Dubai Creek Harbour | Cost of Pet Relocation in Dubai Creek Harbour | Local Veterinary Support in Dubai Creek Harbour | Dubai Creek Harbour Pet Relocation FAQ | Other Dubai Areas We Serve | Our Pet Relocation Services | Official Sources | Relocating a pet in Dubai Creek Harbour ?,1122,41,77,8,1,0,Organization | WebSite | BreadcrumbList | LocalBusiness | FAQPage,yes,local,,,,lang=en
https://dubai-pet-relocation.ae/dubai/mudon/,200,https://dubai-pet-relocation.ae/dubai/mudon/,-,index,https://dubai-pet-relocation.ae/dubai/mudon/,Pet Relocation Mudon | Dog & Cat Transport,42,"Pet relocation in Mudon — door-to-door dog and cat transport, MOCCAE permit guidance and travel crates. Free WhatsApp quote in 15 minutes.",138,Pet Relocation in Mudon,11,Pet Relocation Across Mudon | Pet Relocation Services for Mudon Residents | Moving To or From Mudon With a Pet | Pet-Friendly Living in Mudon | Cost of Pet Relocation in Mudon | Local Veterinary Support in Mudon | Mudon Pet Relocation FAQ | Other Dubai Areas We Serve | Our Pet Relocation Services | Official Sources | Relocating a pet in Mudon ?,1109,41,77,8,1,0,Organization | WebSite | BreadcrumbList | LocalBusiness | FAQPage,yes,local,,,,lang=en
https://dubai-pet-relocation.ae/dubai/victory-heights/,200,https://dubai-pet-relocation.ae/dubai/victory-heights/,-,index,https://dubai-pet-relocation.ae/dubai/victory-heights/,Pet Relocation Victory Heights | Dog & Cat Transport,52,"Pet relocation in Victory Heights — door-to-door dog and cat transport, MOCCAE permit guidance and IATA crates for golf-course villa families. Free WhatsApp quote.",163,Pet Relocation in Victory Heights,11,Pet Relocation Across Victory Heights | Pet Relocation Services for Victory Heights Residents | Moving To or From Victory Heights With a Pet | Pet-Friendly Living in Victory Heights | Cost of Pet Relocation in Victory Heights | Local Veterinary Support in Victory Heights | Victory Heights Pet Relocation FAQ | Other Dubai Areas We Serve | Our Pet Relocation Services | Official Sources | Relocating a pet in Victory Heights ?,1124,41,77,8,1,0,Organization | WebSite | BreadcrumbList | LocalBusiness | FAQPage,yes,local,,,,lang=en
https://dubai-pet-relocation.ae/dubai/sports-city/,200,https://dubai-pet-relocation.ae/dubai/sports-city/,-,index,https://dubai-pet-relocation.ae/dubai/sports-city/,Pet Relocation Dubai Sports City | Dog & Cat Transport,54,"Pet relocation in Dubai Sports City — door-to-door dog and cat transport, MOCCAE permit guidance and IATA crates for apartments and villas. Free WhatsApp quote.",160,Pet Relocation in Dubai Sports City,11,Pet Relocation Across Dubai Sports City | Pet Relocation Services for Dubai Sports City Residents | Moving To or From Dubai Sports City With a Pet | Pet-Friendly Living in Dubai Sports City | Cost of Pet Relocation in Dubai Sports City | Local Veterinary Support in Dubai Sports City | Dubai Sports City Pet Relocation FAQ | Other Dubai Areas We Serve | Our Pet Relocation Services | Official Sources | Relocating a pet in Dubai Sports City ?,1092,41,77,8,1,0,Organization | WebSite | BreadcrumbList | LocalBusiness | FAQPage,yes,local,,,,lang=en
https://dubai-pet-relocation.ae/dubai/motor-city/,200,https://dubai-pet-relocation.ae/dubai/motor-city/,-,index,https://dubai-pet-relocation.ae/dubai/motor-city/,Pet Relocation Motor City | Dog & Cat Transport Dubai,53,"Pet relocation in Motor City — door-to-door dog and cat transport, MOCCAE permit coordination and IATA crates. Free WhatsApp quote in 15 minutes.",145,Pet Relocation in Motor City,11,Pet Relocation Across Motor City | Pet Relocation Services for Motor City Residents | Moving To or From Motor City With a Pet | Pet-Friendly Living in Motor City | Cost of Pet Relocation in Motor City | Local Veterinary Support in Motor City | Motor City Pet Relocation FAQ | Other Dubai Areas We Serve | Our Pet Relocation Services | Official Sources | Relocating a pet in Motor City ?,1088,41,77,8,1,0,Organization | WebSite | BreadcrumbList | LocalBusiness | FAQPage,yes,local,,,,lang=en
https://dubai-pet-relocation.ae/dubai/international-city/,200,https://dubai-pet-relocation.ae/dubai/international-city/,-,index,https://dubai-pet-relocation.ae/dubai/international-city/,Pet Relocation International City | Dog & Cat Transport Dubai,61,"Pet relocation in International City — door-to-door dog and cat transport, MOCCAE permit coordination and IATA crates. Free WhatsApp quote in 15 minutes.",153,Pet Relocation in International City,11,Pet Relocation Across International City | Pet Relocation Services for International City Residents | Moving To or From International City With a Pet | Pet-Friendly Living in International City | Cost of Pet Relocation in International City | Local Veterinary Support in International City | International City Pet Relocation FAQ | Other Dubai Areas We Serve | Our Pet Relocation Services | Official Sources | Relocating a pet in International City ?,1104,41,77,8,1,0,Organization | WebSite | BreadcrumbList | LocalBusiness | FAQPage,yes,local,,,,lang=en
https://dubai-pet-relocation.ae/dubai/dubai-investment-park/,200,https://dubai-pet-relocation.ae/dubai/dubai-investment-park/,-,index,https://dubai-pet-relocation.ae/dubai/dubai-investment-park/,Pet Relocation Dubai Investment Park (DIP) | Pet Transport,58,"Pet relocation in Dubai Investment Park (DIP) — door-to-door dog and cat transport, MOCCAE permit guidance and IATA crates. Free WhatsApp quote in 15 minutes.",158,Pet Relocation in Dubai Investment Park (DIP),11,Pet Relocation Across Dubai Investment Park (DIP) | Pet Relocation Services for Dubai Investment Park Residents | Moving To or From Dubai Investment Park With a Pet | Pet-Friendly Living in Dubai Investment Park | Cost of Pet Relocation in Dubai Investment Park | Local Veterinary Support in Dubai Investment Park (DIP) | Dubai Investment Park (DIP) Pet Relocation FAQ | Other Dubai Areas We Serve | Our Pet Relocation Services | Official Sources | Relocating a pet in Dubai Investment Park (DIP) ?,1080,41,77,8,1,0,Organization | WebSite | BreadcrumbList | LocalBusiness | FAQPage,yes,local,,,,lang=en
https://dubai-pet-relocation.ae/dubai/dubai-production-city/,200,https://dubai-pet-relocation.ae/dubai/dubai-production-city/,-,index,https://dubai-pet-relocation.ae/dubai/dubai-production-city/,Pet Relocation Dubai Production City (IMPZ) | Pet Transport,59,"Pet relocation in Dubai Production City (IMPZ) — door-to-door dog and cat transport, MOCCAE permit guidance and IATA crates. Free WhatsApp quote in 15 minutes.",159,Pet Relocation in Dubai Production City (IMPZ),11,Pet Relocation Across Dubai Production City (IMPZ) | Pet Relocation Services for Dubai Production City Residents | Moving To or From Dubai Production City With a Pet | Pet-Friendly Living in Dubai Production City | Cost of Pet Relocation in Dubai Production City | Local Veterinary Support in Dubai Production City (IMPZ) | Dubai Production City (IMPZ) Pet Relocation FAQ | Other Dubai Areas We Serve | Our Pet Relocation Services | Official Sources | Relocating a pet in Dubai Production City (IMPZ) ?,1073,41,77,8,1,0,Organization | WebSite | BreadcrumbList | LocalBusiness | FAQPage,yes,local,,,,lang=en
https://dubai-pet-relocation.ae/dubai/al-furjan/,200,https://dubai-pet-relocation.ae/dubai/al-furjan/,-,index,https://dubai-pet-relocation.ae/dubai/al-furjan/,Pet Relocation Al Furjan | Dog & Cat Transport,46,"Pet relocation in Al Furjan — door-to-door dog and cat transport, MOCCAE permit guidance and IATA crates for villa and townhouse families. Free WhatsApp quote.",159,Pet Relocation in Al Furjan,11,Pet Relocation Across Al Furjan | Pet Relocation Services for Al Furjan Residents | Moving To or From Al Furjan With a Pet | Pet-Friendly Living in Al Furjan | Cost of Pet Relocation in Al Furjan | Local Veterinary Support in Al Furjan | Al Furjan Pet Relocation FAQ | Other Dubai Areas We Serve | Our Pet Relocation Services | Official Sources | Relocating a pet in Al Furjan ?,1123,41,77,8,1,0,Organization | WebSite | BreadcrumbList | LocalBusiness | FAQPage,yes,local,,,,lang=en
https://dubai-pet-relocation.ae/dubai/damac-hills/,200,https://dubai-pet-relocation.ae/dubai/damac-hills/,-,index,https://dubai-pet-relocation.ae/dubai/damac-hills/,Pet Relocation DAMAC Hills | Dog & Cat Transport,48,"Pet relocation in DAMAC Hills — door-to-door dog and cat transport, MOCCAE permit guidance and IATA crates for villa and multi-pet families. Free quote.",152,Pet Relocation in DAMAC Hills,11,Pet Relocation Across DAMAC Hills | Pet Relocation Services for DAMAC Hills Residents | Moving To or From DAMAC Hills With a Pet | Pet-Friendly Living in DAMAC Hills | Cost of Pet Relocation in DAMAC Hills | Local Veterinary Support in DAMAC Hills | DAMAC Hills Pet Relocation FAQ | Other Dubai Areas We Serve | Our Pet Relocation Services | Official Sources | Relocating a pet in DAMAC Hills ?,1151,41,77,8,1,0,Organization | WebSite | BreadcrumbList | LocalBusiness | FAQPage,yes,local,,,,lang=en
https://dubai-pet-relocation.ae/dubai/damac-hills-2/,200,https://dubai-pet-relocation.ae/dubai/damac-hills-2/,-,index,https://dubai-pet-relocation.ae/dubai/damac-hills-2/,Pet Relocation DAMAC Hills 2 | Dog & Cat Transport,50,"Pet relocation in DAMAC Hills 2 (Akoya) — door-to-door dog and cat transport, MOCCAE permit guidance and IATA travel crates for villa families. Free quote.",155,Pet Relocation in DAMAC Hills 2,11,Pet Relocation Across DAMAC Hills 2 | Pet Relocation Services for DAMAC Hills 2 Residents | Moving To or From DAMAC Hills 2 With a Pet | Pet-Friendly Living in DAMAC Hills 2 | Cost of Pet Relocation in DAMAC Hills 2 | Local Veterinary Support in DAMAC Hills 2 | DAMAC Hills 2 Pet Relocation FAQ | Other Dubai Areas We Serve | Our Pet Relocation Services | Official Sources | Relocating a pet in DAMAC Hills 2 ?,1146,41,77,8,1,0,Organization | WebSite | BreadcrumbList | LocalBusiness | FAQPage,yes,local,,,,lang=en
https://dubai-pet-relocation.ae/dubai/emaar-south/,200,https://dubai-pet-relocation.ae/dubai/emaar-south/,-,index,https://dubai-pet-relocation.ae/dubai/emaar-south/,Pet Relocation Emaar South | Dog & Cat Transport,48,"Pet relocation in Emaar South — door-to-door dog and cat transport near Al Maktoum (DWC) airport, MOCCAE permit guidance and IATA crates. Free WhatsApp quote in 15 minutes.",172,Pet Relocation in Emaar South,11,Pet Relocation Across Emaar South | Pet Relocation Services for Emaar South Residents | Moving To or From Emaar South With a Pet | Living Beside the Southern Airport in Emaar South | Cost of Pet Relocation in Emaar South | Local Veterinary Support in Emaar South | Emaar South Pet Relocation FAQ | Other Dubai Areas We Serve | Our Pet Relocation Services | Official Sources | Relocating a pet in Emaar South ?,1103,41,77,8,1,0,Organization | WebSite | BreadcrumbList | LocalBusiness | FAQPage,yes,local,,,,lang=en
https://dubai-pet-relocation.ae/dubai/dubailand/,200,https://dubai-pet-relocation.ae/dubai/dubailand/,-,index,https://dubai-pet-relocation.ae/dubai/dubailand/,Pet Relocation Dubailand | Dog & Cat Transport,46,"Pet relocation in Dubailand — door-to-door dog and cat transport, MOCCAE permit guidance and IATA crates for villa families. Free WhatsApp quote in 15 minutes.",159,Pet Relocation in Dubailand,11,Pet Relocation Across Dubailand | Pet Relocation Services for Dubailand Residents | Moving To or From Dubailand With a Pet | Pet-Friendly Living in Dubailand | Cost of Pet Relocation in Dubailand | Local Veterinary Support in Dubailand | Dubailand Pet Relocation FAQ | Other Dubai Areas We Serve | Our Pet Relocation Services | Official Sources | Relocating a pet in Dubailand ?,1099,41,77,8,1,0,Organization | WebSite | BreadcrumbList | LocalBusiness | FAQPage,yes,local,,,ND3 (n=2),lang=en
https://dubai-pet-relocation.ae/dubai/meydan/,200,https://dubai-pet-relocation.ae/dubai/meydan/,-,index,https://dubai-pet-relocation.ae/dubai/meydan/,Pet Relocation Meydan | Dog & Cat Transport,43,"Pet relocation in Meydan — door-to-door dog and cat transport, MOCCAE permit guidance and IATA crates. Free WhatsApp quote in 15 minutes.",137,Pet Relocation in Meydan,11,Pet Relocation Across Meydan | Pet Relocation Services for Meydan Residents | Moving To or From Meydan With a Pet | Pet-Friendly Living in Meydan | Cost of Pet Relocation in Meydan | Local Veterinary Support in Meydan | Meydan Pet Relocation FAQ | Other Dubai Areas We Serve | Our Pet Relocation Services | Official Sources | Relocating a pet in Meydan ?,1040,41,77,8,1,0,Organization | WebSite | BreadcrumbList | LocalBusiness | FAQPage,yes,local,,,ND4 (n=2),lang=en
https://dubai-pet-relocation.ae/guides/,200,https://dubai-pet-relocation.ae/guides/,-,index,https://dubai-pet-relocation.ae/guides/,"Pet Relocation Guides for Dubai | Rules, Costs & Permits",56,"Free, up-to-date guides on relocating a pet to Dubai: costs, MOCCAE import permits, banned breeds, IATA crates, the rabies titer test and summer travel.",152,Everything You Need to Move a Pet to Dubai,9,Pet Relocation Cost Guide | UAE Pet Import Requirements | Banned & Restricted Dog Breeds | IATA Pet Crate Requirements | MOCCAE Import Permit | Rabies Titer Test (RNATT) | Pet Travel in Dubai Summer Heat | Official Sources | Not sure which guide you need?,530,7,45,8,8,0,Organization | WebSite | ItemList,yes,guide,,,,lang=en
https://dubai-pet-relocation.ae/guides/pet-relocation-cost-dubai/,200,https://dubai-pet-relocation.ae/guides/pet-relocation-cost-dubai/,-,index,https://dubai-pet-relocation.ae/guides/pet-relocation-cost-dubai/,Pet Relocation Cost Dubai 2026 | Transparent Price Guide,56,"Complete 2026 cost guide for pet relocation to Dubai. Transparent breakdown of government fees, vet costs, cargo shipping, and our service fee.",143,How Much Does It Cost to Bring a Dog or Cat to Dubai? 2026 Price Breakdown,10,"Why Pet Relocation Costs Vary So Much | The Complete Cost Breakdown — Every Dirham Explained | Cost by Route — What You'll Pay from Your Country | Cost by Pet Size — How Your Pet's Dimensions Affect Price | Hidden Costs — What Competitors Don't Tell You | DIY vs. Using a Service — The Honest Comparison | Seasonal Pricing Factors — When You Move Matters | How to Get an Accurate, Personalized Quote | Frequently Asked Questions | Ready to Know Your Exact Cost?",3218,80,44,5,1,0,Organization | WebSite | FAQPage | Article | BreadcrumbList,yes,guide,,,,lang=en
https://dubai-pet-relocation.ae/guides/uae-pet-import-requirements/,200,https://dubai-pet-relocation.ae/guides/uae-pet-import-requirements/,-,index,https://dubai-pet-relocation.ae/guides/uae-pet-import-requirements/,UAE Pet Import Requirements 2026 | Permits & Documents,54,"Complete guide to UAE pet import requirements for Dubai. MOCCAE permit, vaccination rules, banned breeds, health certificates, microchip, rabies titer test, and more.",166,UAE Pet Import Requirements 2026: Complete Guide to Bringing Dogs & Cats to Dubai,13,Your Quick Checklist | What You Need to Bring Your Pet to Dubai (Quick Checklist) | Step-by-Step: How to Import Your Pet to Dubai | Required Documents Checklist | Banned and Restricted Dog Breeds | Vaccination Requirements | Rabies Titer Test Rules | Import Permit Application | Airline-Specific Requirements | Health Certificate Timing | What Happens If Your Documents Are Wrong | Frequently Asked Questions | Ready to bring your pet home to Dubai?,3784,80,45,17,1,0,Organization | WebSite | FAQPage | Article | BreadcrumbList,yes,guide,,,,lang=en
https://dubai-pet-relocation.ae/how-it-works/,200,https://dubai-pet-relocation.ae/how-it-works/,-,index,https://dubai-pet-relocation.ae/how-it-works/,How Pet Relocation Works in Dubai | 7-Step Process,50,"Our transparent 7-step pet relocation process for Dubai: free consultation, document check, partner matching, booking, pre-travel prep, travel day, and arrival.",160,"How Pet Relocation Works in Dubai: A Clear, Step-by-Step Guide",9,"What We Actually Do (And Why It's Not ""Middlemanning"") | Your Pet's Journey: 7 Steps From Consultation to Reunion | Radical Transparency: What Dubai Pet Relocation Handles vs. What Our Partners Handle | Meet the Specialists Behind Your Pet's Journey | What You Get When You Work With Dubai Pet Relocation | How We Make Money (And Why It Costs What It Costs) | Frequently Asked Questions About Pet Relocation in Dubai | Official Sources | Ready to See How Simple Pet Relocation Can Be?",2651,80,44,8,1,0,Organization | WebSite | FAQPage | HowTo | BreadcrumbList,yes,info,,,,lang=en
https://dubai-pet-relocation.ae/dog-relocation-to-dubai/,200,https://dubai-pet-relocation.ae/dog-relocation-to-dubai/,-,index,https://dubai-pet-relocation.ae/dog-relocation-to-dubai/,Dog Relocation to Dubai | Complete Guide 2026 | Dubai Pet Relocation,68,"Expert guide to relocating your dog to Dubai. Breed checks, crate sizing, MOCCAE import permit, flight booking, banned breeds, and everything you need for a safe journey.",170,Dog Relocation to Dubai — Bring Your Dog Home Safely,12,What Every Dog Owner Worries About (And How We Handle It) | How Dog Relocation Works — Step by Step | What Your Dog Needs to Enter Dubai | Banned and Restricted Dog Breeds in Dubai | IATA Travel Crates for Dogs | Airline Options for Flying Dogs to Dubai | Summer Heat Embargoes and Brachycephalic Dogs | What It Costs to Relocate a Dog to Dubai | What Dog Owners Say About Dubai Pet Relocation | Frequently Asked Questions About Dog Relocation to Dubai | Official Sources | Ready to Bring Your Dog to Dubai?,3395,18,45,11,2,0,Organization | WebSite | FAQPage | BreadcrumbList | Article,yes,info,,,,lang=en
https://dubai-pet-relocation.ae/cat-relocation-to-dubai/,200,https://dubai-pet-relocation.ae/cat-relocation-to-dubai/,-,index,https://dubai-pet-relocation.ae/cat-relocation-to-dubai/,Cat Relocation to Dubai | Complete Guide 2026 | Dubai Pet Relocation,68,"Expert guide to relocating your cat to Dubai. Sedation guidance, crate comfort, airline policies, MOCCAE requirements, and everything you need for a safe, stress-free journey.",175,Cat Relocation to Dubai: Bringing Your Cat Home Safely,13,"What Every Cat Owner Worries About (And Why You Don't Have To) | How Cat Relocation to Dubai Works (Step-by-Step) | What Documents Does Your Cat Need to Enter Dubai? | Are Any Cat Breeds Banned in Dubai? | Choosing the Right Travel Crate for Your Cat | Which Airlines Can Fly Your Cat to Dubai? | Should You Sedate Your Cat for Flying? (Honest Guidance) | Summer Heat, Long-Haired Cats, and Seasonal Planning | How Much Does Cat Relocation to Dubai Cost? | What Cat Owners Say About Dubai Pet Relocation | Frequently Asked Questions About Cat Relocation to Dubai | Official Sources | Ready to Bring Your Cat to Dubai?",4007,17,45,8,2,0,Organization | WebSite | FAQPage | BreadcrumbList | Article,yes,info,,,,lang=en
https://dubai-pet-relocation.ae/services/,200,https://dubai-pet-relocation.ae/services/,-,index,https://dubai-pet-relocation.ae/services/,Pet Relocation Services Dubai | Essential to Coordination,57,"Three pet relocation service tiers: PawPilot (Essential), PawPartner (Premium), and PawVIP (Coordination). Transparent pricing and clear inclusions.",148,Dubai Pet Relocation Services — From Essential to Coordination,4,"Full Comparison | Add-On Services | The Same 7-Step Process, Every Tier | Not Sure Which Tier Is Right for You?",873,80,44,8,1,0,Organization | WebSite | Service | BreadcrumbList,yes,service,,,,lang=en
https://dubai-pet-relocation.ae/about/,200,https://dubai-pet-relocation.ae/about/,-,index,https://dubai-pet-relocation.ae/about/,About Dubai Pet Relocation | Pet Relocation Coordination Dubai,62,"Learn about Dubai Pet Relocation — a Dubai-based coordination built by pet owners who understand moving with animals. Transparent, partner-matched, animal-first.",161,About Dubai Pet Relocation — Transparent Pet Relocation for Dubai,5,"Built by Pet Owners, for Pet Owners | Experience, Expertise, Authority, and Trust | A Small Team of Pet Lovers and Logistics Experts | We Are Not a Middleman. We Are a Coordination. | Ready to Meet the Team Behind Your Pet's Journey?",1000,80,44,5,2,0,Organization | WebSite | BreadcrumbList,yes,info,,,,lang=en
https://dubai-pet-relocation.ae/contact/,200,https://dubai-pet-relocation.ae/contact/,-,index,https://dubai-pet-relocation.ae/contact/,Contact Dubai Pet Relocation | Pet Relocation Dubai,51,"Contact Dubai Pet Relocation for pet relocation help in Dubai via WhatsApp, email, or form. We reply within 15 minutes during business hours.",141,Contact Dubai Pet Relocation — We're Here to Help,3,Contact Form | Quick Questions | Let's Make Your Pet's Journey Clear,524,80,44,7,1,0,Organization | WebSite | BreadcrumbList | ContactPage,yes,info,,,,lang=en
https://dubai-pet-relocation.ae/faq/,200,https://dubai-pet-relocation.ae/faq/,-,index,https://dubai-pet-relocation.ae/faq/,Pet Relocation FAQ Dubai | Dubai Pet Relocation,47,"Pet relocation FAQ for Dubai: import, export, documents, costs, timelines, airlines, crates, banned breeds, cats, dogs, and emergencies. Ask us on WhatsApp if you need more help.",178,Pet Relocation FAQ — Everything You Need to Know,2,Still Have Questions? Explore Our Guides | Didn't Find Your Answer?,1071,80,46,5,1,0,Organization | WebSite | FAQPage | BreadcrumbList,yes,info,,,,lang=en
https://dubai-pet-relocation.ae/routes/uk-to-dubai/,200,https://dubai-pet-relocation.ae/routes/uk-to-dubai/,-,index,https://dubai-pet-relocation.ae/routes/uk-to-dubai/,UK to Dubai Pet Relocation — Complete Guide 2026,48,"Relocate your pet from the UK to Dubai. Low-risk route: no titer test, 21-day rabies wait, direct BA/EK flights from LHR. Costs, documents and timeline.",152,UK to Dubai Pet Relocation — Complete Guide,9,Flying Your Pet from the UK to Dubai | Documents Required for UK to Dubai | UK to Dubai Cost Breakdown | UK to Dubai Timeline | Airlines Flying Pets from the UK to Dubai | UK to Dubai Pet Relocation FAQs | Official Sources | Ready to Relocate Your Pet from the UK to Dubai? | Related Routes & Next Steps,2207,80,47,8,1,0,Organization | WebSite | FAQPage | BreadcrumbList | Article,yes,route,,,,lang=en
https://dubai-pet-relocation.ae/routes/usa-to-dubai/,200,https://dubai-pet-relocation.ae/routes/usa-to-dubai/,-,index,https://dubai-pet-relocation.ae/routes/usa-to-dubai/,USA to Dubai Pet Relocation — Complete Guide 2026,49,"Relocate your pet from the USA to Dubai. Low-risk route, rules vary by state. Emirates, Etihad, American Airlines. Costs, documents and timeline.",145,USA to Dubai Pet Relocation — Complete Guide,9,Flying Your Pet from the USA to Dubai | Documents Required for USA to Dubai | USA to Dubai Cost Breakdown | USA to Dubai Timeline | Airlines Flying Pets from the USA to Dubai | USA to Dubai Pet Relocation FAQs | Official Sources | Ready to Relocate Your Pet from the USA to Dubai? | Related Routes & Next Steps,2357,80,47,8,1,0,Organization | WebSite | FAQPage | BreadcrumbList | Article,yes,route,,,,lang=en
https://dubai-pet-relocation.ae/routes/india-to-dubai/,200,https://dubai-pet-relocation.ae/routes/india-to-dubai/,-,index,https://dubai-pet-relocation.ae/routes/india-to-dubai/,India to Dubai Pet Relocation — Complete Guide 2026,51,"Relocate your pet from India to Dubai. High-risk route: titer test (RNATT) required, 90-day wait, 3–4 months. IndiGo, Emirates, Air India. Costs and documents.",159,India to Dubai Pet Relocation — Complete Guide,9,Flying Your Pet from India to Dubai | Documents Required for India to Dubai | India to Dubai Cost Breakdown | India to Dubai Timeline | Airlines Flying Pets from India to Dubai | India to Dubai Pet Relocation FAQs | Official Sources | Ready to Relocate Your Pet from India to Dubai? | Related Routes & Next Steps,2589,80,47,8,1,0,Organization | WebSite | FAQPage | BreadcrumbList | Article,yes,route,,,,lang=en
https://dubai-pet-relocation.ae/routes/australia-to-dubai/,200,https://dubai-pet-relocation.ae/routes/australia-to-dubai/,-,index,https://dubai-pet-relocation.ae/routes/australia-to-dubai/,Australia to Dubai Pet Relocation — Complete Guide 2026,55,"Relocate your pet from Australia to Dubai. Low-risk but strict AQIS export rules. Emirates and Qantas. Costs, timeline and AQIS requirements explained.",151,Australia to Dubai Pet Relocation — Complete Guide,9,Flying Your Pet from Australia to Dubai | Documents Required for Australia to Dubai | Australia to Dubai Cost Breakdown | Australia to Dubai Timeline | Airlines Flying Pets from Australia to Dubai | Australia to Dubai Pet Relocation FAQs | Official Sources | Ready to Relocate Your Pet from Australia to Dubai? | Related Routes & Next Steps,2459,80,47,8,1,0,Organization | WebSite | FAQPage | BreadcrumbList | Article,yes,route,,,,lang=en
https://dubai-pet-relocation.ae/routes/philippines-to-dubai/,200,https://dubai-pet-relocation.ae/routes/philippines-to-dubai/,-,index,https://dubai-pet-relocation.ae/routes/philippines-to-dubai/,Philippines to Dubai Pet Relocation — Complete Guide 2026,57,"Relocate your pet from the Philippines to Dubai. High-risk route: titer test (RNATT), 90-day wait, 3–4 months. PAL, Emirates, Cebu Pacific. Costs and documents.",160,Philippines to Dubai Pet Relocation — Complete Guide,9,Flying Your Pet from the Philippines to Dubai | Documents Required for Philippines to Dubai | Philippines to Dubai Cost Breakdown | Philippines to Dubai Timeline | Airlines Flying Pets from the Philippines to Dubai | Philippines to Dubai Pet Relocation FAQs | Official Sources | Ready to Relocate Your Pet from the Philippines to Dubai? | Related Routes & Next Steps,2621,80,47,8,1,0,Organization | WebSite | FAQPage | BreadcrumbList | Article,yes,route,,,,lang=en
https://dubai-pet-relocation.ae/routes/canada-to-dubai/,200,https://dubai-pet-relocation.ae/routes/canada-to-dubai/,-,index,https://dubai-pet-relocation.ae/routes/canada-to-dubai/,Canada to Dubai Pet Relocation — Complete Guide 2026,52,"Relocate your pet from Canada to Dubai. Low-risk route with Canadian-specific CFIA requirements. Air Canada, Emirates. Costs, documents and timeline.",149,Canada to Dubai Pet Relocation — Complete Guide,9,Flying Your Pet from Canada to Dubai | Documents Required for Canada to Dubai | Canada to Dubai Cost Breakdown | Canada to Dubai Timeline | Airlines Flying Pets from Canada to Dubai | Canada to Dubai Pet Relocation FAQs | Official Sources | Ready to Relocate Your Pet from Canada to Dubai? | Related Routes & Next Steps,2496,80,47,8,1,0,Organization | WebSite | FAQPage | BreadcrumbList | Article,yes,route,,,,lang=en
https://dubai-pet-relocation.ae/routes/new-zealand-to-dubai/,200,https://dubai-pet-relocation.ae/routes/new-zealand-to-dubai/,-,index,https://dubai-pet-relocation.ae/routes/new-zealand-to-dubai/,New Zealand to Dubai Pet Relocation — Complete Guide 2026,57,"Relocate your pet from New Zealand to Dubai. Low-risk but strict MPI export rules. Air New Zealand, Emirates. NZ biosecurity, costs and timeline.",145,New Zealand to Dubai Pet Relocation — Complete Guide,9,Flying Your Pet from New Zealand to Dubai | Documents Required for New Zealand to Dubai | New Zealand to Dubai Cost Breakdown | New Zealand to Dubai Timeline | Airlines Flying Pets from New Zealand to Dubai | New Zealand to Dubai Pet Relocation FAQs | Official Sources | Ready to Relocate Your Pet from New Zealand to Dubai? | Related Routes & Next Steps,2676,80,47,8,1,0,Organization | WebSite | FAQPage | BreadcrumbList | Article,yes,route,,,,lang=en
https://dubai-pet-relocation.ae/routes/south-africa-to-dubai/,200,https://dubai-pet-relocation.ae/routes/south-africa-to-dubai/,-,index,https://dubai-pet-relocation.ae/routes/south-africa-to-dubai/,South Africa to Dubai Pet Relocation — Complete Guide 2026,58,"Relocate your pet from South Africa to Dubai. High-risk route: titer test (RNATT), 90-day wait, wildlife regulations. SAA, Emirates. Full cost guide.",149,South Africa to Dubai Pet Relocation — Complete Guide,9,Flying Your Pet from South Africa to Dubai | Documents Required for South Africa to Dubai | South Africa to Dubai Cost Breakdown | South Africa to Dubai Timeline | Airlines Flying Pets from South Africa to Dubai | South Africa to Dubai Pet Relocation FAQs | Official Sources | Ready to Relocate Your Pet from South Africa to Dubai? | Related Routes & Next Steps,2867,80,47,8,1,0,Organization | WebSite | FAQPage | BreadcrumbList | Article,yes,route,,,,lang=en
https://dubai-pet-relocation.ae/routes/dubai-to-uk/,200,https://dubai-pet-relocation.ae/routes/dubai-to-uk/,-,index,https://dubai-pet-relocation.ae/routes/dubai-to-uk/,Dubai to UK Pet Relocation | Export Guide 2026,46,"Export your dog or cat from Dubai to the UK. Guide to DEFRA/APHA rules, post-Brexit health certificates, tapeworm treatment, airlines, costs and timeline.",154,Dubai to UK Pet Relocation — Exporting Your Pet to Britain,11,UK Import Requirements for Pets from Dubai | DEFRA / APHA Requirements Explained | Airlines Flying Pets from Dubai to the UK | Dubai to UK Cost Breakdown | Dubai to UK Timeline | How Brexit Affects Pet Travel from Dubai to the UK | How Dubai Pet Relocation Handles Dubai to UK Relocations | Dubai to UK Pet Relocation FAQs | Official Sources | Ready to Export Your Pet from Dubai to the UK? | Related Routes & Next Steps,3680,80,47,8,1,0,Organization | WebSite | FAQPage | BreadcrumbList | Article,yes,route,,,,lang=en
https://dubai-pet-relocation.ae/routes/dubai-to-usa/,200,https://dubai-pet-relocation.ae/routes/dubai-to-usa/,-,index,https://dubai-pet-relocation.ae/routes/dubai-to-usa/,Dubai to USA Pet Relocation | Export Guide 2026,47,"Export your dog or cat from Dubai to the USA. Guide to CDC dog import rules, USDA APHIS health certificates, state rules, airlines, costs and timeline.",151,Dubai to USA Pet Relocation — Exporting Your Pet to America,11,US Import Rules for Pets from Dubai | CDC Dog Import Form & Rabies Certificate | Airlines Flying Pets from Dubai to the USA | State-Specific US Pet Import Rules | Dubai to USA Cost Breakdown | Dubai to USA Timeline | What Dubai Pet Relocation Handles for Dubai to USA | Dubai to USA Pet Relocation FAQs | Official Sources | Ready to Export Your Pet from Dubai to the USA? | Related Routes & Next Steps,3858,80,47,8,1,0,Organization | WebSite | FAQPage | BreadcrumbList | Article,yes,route,,,,lang=en
https://dubai-pet-relocation.ae/guides/banned-dog-breeds-dubai/,200,https://dubai-pet-relocation.ae/guides/banned-dog-breeds-dubai/,-,index,https://dubai-pet-relocation.ae/guides/banned-dog-breeds-dubai/,Banned and Restricted Dog Breeds in Dubai — Complete 2026 Guide,63,"Complete list of banned and restricted dog breeds in Dubai and the UAE. Learn about Dubai Municipality rules, fines, import restrictions, muzzle requirements, and how Dubai Pet Relocation can help with breed assessments.",220,Banned and Restricted Dog Breeds in Dubai — Complete 2026 Guide,7,Complete List of Banned Dog Breeds in Dubai & the UAE | Restricted Dog Breeds in Dubai — Rules & Requirements | How Breed Identification Works at UAE Customs | What If You Have a Mixed Breed? | Frequently Asked Questions | Related Guides | Unsure About Your Dog's Breed Status?,1645,80,46,5,1,0,Organization | WebSite | FAQPage | BreadcrumbList | Article,yes,guide,,,,lang=en
https://dubai-pet-relocation.ae/guides/iata-pet-crate-requirements/,200,https://dubai-pet-relocation.ae/guides/iata-pet-crate-requirements/,-,index,https://dubai-pet-relocation.ae/guides/iata-pet-crate-requirements/,IATA Pet Crate Requirements for Dubai Flights (2026),52,"Complete guide to IATA-compliant pet travel crates for Dubai flights. Learn sizing formulas, construction rules, airline-specific requirements (Emirates, Etihad, flydubai), and how Dubai Pet Relocation sizes crates for safe travel.",231,IATA Pet Travel Crate Requirements for Dubai Flights — 2026 Guide,8,What Is IATA LAR and Why Does It Matter? | Crate Sizing Formula — Getting It Exactly Right | What Is NOT Allowed for Cargo Travel | Airline-Specific Crate Requirements | How Dubai Pet Relocation Sizes Crates — Our 3-Step Process | Frequently Asked Questions | Related Guides | Need Help Choosing the Right Crate?,1527,80,47,5,1,0,Organization | WebSite | FAQPage | BreadcrumbList | Article,yes,guide,,,,lang=en
https://dubai-pet-relocation.ae/guides/pet-travel-summer-dubai/,200,https://dubai-pet-relocation.ae/guides/pet-travel-summer-dubai/,-,index,https://dubai-pet-relocation.ae/guides/pet-travel-summer-dubai/,Pet Travel in Dubai Summer Heat | Embargo & Options,51,"Complete guide to pet travel during Dubai summer heat embargo. Learn which airlines have embargos, temperature restrictions, brachycephalic breed bans, alternatives, and how Dubai Pet Relocation handles summer moves safely.",223,"Pet Travel During Dubai Summer Heat — Embargo, Risks & Alternatives",7,What Is the Summer Heat Embargo? | Airline Summer Embargo Policies for Dubai | Summer Travel Alternatives & Cost Comparison | How Dubai Pet Relocation Handles Summer Moves | Frequently Asked Questions | Related Guides | Moving During Summer? Let's Plan Safely.,1426,80,47,5,1,0,Organization | WebSite | FAQPage | BreadcrumbList | Article,yes,guide,,,,lang=en
https://dubai-pet-relocation.ae/guides/moccae-import-permit/,200,https://dubai-pet-relocation.ae/guides/moccae-import-permit/,-,index,https://dubai-pet-relocation.ae/guides/moccae-import-permit/,MOCCAE Import Permit for Pets — Dubai & UAE Guide (2026),56,"Step-by-step guide to obtaining a MOCCAE import permit for pets entering Dubai and the UAE. Learn required documents, processing times, costs, common rejection reasons, and how Dubai Pet Relocation handles applications.",219,MOCCAE Import Permit for Pets — Dubai & UAE Complete Guide (2026),6,What Is MOCCAE and Why Does It Matter? | Step-by-Step MOCCAE Import Permit Application | Common Rejection Reasons & How to Fix Them | Frequently Asked Questions | Related Guides | Let Dubai Pet Relocation Handle Your MOCCAE Permit,1369,80,47,5,1,0,Organization | WebSite | FAQPage | BreadcrumbList | HowTo,yes,guide,,,,lang=en
https://dubai-pet-relocation.ae/guides/rabies-titer-test-dubai/,200,https://dubai-pet-relocation.ae/guides/rabies-titer-test-dubai/,-,index,https://dubai-pet-relocation.ae/guides/rabies-titer-test-dubai/,Rabies Titer Test (RNATT) for Dubai Pet Travel,46,"Complete guide to the rabies titer test (RNATT) for pet travel to Dubai. Learn which countries require it, required antibody levels, accredited labs, timeline, costs, and how Dubai Pet Relocation coordinates testing.",216,Rabies Titer Test (RNATT) for Dubai — Complete Guide for Pet Owners,6,What Is a Rabies Titer Test? | Full Titer Test Timeline — From Vaccination to Travel | How to Avoid Titer Test Failure | Frequently Asked Questions | Related Guides & Routes | Need Help With Your Titer Test?,1598,80,45,5,1,0,Organization | WebSite | FAQPage | BreadcrumbList | HowTo,yes,guide,,,,lang=en
https://dubai-pet-relocation.ae/cities/dubai/,200,https://dubai-pet-relocation.ae/cities/dubai/,-,index,https://dubai-pet-relocation.ae/cities/dubai/,Dubai Pet Relocation | Dog & Cat Transport to Dubai,51,"Relocate your dog or cat to Dubai safely. Full-service pet relocation — documents, flights, customs, and delivery. Get a transparent Dubai pet transport quote.",159,Pet Relocation Dubai — Your Dog or Cat's Safe Journey,8,Why Dubai Is a Great City for Pet Owners | Pet Relocation Services Available in Dubai | Local Partners in Dubai | Dubai-Specific Costs | Popular Routes to Dubai | Dubai Pet Relocation FAQs | Official Sources | Ready to Relocate Your Pet to Dubai?,2302,80,47,8,1,0,Organization | WebSite | LocalBusiness | FAQPage | BreadcrumbList,yes,city,,,,lang=en
https://dubai-pet-relocation.ae/cities/abu-dhabi/,200,https://dubai-pet-relocation.ae/cities/abu-dhabi/,-,index,https://dubai-pet-relocation.ae/cities/abu-dhabi/,Pet Relocation Abu Dhabi | Dubai Pet Relocation,47,"Relocate your dog or cat to Abu Dhabi. Etihad in-cabin flights, ADCM registration, MICCO customs clearance. Get a transparent Abu Dhabi pet transport quote.",156,Pet Relocation Abu Dhabi — Bringing Your Pet to the UAE Capital,8,Etihad In-Cabin Pet Travel — Unique to Abu Dhabi | What Makes Abu Dhabi Different | Etihad Cargo vs Emirates for Pet Relocation | Pet-Friendly Areas in Abu Dhabi | Abu Dhabi vs Dubai: Cost Differences | Abu Dhabi Pet Relocation FAQs | Official Sources | Ready to Relocate Your Pet to Abu Dhabi?,2762,80,47,8,1,0,Organization | WebSite | LocalBusiness | FAQPage | BreadcrumbList,yes,city,,,,lang=en
https://dubai-pet-relocation.ae/privacy-policy/,200,https://dubai-pet-relocation.ae/privacy-policy/,-,noindex,https://dubai-pet-relocation.ae/privacy-policy/,Privacy Policy | Dubai Pet Relocation,37,"Privacy policy for Dubai Pet Relocation pet relocation coordination services. Learn how we collect, use, and protect your personal data.",136,Privacy Policy,13,1. Introduction | 2. What Data We Collect | 3. How We Use Your Data | 4. Data Sharing with Partners | 5. Legal Basis for Processing | 6. Cookies and Analytics | 7. Data Retention | 8. Data Security | 9. Your Rights | 10. International Data Transfers | 11. Children's Privacy | 12. Changes to This Policy | 13. Contact Us,1187,80,44,4,0,0,Organization | WebSite,yes,legal,,,,lang=en
https://dubai-pet-relocation.ae/terms-of-service/,200,https://dubai-pet-relocation.ae/terms-of-service/,-,noindex,https://dubai-pet-relocation.ae/terms-of-service/,Terms of Service | Dubai Pet Relocation,39,Terms of Service for Dubai Pet Relocation pet relocation coordination services. Please read these terms carefully before using our services.,140,Terms of Service,14,1. Acceptance of Terms | 2. Description of Services | 3. Service Agreement and Scope | 4. Client Responsibilities | 5. Payment Terms | 6. Cancellation and Refunds | 7. Liability and Limitations | 8. Force Majeure | 9. Indemnification | 10. Intellectual Property | 11. Dispute Resolution | 12. Severability | 13. Entire Agreement | 14. Contact Information,1588,80,44,4,0,0,Organization | WebSite,yes,legal,,,,lang=en
