Claim,URL,Evidence,Evidence URL/internal reference,Verified?,Date checked,Keep/change/remove
Pets relocated count,https://dubai-pet-relocation.ae/,Get a Free WhatsApp Quote Read the UAE Pet Import Guide 400+ Pets relocated 4.9★ Google rating 15 min WhatsApp reply 0 Paperwork errors 24/7 Availability Three Simple Steps How Dubai Pet Relocation Works We make pet relocation straightforward.,needs manual verification,needs manual verification,2026-09-04,REVIEW
MOCCAE-related claim,https://dubai-pet-relocation.ae/,"02 We Check & Prepare We review your documents, check MOCCAE requirements, coordinate with vetted partners, and build a clear timeline with deadlines and checkpoints.",needs manual verification,needs manual verification,2026-09-04,REVIEW
Partnership/vetting claim,https://dubai-pet-relocation.ae/,Partner Vetting We only work with partners we trust with our own pets.,needs manual verification,needs manual verification,2026-09-04,REVIEW
Partnership/vetting claim,https://dubai-pet-relocation.ae/,Our Approach A Transparent Partner Model We do not own an airline.,needs manual verification,needs manual verification,2026-09-04,REVIEW
Partnership/vetting claim,https://dubai-pet-relocation.ae/,"Partner-Matched We connect you with vetted partners based on your specific pet, route, and timeline — not a generic list.",needs manual verification,needs manual verification,2026-09-04,REVIEW
MOCCAE-related claim,https://dubai-pet-relocation.ae/,"We guide you through MOCCAE export health certificates, the Fit to Fly check, the airport inspection and your flight booking — and stay with you on WhatsApp at every step.",needs manual verification,needs manual verification,2026-09-04,REVIEW
Partnership/vetting claim,https://dubai-pet-relocation.ae/,"We coordinate documentation, permits, airline-approved crates and customs for 50+ destination countries — connecting you with vetted partners and pet-experienced airlines, and keeping you updated on WhatsApp at every step.",needs manual verification,needs manual verification,2026-09-04,REVIEW
MOCCAE-related claim,https://dubai-pet-relocation.ae/,"Whether you are moving from Europe, the Americas, Asia or Africa, we guide you through MOCCAE import permits, vaccinations, an airline-approved crate and customs clearance — and stay with you on WhatsApp at every step.",needs manual verification,needs manual verification,2026-09-04,REVIEW
MOCCAE-related claim,https://dubai-pet-relocation.ae/,"Pet relocation from Dubai means a MOCCAE export certificate, a destination-specific health workup and a carefully timed flight.",needs manual verification,needs manual verification,2026-09-04,REVIEW
IATA/IPATA compliance or membership claim,https://dubai-pet-relocation.ae/,"We check breed eligibility against the official UAE rules, size an IATA-compliant crate, map your vaccination timeline and flag the snub-nosed and summer airline restrictions before you book.",needs manual verification,needs manual verification,2026-09-04,REVIEW
IATA/IPATA compliance or membership claim,https://dubai-pet-relocation.ae/,5 Crate & Flight Booking We measure your pet for an IATA-compliant crate and book manifest cargo space with the airline's cargo department — not passenger reservations.,needs manual verification,needs manual verification,2026-09-04,REVIEW
License/certification claim,https://dubai-pet-relocation.ae/,"Veterinary Partners We work with licensed UAE veterinary clinics experienced in international health certificates, export documentation, and pre-flight health checks.",needs manual verification,needs manual verification,2026-09-04,REVIEW
Partnership/vetting claim,https://dubai-pet-relocation.ae/,"Cargo & Airline Partners We book directly with airline cargo departments, not passenger reservation desks.",needs manual verification,needs manual verification,2026-09-04,REVIEW
Partnership/vetting claim,https://dubai-pet-relocation.ae/,"Vetted partner network We only work with clinics, cargo agents, and ground transport providers we trust with our own pets.",needs manual verification,needs manual verification,2026-09-04,REVIEW
License/certification claim,https://dubai-pet-relocation.ae/,"Dogs require a rabies titer test (RNATT) performed at an accredited laboratory, followed by a 90-day waiting period before entry into the UAE.",needs manual verification,needs manual verification,2026-09-04,REVIEW
Partnership/vetting claim,https://dubai-pet-relocation.ae/,"Veterinary access is expanding in these areas, and we keep our partner list updated as new clinics open.",needs manual verification,needs manual verification,2026-09-04,REVIEW
IATA/IPATA compliance or membership claim,https://dubai-pet-relocation.ae/,We measure your pet and supply an IATA-compliant crate with correct ventilation and locks.,needs manual verification,needs manual verification,2026-09-04,REVIEW
IATA/IPATA compliance or membership claim,https://dubai-pet-relocation.ae/,"They also require health certificates, import permits, and IATA-compliant crates.",needs manual verification,needs manual verification,2026-09-04,REVIEW
MOCCAE-related claim,https://dubai-pet-relocation.ae/,"The dog needs a microchip, rabies vaccination, titer test, 90-day wait, MOCCAE import permit, and health certificate.",needs manual verification,needs manual verification,2026-09-04,REVIEW
License/certification claim,https://dubai-pet-relocation.ae/,We Work With Licensed Professionals Every partner in our network is licensed and experienced with live animal transport.,needs manual verification,needs manual verification,2026-09-04,REVIEW
MOCCAE-related claim,https://dubai-pet-relocation.ae/,"We coordinated the MOCCAE export endorsement, issued the health certificates within the travel window, and booked a direct cargo flight to Heathrow.",needs manual verification,needs manual verification,2026-09-04,REVIEW
Other factual trust claim,https://dubai-pet-relocation.ae/,"Four months later, the dog arrived safely and was registered with Dubai Municipality within a week.",needs manual verification,needs manual verification,2026-09-04,REVIEW
MOCCAE-related claim,https://dubai-pet-relocation.ae/,"We guide you through MOCCAE requirements, vetted partners and door-to-door delivery.",needs manual verification,needs manual verification,2026-09-04,REVIEW
IATA/IPATA compliance or membership claim,https://dubai-pet-relocation.ae/service/pet-relocation-dubai/,3 Crate & booking We help size an IATA-compliant crate and coordinate a pet-experienced flight and cargo booking.,needs manual verification,needs manual verification,2026-09-04,REVIEW
MOCCAE-related claim,https://dubai-pet-relocation.ae/service/pet-relocation-dubai/,"We guide you through MOCCAE requirements, vetted partners and door-to-door delivery.",needs manual verification,needs manual verification,2026-09-04,REVIEW
IATA/IPATA compliance or membership claim,https://dubai-pet-relocation.ae/service/pet-import-dubai/,Pets must enter the UAE as manifested air cargo — not in the cabin and not as checked baggage — and travel in an IATA-compliant crate.,needs manual verification,needs manual verification,2026-09-04,REVIEW
MOCCAE-related claim,https://dubai-pet-relocation.ae/service/pet-import-dubai/,We do not fly the animals ourselves and we are not a MOCCAE-licensed agency.,needs manual verification,needs manual verification,2026-09-04,REVIEW
MOCCAE-related claim,https://dubai-pet-relocation.ae/service/pet-import-dubai/,We give you the exact MOCCAE certificate model so your origin vet completes it correctly.,needs manual verification,needs manual verification,2026-09-04,REVIEW
IATA/IPATA compliance or membership claim,https://dubai-pet-relocation.ae/service/pet-import-dubai/,"7 Book an IATA crate and pet-experienced flight We help size an IATA-compliant crate — rigid plastic, metal bolts, metal door, ventilation on all four sides and tall enough for your pet to stand naturally.",needs manual verification,needs manual verification,2026-09-04,REVIEW
MOCCAE-related claim,https://dubai-pet-relocation.ae/service/pet-import-dubai/,"We do not hold a MOCCAE license ourselves — we guide you through the MOCCAE requirements and, on our higher service tiers, coordinate the submission through vetted partners.",needs manual verification,needs manual verification,2026-09-04,REVIEW
IATA/IPATA compliance or membership claim,https://dubai-pet-relocation.ae/service/pet-import-dubai/,"Cost component Typical range (AED) MOCCAE import permit 200 per pet Airport release / veterinary inspection 250 (cat) – 500 (dog) Veterinary (vaccines, health cert, titer) 1,200 – 3,000 IATA-compliant crate 300 – 2,000 Flight / manifested cargo 3,000 – 12,000+ Coordination & handling 1,500 – 6,000 The single largest variable is the flight.",needs manual verification,needs manual verification,2026-09-04,REVIEW
Other factual trust claim,https://dubai-pet-relocation.ae/service/pet-import-dubai/,"Separately, Dubai restricts certain breeds from living in apartments and requires them to be leashed and muzzled in public and registered with the Veterinary Services Division — these include the Bull Terrier, Husky, English Bulldog, Ca de Bou, Bulldog and Shar Pei.",needs manual verification,needs manual verification,2026-09-04,REVIEW
MOCCAE-related claim,https://dubai-pet-relocation.ae/service/pet-import-dubai/,"We guide you through MOCCAE requirements, vetted partners and door-to-door delivery.",needs manual verification,needs manual verification,2026-09-04,REVIEW
MOCCAE-related claim,https://dubai-pet-relocation.ae/service/pet-export-dubai/,"Whether you are repatriating after a posting, moving for a new job or relocating the whole family, taking your dog or cat out of Dubai follows a clear sequence: update the vet paperwork, confirm what the destination requires, get a Fit to Fly certificate, obtain the MOCCAE export health certificate, pass the in-person inspection at the airport and travel.",needs manual verification,needs manual verification,2026-09-04,REVIEW
MOCCAE-related claim,https://dubai-pet-relocation.ae/service/pet-export-dubai/,3 MOCCAE export health certificate We guide the application for the MOCCAE export health certificate on the MOCCAE portal.,needs manual verification,needs manual verification,2026-09-04,REVIEW
IATA/IPATA compliance or membership claim,https://dubai-pet-relocation.ae/service/pet-export-dubai/,5 Travel day Your pet travels per IATA Live Animals Regulations in an approved crate.,needs manual verification,needs manual verification,2026-09-04,REVIEW
MOCCAE-related claim,https://dubai-pet-relocation.ae/service/pet-export-dubai/,MOCCAE Export Permit and Health Certificate The MOCCAE export health certificate is the document that authorises your pet to leave the UAE.,needs manual verification,needs manual verification,2026-09-04,REVIEW
MOCCAE-related claim,https://dubai-pet-relocation.ae/service/pet-export-dubai/,"What you need to satisfy is the destination country, plus this MOCCAE certificate and its inspection.",needs manual verification,needs manual verification,2026-09-04,REVIEW
MOCCAE-related claim,https://dubai-pet-relocation.ae/service/pet-export-dubai/,"Cost component Typical range (AED) Veterinary documentation 200 – 1,000+ Fit to Fly certificate 100 – 300 MOCCAE export certificate Government fee applies Rabies titer test (if destination requires) 500 – 1,200 Flight / cargo 2,000 – 8,000+ Coordination & handling 1,000 – 5,000 These are typical ranges, not a fixed quote.",needs manual verification,needs manual verification,2026-09-04,REVIEW
MOCCAE-related claim,https://dubai-pet-relocation.ae/service/pet-export-dubai/,What is the MOCCAE export health certificate?,needs manual verification,needs manual verification,2026-09-04,REVIEW
MOCCAE-related claim,https://dubai-pet-relocation.ae/service/pet-export-dubai/,"We guide you through MOCCAE requirements, vetted partners and door-to-door delivery.",needs manual verification,needs manual verification,2026-09-04,REVIEW
MOCCAE-related claim,https://dubai-pet-relocation.ae/service/pet-transport-dubai/,"We guide you through MOCCAE requirements, vetted partners and door-to-door delivery.",needs manual verification,needs manual verification,2026-09-04,REVIEW
Volume claim (reviews/countries),https://dubai-pet-relocation.ae/service/international-pet-relocation/,We coordinate the whole journey to and from Dubai across more than 50 countries so nothing falls through the gaps.,needs manual verification,needs manual verification,2026-09-04,REVIEW
Partnership/vetting claim,https://dubai-pet-relocation.ae/service/international-pet-relocation/,"We do not physically fly the animals ourselves — we connect you with vetted veterinary, crate and ground-handling partners, work with pet-experienced airlines, and make sure the documentation and timing are correct for your specific destination.",needs manual verification,needs manual verification,2026-09-04,REVIEW
IATA/IPATA compliance or membership claim,https://dubai-pet-relocation.ae/service/international-pet-relocation/,"4 Crate and flight booking We help size an IATA-compliant crate through vetted partners and coordinate a routing on a pet-experienced airline, choosing connections and transit airports that suit your animal.",needs manual verification,needs manual verification,2026-09-04,REVIEW
Other factual trust claim,https://dubai-pet-relocation.ae/service/international-pet-relocation/,We work with pet-experienced airlines flying out of Dubai and coordinate connections that keep transit times and handling stress to a minimum.,needs manual verification,needs manual verification,2026-09-04,REVIEW
MOCCAE-related claim,https://dubai-pet-relocation.ae/service/international-pet-relocation/,"We guide you through MOCCAE requirements, vetted partners and door-to-door delivery.",needs manual verification,needs manual verification,2026-09-04,REVIEW
IATA/IPATA compliance or membership claim,https://dubai-pet-relocation.ae/service/pet-relocation-to-dubai/,"That is a regulatory requirement for entry, not a service tier — it means the journey is built around an airline that carries live animals safely, an IATA-compliant crate, and a customs clearance step at the cargo terminal on arrival.",needs manual verification,needs manual verification,2026-09-04,REVIEW
IATA/IPATA compliance or membership claim,https://dubai-pet-relocation.ae/service/pet-relocation-to-dubai/,7 Book the flight and fit the crate We help size an IATA-compliant crate for your pet and coordinate a booking on a pet-experienced airline as manifested cargo.,needs manual verification,needs manual verification,2026-09-04,REVIEW
MOCCAE-related claim,https://dubai-pet-relocation.ae/service/pet-relocation-to-dubai/,We can help with export documentation and MOCCAE certificates whenever that day comes — see our pet relocation from Dubai service for what leaving involves.,needs manual verification,needs manual verification,2026-09-04,REVIEW
MOCCAE-related claim,https://dubai-pet-relocation.ae/service/pet-relocation-to-dubai/,"We guide you through MOCCAE requirements, vetted partners and door-to-door delivery.",needs manual verification,needs manual verification,2026-09-04,REVIEW
MOCCAE-related claim,https://dubai-pet-relocation.ae/service/pet-relocation-from-dubai/,"The UAE side — a MOCCAE export health certificate and a veterinary inspection — is comparatively quick, but it has to line up precisely with the destination paperwork and your flight.",needs manual verification,needs manual verification,2026-09-04,REVIEW
MOCCAE-related claim,https://dubai-pet-relocation.ae/service/pet-relocation-from-dubai/,"4 MOCCAE export certificate and inspection Close to travel, we guide the MOCCAE export health certificate.",needs manual verification,needs manual verification,2026-09-04,REVIEW
IATA/IPATA compliance or membership claim,https://dubai-pet-relocation.ae/service/pet-relocation-from-dubai/,"5 Crate and flight booking We help size an IATA-compliant crate and coordinate a pet-experienced flight and cargo booking, factoring in seasonal and snub-nosed breed restrictions that some airlines apply.",needs manual verification,needs manual verification,2026-09-04,REVIEW
IATA/IPATA compliance or membership claim,https://dubai-pet-relocation.ae/service/pet-relocation-from-dubai/,"Cost component Typical range (AED) MOCCAE export certificate and related fees 300 – 700 Veterinary work (vaccines, health cert, titer test) 1,200 – 3,000 IATA-compliant crate 110 – 1,500 Flight and cargo 3,000 – 14,000+ Coordination and handling 1,500 – 6,000 Where the destination requires arrival quarantine, that facility cost is separate and is charged by the destination country, not by us.",needs manual verification,needs manual verification,2026-09-04,REVIEW
MOCCAE-related claim,https://dubai-pet-relocation.ae/service/pet-relocation-from-dubai/,What is the MOCCAE export certificate and when is it issued?,needs manual verification,needs manual verification,2026-09-04,REVIEW
MOCCAE-related claim,https://dubai-pet-relocation.ae/service/pet-relocation-from-dubai/,"We guide you through MOCCAE requirements, vetted partners and door-to-door delivery.",needs manual verification,needs manual verification,2026-09-04,REVIEW
IATA/IPATA compliance or membership claim,https://dubai-pet-relocation.ae/service/dog-relocation-dubai/,We help you measure your dog and match it to the correct IATA size code through our vetted partners.,needs manual verification,needs manual verification,2026-09-04,REVIEW
MOCCAE-related claim,https://dubai-pet-relocation.ae/service/dog-relocation-dubai/,"We guide you through MOCCAE requirements, vetted partners and door-to-door delivery.",needs manual verification,needs manual verification,2026-09-04,REVIEW
MOCCAE-related claim,https://dubai-pet-relocation.ae/service/cat-relocation-dubai/,"We guide you through MOCCAE requirements, vetted partners and door-to-door delivery.",needs manual verification,needs manual verification,2026-09-04,REVIEW
MOCCAE-related claim,https://dubai-pet-relocation.ae/service/moccae-pet-permit/,"Every pet imported to Dubai needs a MOCCAE import permit, and every pet leaving Dubai needs a MOCCAE export health certificate.",needs manual verification,needs manual verification,2026-09-04,REVIEW
MOCCAE-related claim,https://dubai-pet-relocation.ae/service/moccae-pet-permit/,We are not MOCCAE-licensed and we do not issue permits — only the Ministry can do that.,needs manual verification,needs manual verification,2026-09-04,REVIEW
MOCCAE-related claim,https://dubai-pet-relocation.ae/service/moccae-pet-permit/,"5 Track approval and download the permit MOCCAE reviews the application and, once approved, issues the permit digitally.",needs manual verification,needs manual verification,2026-09-04,REVIEW
MOCCAE-related claim,https://dubai-pet-relocation.ae/service/moccae-pet-permit/,How to Apply for a MOCCAE Export Permit Leaving Dubai with your pet requires a MOCCAE export health certificate rather than an import permit.,needs manual verification,needs manual verification,2026-09-04,REVIEW
MOCCAE-related claim,https://dubai-pet-relocation.ae/service/moccae-pet-permit/,"We check the paperwork before it ever reaches MOCCAE, so the application goes in clean and comes back approved.",needs manual verification,needs manual verification,2026-09-04,REVIEW
MOCCAE-related claim,https://dubai-pet-relocation.ae/service/moccae-pet-permit/,"We guide you through MOCCAE requirements, vetted partners and door-to-door delivery.",needs manual verification,needs manual verification,2026-09-04,REVIEW
MOCCAE-related claim,https://dubai-pet-relocation.ae/dubai/,"We guide you through MOCCAE requirements, vetted partners and door-to-door delivery.",needs manual verification,needs manual verification,2026-09-04,REVIEW
MOCCAE-related claim,https://dubai-pet-relocation.ae/dubai/dubai-marina/,"We guide you through MOCCAE requirements, vetted partners and door-to-door delivery.",needs manual verification,needs manual verification,2026-09-04,REVIEW
IATA/IPATA compliance or membership claim,https://dubai-pet-relocation.ae/dubai/jumeirah/,"3 Crate and booking (Weeks 3–5) We size and source an IATA-compliant crate, acclimate timing with you, and book the right flight and cargo route for your pet.",needs manual verification,needs manual verification,2026-09-04,REVIEW
MOCCAE-related claim,https://dubai-pet-relocation.ae/dubai/jumeirah/,"We guide you through MOCCAE requirements, vetted partners and door-to-door delivery.",needs manual verification,needs manual verification,2026-09-04,REVIEW
IATA/IPATA compliance or membership claim,https://dubai-pet-relocation.ae/dubai/jbr/,"4 Crate and flight We size an IATA-compliant crate, acclimate your pet to it, and book the right flight and cargo path through DXB or DWC.",needs manual verification,needs manual verification,2026-09-04,REVIEW
MOCCAE-related claim,https://dubai-pet-relocation.ae/dubai/jbr/,"We guide you through MOCCAE requirements, vetted partners and door-to-door delivery.",needs manual verification,needs manual verification,2026-09-04,REVIEW
IATA/IPATA compliance or membership claim,https://dubai-pet-relocation.ae/dubai/downtown-dubai/,"4 Crate and flight We size an IATA-compliant crate, acclimate your pet to it, and book the right flight and cargo path through DXB or DWC.",needs manual verification,needs manual verification,2026-09-04,REVIEW
MOCCAE-related claim,https://dubai-pet-relocation.ae/dubai/downtown-dubai/,"We guide you through MOCCAE requirements, vetted partners and door-to-door delivery.",needs manual verification,needs manual verification,2026-09-04,REVIEW
IATA/IPATA compliance or membership claim,https://dubai-pet-relocation.ae/dubai/palm-jumeirah/,"3 Crate and booking (Weeks 3–5) We size and source an IATA-compliant crate, agree acclimation timing with you, and book the right flight and cargo route for your pet.",needs manual verification,needs manual verification,2026-09-04,REVIEW
MOCCAE-related claim,https://dubai-pet-relocation.ae/dubai/palm-jumeirah/,"We guide you through MOCCAE requirements, vetted partners and door-to-door delivery.",needs manual verification,needs manual verification,2026-09-04,REVIEW
MOCCAE-related claim,https://dubai-pet-relocation.ae/dubai/business-bay/,"We guide you through MOCCAE requirements, vetted partners and door-to-door delivery.",needs manual verification,needs manual verification,2026-09-04,REVIEW
MOCCAE-related claim,https://dubai-pet-relocation.ae/dubai/al-barsha/,"We guide you through MOCCAE requirements, vetted partners and door-to-door delivery.",needs manual verification,needs manual verification,2026-09-04,REVIEW
MOCCAE-related claim,https://dubai-pet-relocation.ae/dubai/arabian-ranches/,"We guide you through MOCCAE requirements, vetted partners and door-to-door delivery.",needs manual verification,needs manual verification,2026-09-04,REVIEW
MOCCAE-related claim,https://dubai-pet-relocation.ae/dubai/mirdif/,"We guide you through MOCCAE requirements, vetted partners and door-to-door delivery.",needs manual verification,needs manual verification,2026-09-04,REVIEW
MOCCAE-related claim,https://dubai-pet-relocation.ae/dubai/dubai-silicon-oasis/,"We guide you through MOCCAE requirements, vetted partners and door-to-door delivery.",needs manual verification,needs manual verification,2026-09-04,REVIEW
MOCCAE-related claim,https://dubai-pet-relocation.ae/dubai/jlt/,"We guide you through MOCCAE requirements, vetted partners and door-to-door delivery.",needs manual verification,needs manual verification,2026-09-04,REVIEW
MOCCAE-related claim,https://dubai-pet-relocation.ae/dubai/jvc/,"We guide you through MOCCAE requirements, vetted partners and door-to-door delivery.",needs manual verification,needs manual verification,2026-09-04,REVIEW
MOCCAE-related claim,https://dubai-pet-relocation.ae/dubai/jvt/,"We guide you through MOCCAE requirements, vetted partners and door-to-door delivery.",needs manual verification,needs manual verification,2026-09-04,REVIEW
MOCCAE-related claim,https://dubai-pet-relocation.ae/dubai/dubai-hills/,"We guide you through MOCCAE requirements, vetted partners and door-to-door delivery.",needs manual verification,needs manual verification,2026-09-04,REVIEW
MOCCAE-related claim,https://dubai-pet-relocation.ae/dubai/dubai-south/,"We guide you through MOCCAE requirements, vetted partners and door-to-door delivery.",needs manual verification,needs manual verification,2026-09-04,REVIEW
MOCCAE-related claim,https://dubai-pet-relocation.ae/dubai/al-quoz/,"We guide you through MOCCAE requirements, vetted partners and door-to-door delivery.",needs manual verification,needs manual verification,2026-09-04,REVIEW
MOCCAE-related claim,https://dubai-pet-relocation.ae/dubai/deira/,"We guide you through MOCCAE requirements, vetted partners and door-to-door delivery.",needs manual verification,needs manual verification,2026-09-04,REVIEW
MOCCAE-related claim,https://dubai-pet-relocation.ae/dubai/bur-dubai/,"We guide you through MOCCAE requirements, vetted partners and door-to-door delivery.",needs manual verification,needs manual verification,2026-09-04,REVIEW
MOCCAE-related claim,https://dubai-pet-relocation.ae/dubai/karama/,"We guide you through MOCCAE requirements, vetted partners and door-to-door delivery.",needs manual verification,needs manual verification,2026-09-04,REVIEW
MOCCAE-related claim,https://dubai-pet-relocation.ae/dubai/sheikh-zayed-road/,"We guide you through MOCCAE requirements, vetted partners and door-to-door delivery.",needs manual verification,needs manual verification,2026-09-04,REVIEW
MOCCAE-related claim,https://dubai-pet-relocation.ae/dubai/al-satwa/,"We guide you through MOCCAE requirements, vetted partners and door-to-door delivery.",needs manual verification,needs manual verification,2026-09-04,REVIEW
MOCCAE-related claim,https://dubai-pet-relocation.ae/dubai/umm-suqeim/,"We guide you through MOCCAE requirements, vetted partners and door-to-door delivery.",needs manual verification,needs manual verification,2026-09-04,REVIEW
MOCCAE-related claim,https://dubai-pet-relocation.ae/dubai/al-wasl/,"We guide you through MOCCAE requirements, vetted partners and door-to-door delivery.",needs manual verification,needs manual verification,2026-09-04,REVIEW
MOCCAE-related claim,https://dubai-pet-relocation.ae/dubai/city-walk/,"We guide you through MOCCAE requirements, vetted partners and door-to-door delivery.",needs manual verification,needs manual verification,2026-09-04,REVIEW
MOCCAE-related claim,https://dubai-pet-relocation.ae/dubai/bluewaters/,"We guide you through MOCCAE requirements, vetted partners and door-to-door delivery.",needs manual verification,needs manual verification,2026-09-04,REVIEW
MOCCAE-related claim,https://dubai-pet-relocation.ae/dubai/port-de-la-mer/,"We guide you through MOCCAE requirements, vetted partners and door-to-door delivery.",needs manual verification,needs manual verification,2026-09-04,REVIEW
MOCCAE-related claim,https://dubai-pet-relocation.ae/dubai/creek-harbour/,"We guide you through MOCCAE requirements, vetted partners and door-to-door delivery.",needs manual verification,needs manual verification,2026-09-04,REVIEW
MOCCAE-related claim,https://dubai-pet-relocation.ae/dubai/mudon/,"We guide you through MOCCAE requirements, vetted partners and door-to-door delivery.",needs manual verification,needs manual verification,2026-09-04,REVIEW
MOCCAE-related claim,https://dubai-pet-relocation.ae/dubai/victory-heights/,"We guide you through MOCCAE requirements, vetted partners and door-to-door delivery.",needs manual verification,needs manual verification,2026-09-04,REVIEW
MOCCAE-related claim,https://dubai-pet-relocation.ae/dubai/sports-city/,"We guide you through MOCCAE requirements, vetted partners and door-to-door delivery.",needs manual verification,needs manual verification,2026-09-04,REVIEW
MOCCAE-related claim,https://dubai-pet-relocation.ae/dubai/motor-city/,"We guide you through MOCCAE requirements, vetted partners and door-to-door delivery.",needs manual verification,needs manual verification,2026-09-04,REVIEW
MOCCAE-related claim,https://dubai-pet-relocation.ae/dubai/international-city/,"We guide you through MOCCAE requirements, vetted partners and door-to-door delivery.",needs manual verification,needs manual verification,2026-09-04,REVIEW
MOCCAE-related claim,https://dubai-pet-relocation.ae/dubai/dubai-investment-park/,"We guide you through MOCCAE requirements, vetted partners and door-to-door delivery.",needs manual verification,needs manual verification,2026-09-04,REVIEW
MOCCAE-related claim,https://dubai-pet-relocation.ae/dubai/dubai-production-city/,"We guide you through MOCCAE requirements, vetted partners and door-to-door delivery.",needs manual verification,needs manual verification,2026-09-04,REVIEW
MOCCAE-related claim,https://dubai-pet-relocation.ae/dubai/al-furjan/,"We guide you through MOCCAE requirements, vetted partners and door-to-door delivery.",needs manual verification,needs manual verification,2026-09-04,REVIEW
MOCCAE-related claim,https://dubai-pet-relocation.ae/dubai/damac-hills/,"We guide you through MOCCAE requirements, vetted partners and door-to-door delivery.",needs manual verification,needs manual verification,2026-09-04,REVIEW
MOCCAE-related claim,https://dubai-pet-relocation.ae/dubai/damac-hills-2/,"We guide you through MOCCAE requirements, vetted partners and door-to-door delivery.",needs manual verification,needs manual verification,2026-09-04,REVIEW
MOCCAE-related claim,https://dubai-pet-relocation.ae/dubai/emaar-south/,"We guide you through MOCCAE requirements, vetted partners and door-to-door delivery.",needs manual verification,needs manual verification,2026-09-04,REVIEW
MOCCAE-related claim,https://dubai-pet-relocation.ae/dubai/dubailand/,"We guide you through MOCCAE requirements, vetted partners and door-to-door delivery.",needs manual verification,needs manual verification,2026-09-04,REVIEW
MOCCAE-related claim,https://dubai-pet-relocation.ae/dubai/meydan/,"We guide you through MOCCAE requirements, vetted partners and door-to-door delivery.",needs manual verification,needs manual verification,2026-09-04,REVIEW
MOCCAE-related claim,https://dubai-pet-relocation.ae/guides/,"We guide you through MOCCAE requirements, vetted partners and door-to-door delivery.",needs manual verification,needs manual verification,2026-09-04,REVIEW
License/certification claim,https://dubai-pet-relocation.ae/guides/pet-relocation-cost-dubai/,"International Health Certificate + Endorsement 400–1,500 Issued by an accredited government vet within 10 days of travel.",needs manual verification,needs manual verification,2026-09-04,REVIEW
Other factual trust claim,https://dubai-pet-relocation.ae/guides/pet-relocation-cost-dubai/,"We work with vets in Mumbai, Delhi, and Bangalore who understand the UAE export requirements.",needs manual verification,needs manual verification,2026-09-04,REVIEW
IATA/IPATA compliance or membership claim,https://dubai-pet-relocation.ae/guides/pet-relocation-cost-dubai/,"Buy IATA crate Research, measure, order 500–2,000 Non-compliant crate = refused at check-in.",needs manual verification,needs manual verification,2026-09-04,REVIEW
Partnership/vetting claim,https://dubai-pet-relocation.ae/guides/pet-relocation-cost-dubai/,"We coordinate with vetted partners — veterinarians, cargo handlers, ground transport teams — to manage every step of your pet's journey.",needs manual verification,needs manual verification,2026-09-04,REVIEW
MOCCAE-related claim,https://dubai-pet-relocation.ae/guides/pet-relocation-cost-dubai/,We guide you through MOCCAE import requirements and work with vetted relocation partners.,needs manual verification,needs manual verification,2026-09-04,REVIEW
MOCCAE-related claim,https://dubai-pet-relocation.ae/guides/pet-relocation-cost-dubai/,"We guide you through MOCCAE requirements, vetted partners and door-to-door delivery.",needs manual verification,needs manual verification,2026-09-04,REVIEW
License/certification claim,https://dubai-pet-relocation.ae/guides/uae-pet-import-requirements/,International Health Certificate: issued by a government-accredited veterinarian within 10 days of arrival.,needs manual verification,needs manual verification,2026-09-04,REVIEW
MOCCAE-related claim,https://dubai-pet-relocation.ae/guides/uae-pet-import-requirements/,"You (or your agent) present the MOCCAE import permit, original health certificate, vaccination records, microchip certificate, titer test result (if applicable), antiparasitic treatment record, and owner's passport and UAE visa.",needs manual verification,needs manual verification,2026-09-04,REVIEW
IATA/IPATA compliance or membership claim,https://dubai-pet-relocation.ae/guides/uae-pet-import-requirements/,"Advance notice: Minimum 72 hours Crate: IATA-approved, rigid, leak-proof.",needs manual verification,needs manual verification,2026-09-04,REVIEW
Partnership/vetting claim,https://dubai-pet-relocation.ae/guides/uae-pet-import-requirements/,We coordinate with our partner clinics What Happens If Your Documents Are Wrong This is the section most pet owners skip — and the one that causes the most pain.,needs manual verification,needs manual verification,2026-09-04,REVIEW
MOCCAE-related claim,https://dubai-pet-relocation.ae/guides/uae-pet-import-requirements/,"We guide you through MOCCAE requirements, vetted partners and door-to-door delivery.",needs manual verification,needs manual verification,2026-09-04,REVIEW
Partnership/vetting claim,https://dubai-pet-relocation.ae/how-it-works/,"You do Approve the partner match and service tier We do Select and brief the right vet, cargo agent, and ground transport partner Typical timeline: 1–2 days 4 4 Booking & Coordination 3–10 days This is where the logistics come together.",needs manual verification,needs manual verification,2026-09-04,REVIEW
IATA/IPATA compliance or membership claim,https://dubai-pet-relocation.ae/how-it-works/,"We book your pet's manifest cargo flight with the airline's cargo department, your IATA-certified travel crate measured to your pet's exact dimensions, your vet appointment for the pre-travel health certificate, your MOCCAE permit application, and your ground transport for pickup and delivery.",needs manual verification,needs manual verification,2026-09-04,REVIEW
Partnership/vetting claim,https://dubai-pet-relocation.ae/how-it-works/,"Vet visit: Our partner vet examines your pet, issues the international health certificate, and administers any required antiparasitic treatment.",needs manual verification,needs manual verification,2026-09-04,REVIEW
IATA/IPATA compliance or membership claim,https://dubai-pet-relocation.ae/how-it-works/,Crate fitting: We deliver the IATA-certified crate to your home 2–3 days before travel.,needs manual verification,needs manual verification,2026-09-04,REVIEW
MOCCAE-related claim,https://dubai-pet-relocation.ae/how-it-works/,Permit confirmation: We verify your MOCCAE permit is approved and valid for your travel date.,needs manual verification,needs manual verification,2026-09-04,REVIEW
Partnership/vetting claim,https://dubai-pet-relocation.ae/how-it-works/,"Health check: If required, our partner vet performs a brief arrival health check.",needs manual verification,needs manual verification,2026-09-04,REVIEW
24/7 availability claim,https://dubai-pet-relocation.ae/how-it-works/,24/7 availability WhatsApp us anytime.,needs manual verification,needs manual verification,2026-09-04,REVIEW
MOCCAE-related claim,https://dubai-pet-relocation.ae/how-it-works/,"We guide you through MOCCAE requirements, vetted partners and door-to-door delivery.",needs manual verification,needs manual verification,2026-09-04,REVIEW
IATA/IPATA compliance or membership claim,https://dubai-pet-relocation.ae/dog-relocation-to-dubai/,“Will my dog be scared in the crate?” Most dogs adjust well to an IATA-certified crate if they meet it before travel day.,needs manual verification,needs manual verification,2026-09-04,REVIEW
Partnership/vetting claim,https://dubai-pet-relocation.ae/dog-relocation-to-dubai/,Our partner vets check your dog's health and temperament before travel.,needs manual verification,needs manual verification,2026-09-04,REVIEW
Partnership/vetting claim,https://dubai-pet-relocation.ae/dog-relocation-to-dubai/,2 Veterinary preparation and documents Our partner vet implants (or verifies) an ISO 11784/11785 microchip and administers a rabies vaccination.,needs manual verification,needs manual verification,2026-09-04,REVIEW
License/certification claim,https://dubai-pet-relocation.ae/dog-relocation-to-dubai/,4 International Health Certificate Issued by an accredited government veterinarian within 10 days of arrival.,needs manual verification,needs manual verification,2026-09-04,REVIEW
IATA/IPATA compliance or membership claim,https://dubai-pet-relocation.ae/dog-relocation-to-dubai/,We provide IATA-certified crates sized to your dog.,needs manual verification,needs manual verification,2026-09-04,REVIEW
IATA/IPATA compliance or membership claim,https://dubai-pet-relocation.ae/dog-relocation-to-dubai/,Vetted relocation partners · MOCCAE import guidance · IATA-compliant · WhatsApp support Dubai Pet Relocation A transparent pet relocation coordination service for Dubai and the UAE.,needs manual verification,needs manual verification,2026-09-04,REVIEW
MOCCAE-related claim,https://dubai-pet-relocation.ae/dog-relocation-to-dubai/,"We guide you through MOCCAE requirements, vetted partners and door-to-door delivery.",needs manual verification,needs manual verification,2026-09-04,REVIEW
Other factual trust claim,https://dubai-pet-relocation.ae/cat-relocation-to-dubai/,"We book morning flights to avoid heat and turbulence, and we only work with airlines that have proven cat-safe cargo protocols.",needs manual verification,needs manual verification,2026-09-04,REVIEW
Partnership/vetting claim,https://dubai-pet-relocation.ae/cat-relocation-to-dubai/,"If your cat has a special diet or medical needs, we coordinate with our vet partners to make sure those needs are met — and we tell the airline in writing.",needs manual verification,needs manual verification,2026-09-04,REVIEW
IATA/IPATA compliance or membership claim,https://dubai-pet-relocation.ae/cat-relocation-to-dubai/,“What if my cat tries to escape from the crate?” IATA-approved cat crates are built for this.,needs manual verification,needs manual verification,2026-09-04,REVIEW
IATA/IPATA compliance or membership claim,https://dubai-pet-relocation.ae/cat-relocation-to-dubai/,"We provide an IATA-approved travel crate sized to your cat, or we verify that yours meets standards.",needs manual verification,needs manual verification,2026-09-04,REVIEW
IATA/IPATA compliance or membership claim,https://dubai-pet-relocation.ae/cat-relocation-to-dubai/,IATA Standards for Cat Crates All cats entering Dubai must travel in an IATA-compliant crate.,needs manual verification,needs manual verification,2026-09-04,REVIEW
IATA/IPATA compliance or membership claim,https://dubai-pet-relocation.ae/cat-relocation-to-dubai/,IATA compliant.,needs manual verification,needs manual verification,2026-09-04,REVIEW
MOCCAE-related claim,https://dubai-pet-relocation.ae/cat-relocation-to-dubai/,"We guide you through MOCCAE requirements, vetted partners and door-to-door delivery.",needs manual verification,needs manual verification,2026-09-04,REVIEW
MOCCAE-related claim,https://dubai-pet-relocation.ae/services/,"Route & eligibility check Document checklist & review MOCCAE permit guidance WhatsApp support (business hours) Partner recommendations See all features Get PawPilot Quote Most Popular PawPartner Premium AED 3,000 – 5,000 Our most popular option.",needs manual verification,needs manual verification,2026-09-04,REVIEW
24/7 availability claim,https://dubai-pet-relocation.ae/services/,Everything in PawPartner Emergency contingency plan Dedicated relocation manager 24/7 WhatsApp availability Boarding & nanny arrangements See all features Get PawVIP Quote Full Comparison See exactly what is included in each tier so you can choose with confidence.,needs manual verification,needs manual verification,2026-09-04,REVIEW
Partnership/vetting claim,https://dubai-pet-relocation.ae/services/,"Pre-Travel Health Package Comprehensive vet exam, health certificate, parasite treatment, and sedation alternatives arranged with our partner clinics.",needs manual verification,needs manual verification,2026-09-04,REVIEW
MOCCAE-related claim,https://dubai-pet-relocation.ae/services/,"We guide you through MOCCAE requirements, vetted partners and door-to-door delivery.",needs manual verification,needs manual verification,2026-09-04,REVIEW
Pets relocated count,https://dubai-pet-relocation.ae/about/,"Trusted relocation guidance Pets relocated safely 50+ Countries served 15 min Average response time 100% Document check rate Why We Know What We Are Talking About Experience, Expertise, Authority, and Trust Deep MOCCAE Knowledge We stay current with every MOCCAE regulation update, banned breed list change, and import permit requirement.",needs manual verification,needs manual verification,2026-09-04,REVIEW
Other factual trust claim,https://dubai-pet-relocation.ae/about/,"Vet Network We work with a vetted network of veterinary clinics in Dubai and abroad who understand international health certificates, rabies titer testing, and pre-travel health checks.",needs manual verification,needs manual verification,2026-09-04,REVIEW
Partnership/vetting claim,https://dubai-pet-relocation.ae/about/,"Partner Relations Vet & Airline Liaisons They maintain relationships with our trusted veterinary and transport partners, ensuring availability, quality, and clear communication on your travel day.",needs manual verification,needs manual verification,2026-09-04,REVIEW
MOCCAE-related claim,https://dubai-pet-relocation.ae/about/,"We guide you through MOCCAE requirements, vetted partners and door-to-door delivery.",needs manual verification,needs manual verification,2026-09-04,REVIEW
MOCCAE-related claim,https://dubai-pet-relocation.ae/contact/,"We guide you through MOCCAE requirements, vetted partners and door-to-door delivery.",needs manual verification,needs manual verification,2026-09-04,REVIEW
IATA/IPATA compliance or membership claim,https://dubai-pet-relocation.ae/faq/,What makes a crate IATA-compliant?,needs manual verification,needs manual verification,2026-09-04,REVIEW
MOCCAE-related claim,https://dubai-pet-relocation.ae/faq/,"We guide you through MOCCAE requirements, vetted partners and door-to-door delivery.",needs manual verification,needs manual verification,2026-09-04,REVIEW
IATA/IPATA compliance or membership claim,https://dubai-pet-relocation.ae/routes/uk-to-dubai/,Dubai Pet Relocation books IATA-compliant crates and cargo space.,needs manual verification,needs manual verification,2026-09-04,REVIEW
IATA/IPATA compliance or membership claim,https://dubai-pet-relocation.ae/routes/uk-to-dubai/,We also measure your pet for an IATA-compliant travel crate and order the appropriate size.,needs manual verification,needs manual verification,2026-09-04,REVIEW
IATA/IPATA compliance or membership claim,https://dubai-pet-relocation.ae/routes/uk-to-dubai/,British Airways (BA) BA World Cargo — Live Animal Programme Daily direct flights LHR → DXB (6h 45m) Climate-controlled cargo hold (AC at 16–18°C) IATA-compliant crate required Booking via cargo agent only (Dubai Pet Relocation handles this) British Airways has a well-established live animal programme with dedicated animal care staff at Heathrow.,needs manual verification,needs manual verification,2026-09-04,REVIEW
MOCCAE-related claim,https://dubai-pet-relocation.ae/routes/uk-to-dubai/,"We guide you through MOCCAE requirements, vetted partners and door-to-door delivery.",needs manual verification,needs manual verification,2026-09-04,REVIEW
24/7 availability claim,https://dubai-pet-relocation.ae/routes/usa-to-dubai/,Pro tip: Emirates operates a dedicated SkyCargo Live service at JFK with 24/7 animal care staff.,needs manual verification,needs manual verification,2026-09-04,REVIEW
IATA/IPATA compliance or membership claim,https://dubai-pet-relocation.ae/routes/usa-to-dubai/,Your IATA-compliant crate is delivered for acclimatisation.,needs manual verification,needs manual verification,2026-09-04,REVIEW
Partnership/vetting claim,https://dubai-pet-relocation.ae/routes/usa-to-dubai/,"American Airlines (AA) Cargo — via partners Cargo from JFK, DFW, MIA, LAX Often connects via partner airlines Competitive rates on select routes Limited brachycephalic capacity American Airlines is a good alternative for budget-conscious shippers from Dallas or Miami, though routing may involve connections.",needs manual verification,needs manual verification,2026-09-04,REVIEW
MOCCAE-related claim,https://dubai-pet-relocation.ae/routes/usa-to-dubai/,"A MOCCAE vet verifies the microchip, checks the health certificate and import permit, and conducts a brief physical exam.",needs manual verification,needs manual verification,2026-09-04,REVIEW
MOCCAE-related claim,https://dubai-pet-relocation.ae/routes/usa-to-dubai/,"We guide you through MOCCAE requirements, vetted partners and door-to-door delivery.",needs manual verification,needs manual verification,2026-09-04,REVIEW
Other factual trust claim,https://dubai-pet-relocation.ae/routes/india-to-dubai/,"Air cargo rates from Tier-2 cities (e.g., Pune, Ahmedabad, Kochi) may be higher due to limited cargo capacity.",needs manual verification,needs manual verification,2026-09-04,REVIEW
MOCCAE-related claim,https://dubai-pet-relocation.ae/routes/india-to-dubai/,"We guide you through MOCCAE requirements, vetted partners and door-to-door delivery.",needs manual verification,needs manual verification,2026-09-04,REVIEW
IATA/IPATA compliance or membership claim,https://dubai-pet-relocation.ae/routes/australia-to-dubai/,The IATA-compliant crate is delivered for acclimatisation.,needs manual verification,needs manual verification,2026-09-04,REVIEW
IATA/IPATA compliance or membership claim,https://dubai-pet-relocation.ae/routes/australia-to-dubai/,"Dubai Pet Relocation ensures your pet travels in an IATA-compliant crate with adequate ventilation, absorbent bedding, and a familiar item (e.g., a small blanket with your scent).",needs manual verification,needs manual verification,2026-09-04,REVIEW
MOCCAE-related claim,https://dubai-pet-relocation.ae/routes/australia-to-dubai/,"We guide you through MOCCAE requirements, vetted partners and door-to-door delivery.",needs manual verification,needs manual verification,2026-09-04,REVIEW
MOCCAE-related claim,https://dubai-pet-relocation.ae/routes/philippines-to-dubai/,"We guide you through MOCCAE requirements, vetted partners and door-to-door delivery.",needs manual verification,needs manual verification,2026-09-04,REVIEW
License/certification claim,https://dubai-pet-relocation.ae/routes/canada-to-dubai/,"CFIA-Endorsed Health Certificate Canadian veterinary health certificate completed by a licensed Canadian vet, then endorsed by a CFIA district office.",needs manual verification,needs manual verification,2026-09-04,REVIEW
24/7 availability claim,https://dubai-pet-relocation.ae/routes/canada-to-dubai/,Pro tip: Air Canada operates a dedicated cargo facility at Toronto Pearson (YYZ) with 24/7 animal care staff.,needs manual verification,needs manual verification,2026-09-04,REVIEW
IATA/IPATA compliance or membership claim,https://dubai-pet-relocation.ae/routes/canada-to-dubai/,Your IATA-compliant crate is delivered for acclimatisation.,needs manual verification,needs manual verification,2026-09-04,REVIEW
24/7 availability claim,https://dubai-pet-relocation.ae/routes/canada-to-dubai/,Their SkyCargo Live service includes 24/7 animal monitoring and priority offloading at DXB.,needs manual verification,needs manual verification,2026-09-04,REVIEW
MOCCAE-related claim,https://dubai-pet-relocation.ae/routes/canada-to-dubai/,"Required documents: (1) ISO-compliant microchip implanted before rabies vaccination; (2) valid rabies vaccination certificate (21+ days old, from a licensed Canadian veterinarian); (3) UAE import permit via MOCCAE; (4) Canadian veterinary health certificate endorsed by CFIA within 5 days of the vet examination and within 10 days of travel; (5) copy of pet owner's passport and UAE visa.",needs manual verification,needs manual verification,2026-09-04,REVIEW
MOCCAE-related claim,https://dubai-pet-relocation.ae/routes/canada-to-dubai/,"We guide you through MOCCAE requirements, vetted partners and door-to-door delivery.",needs manual verification,needs manual verification,2026-09-04,REVIEW
IATA/IPATA compliance or membership claim,https://dubai-pet-relocation.ae/routes/new-zealand-to-dubai/,The IATA-compliant crate is delivered for acclimatisation.,needs manual verification,needs manual verification,2026-09-04,REVIEW
MOCCAE-related claim,https://dubai-pet-relocation.ae/routes/new-zealand-to-dubai/,"We guide you through MOCCAE requirements, vetted partners and door-to-door delivery.",needs manual verification,needs manual verification,2026-09-04,REVIEW
MOCCAE-related claim,https://dubai-pet-relocation.ae/routes/south-africa-to-dubai/,"We guide you through MOCCAE requirements, vetted partners and door-to-door delivery.",needs manual verification,needs manual verification,2026-09-04,REVIEW
IATA/IPATA compliance or membership claim,https://dubai-pet-relocation.ae/routes/dubai-to-uk/,Dubai Pet Relocation books IATA-compliant crates and cargo space.,needs manual verification,needs manual verification,2026-09-04,REVIEW
MOCCAE-related claim,https://dubai-pet-relocation.ae/routes/dubai-to-uk/,This gives time for MOCCAE endorsement (1–2 business days) and ensures the certificate is still within its 10-day validity window on arrival day.,needs manual verification,needs manual verification,2026-09-04,REVIEW
IATA/IPATA compliance or membership claim,https://dubai-pet-relocation.ae/routes/dubai-to-uk/,Dubai Pet Relocation delivers the IATA-compliant travel crate so your pet can acclimatise.,needs manual verification,needs manual verification,2026-09-04,REVIEW
Percentage/success-rate claim,https://dubai-pet-relocation.ae/routes/dubai-to-uk/,Our post-Brexit track record is 100% successful entry with zero quarantine cases.,needs manual verification,needs manual verification,2026-09-04,REVIEW
IATA/IPATA compliance or membership claim,https://dubai-pet-relocation.ae/routes/dubai-to-uk/,"Flight Booking We book cargo space with Emirates, BA, or Virgin Atlantic, source the correct IATA-compliant crate, and coordinate with the airline's animal handling team for priority boarding and offloading.",needs manual verification,needs manual verification,2026-09-04,REVIEW
IATA/IPATA compliance or membership claim,https://dubai-pet-relocation.ae/routes/dubai-to-uk/,"Dubai Pet Relocation books cargo space, arranges IATA-compliant crates, and coordinates with airline animal handling teams.",needs manual verification,needs manual verification,2026-09-04,REVIEW
MOCCAE-related claim,https://dubai-pet-relocation.ae/routes/dubai-to-uk/,"We guide you through MOCCAE requirements, vetted partners and door-to-door delivery.",needs manual verification,needs manual verification,2026-09-04,REVIEW
License/certification claim,https://dubai-pet-relocation.ae/routes/dubai-to-usa/,"The certificate must: Be issued within 10 days of travel Include microchip number, vaccination details, and health examination results Be completed by a USDA-accredited veterinarian (not all UAE vets hold this accreditation) Be presented at US CBP inspection on arrival Cat Import Requirements The CDC does not require rabies vaccination for cats entering the USA.",needs manual verification,needs manual verification,2026-09-04,REVIEW
License/certification claim,https://dubai-pet-relocation.ae/routes/dubai-to-usa/,Dubai Pet Relocation works exclusively with accredited veterinarians in Dubai to ensure your certificate is valid.,needs manual verification,needs manual verification,2026-09-04,REVIEW
IATA/IPATA compliance or membership claim,https://dubai-pet-relocation.ae/routes/dubai-to-usa/,"Coverage of secondary US cities (Seattle, Denver, Atlanta, Dallas) Established pet cargo programmes with IATA-compliant protocols Climate-controlled transfers at hub airports May be more cost-effective for certain routes Longer total travel time due to connections Multi-leg routes add complexity but may be necessary for smaller US airports.",needs manual verification,needs manual verification,2026-09-04,REVIEW
License/certification claim,https://dubai-pet-relocation.ae/routes/dubai-to-usa/,Week 2 Health Certificate & CDC Form We schedule the USDA APHIS health certificate examination with an accredited UAE veterinarian.,needs manual verification,needs manual verification,2026-09-04,REVIEW
IATA/IPATA compliance or membership claim,https://dubai-pet-relocation.ae/routes/dubai-to-usa/,"We also book cargo space with Emirates, United, Delta, or American Airlines and source the correct IATA-compliant crate.",needs manual verification,needs manual verification,2026-09-04,REVIEW
License/certification claim,https://dubai-pet-relocation.ae/routes/dubai-to-usa/,"Health Certificate We schedule the USDA APHIS health certificate with an accredited UAE veterinarian, review the certificate for accuracy, and ensure it meets US entry requirements.",needs manual verification,needs manual verification,2026-09-04,REVIEW
IATA/IPATA compliance or membership claim,https://dubai-pet-relocation.ae/routes/dubai-to-usa/,"Flight Booking We book cargo space with Emirates, United, Delta, or American Airlines, source the correct IATA-compliant crate, and coordinate with the airline's animal handling team.",needs manual verification,needs manual verification,2026-09-04,REVIEW
24/7 availability claim,https://dubai-pet-relocation.ae/routes/dubai-to-usa/,"24/7 Support We provide WhatsApp updates at every step, a 24/7 emergency contact during travel days, and post-arrival guidance on US veterinary registration and care.",needs manual verification,needs manual verification,2026-09-04,REVIEW
License/certification claim,https://dubai-pet-relocation.ae/routes/dubai-to-usa/,A USDA APHIS health certificate is a document issued by an accredited veterinarian in the origin country (the UAE) certifying that the pet is healthy and free from contagious diseases.,needs manual verification,needs manual verification,2026-09-04,REVIEW
License/certification claim,https://dubai-pet-relocation.ae/routes/dubai-to-usa/,"For pets travelling from Dubai to the USA, a UAE-licensed veterinarian can issue the health certificate if they are accredited by the USDA.",needs manual verification,needs manual verification,2026-09-04,REVIEW
License/certification claim,https://dubai-pet-relocation.ae/routes/dubai-to-usa/,Dubai Pet Relocation works with USDA-accredited veterinarians in Dubai to ensure the health certificate meets US entry requirements.,needs manual verification,needs manual verification,2026-09-04,REVIEW
License/certification claim,https://dubai-pet-relocation.ae/routes/dubai-to-usa/,"Week 2: schedule the USDA APHIS health certificate examination with an accredited UAE veterinarian, complete the CDC Dog Import Form online, and book cargo space.",needs manual verification,needs manual verification,2026-09-04,REVIEW
24/7 availability claim,https://dubai-pet-relocation.ae/routes/dubai-to-usa/,We provide WhatsApp updates at every step and a 24/7 emergency contact during travel days.,needs manual verification,needs manual verification,2026-09-04,REVIEW
MOCCAE-related claim,https://dubai-pet-relocation.ae/routes/dubai-to-usa/,"We guide you through MOCCAE requirements, vetted partners and door-to-door delivery.",needs manual verification,needs manual verification,2026-09-04,REVIEW
Other factual trust claim,https://dubai-pet-relocation.ae/guides/banned-dog-breeds-dubai/,Dubai Municipality Rules for Restricted Breeds • All dogs must be registered with Dubai Municipality and microchipped with an ISO 11784/11785 compliant chip.,needs manual verification,needs manual verification,2026-09-04,REVIEW
Partnership/vetting claim,https://dubai-pet-relocation.ae/guides/banned-dog-breeds-dubai/,"Vet Confirmation If needed, we arrange a breed confirmation letter from a partner veterinarian that describes your dog's physical traits and non-banned characteristics.",needs manual verification,needs manual verification,2026-09-04,REVIEW
MOCCAE-related claim,https://dubai-pet-relocation.ae/guides/banned-dog-breeds-dubai/,"We guide you through MOCCAE requirements, vetted partners and door-to-door delivery.",needs manual verification,needs manual verification,2026-09-04,REVIEW
IATA/IPATA compliance or membership claim,https://dubai-pet-relocation.ae/guides/iata-pet-crate-requirements/,"Airlines flying to Dubai — including Emirates, Etihad, and flydubai — require all pets in cargo to travel in IATA LAR-compliant crates.",needs manual verification,needs manual verification,2026-09-04,REVIEW
IATA/IPATA compliance or membership claim,https://dubai-pet-relocation.ae/guides/iata-pet-crate-requirements/,"Why IATA Compliance Matters Airlines will refuse non-compliant crates at check-in Ground handlers will not accept pets in unsafe containers Non-compliant crates risk injury, escape, or death during transit UAE customs and Dubai Municipality may reject pets in improper crates IATA Crate Construction Checklist ✓ Hard plastic shell Single-piece rigid construction.",needs manual verification,needs manual verification,2026-09-04,REVIEW
Percentage/success-rate claim,https://dubai-pet-relocation.ae/guides/iata-pet-crate-requirements/,"We sell airline-approved crates with a 100% compliance guarantee, and we rent IATA-compliant crates with free return shipping from Dubai after arrival.",needs manual verification,needs manual verification,2026-09-04,REVIEW
Partnership/vetting claim,https://dubai-pet-relocation.ae/guides/iata-pet-crate-requirements/,"Step 3: Vet Verification Our partner veterinarian verifies the measurements and confirms the crate size is appropriate for your pet's breed, weight, and health status.",needs manual verification,needs manual verification,2026-09-04,REVIEW
IATA/IPATA compliance or membership claim,https://dubai-pet-relocation.ae/guides/iata-pet-crate-requirements/,"We source, deliver, and verify IATA-compliant crates for every airline flying to Dubai.",needs manual verification,needs manual verification,2026-09-04,REVIEW
MOCCAE-related claim,https://dubai-pet-relocation.ae/guides/iata-pet-crate-requirements/,"We guide you through MOCCAE requirements, vetted partners and door-to-door delivery.",needs manual verification,needs manual verification,2026-09-04,REVIEW
Partnership/vetting claim,https://dubai-pet-relocation.ae/guides/pet-travel-summer-dubai/,Partner Vet Health Check Every summer traveler gets a pre-flight veterinary fitness examination within 48 hours of departure.,needs manual verification,needs manual verification,2026-09-04,REVIEW
Partnership/vetting claim,https://dubai-pet-relocation.ae/guides/pet-travel-summer-dubai/,"Dubai Pet Relocation's summer protocol includes early morning booking, partner vet checks, and free rescheduling if embargo blocks your flight.",needs manual verification,needs manual verification,2026-09-04,REVIEW
MOCCAE-related claim,https://dubai-pet-relocation.ae/guides/pet-travel-summer-dubai/,"We guide you through MOCCAE requirements, vetted partners and door-to-door delivery.",needs manual verification,needs manual verification,2026-09-04,REVIEW
MOCCAE-related claim,https://dubai-pet-relocation.ae/guides/moccae-import-permit/,"We guide you through MOCCAE requirements, vetted partners and door-to-door delivery.",needs manual verification,needs manual verification,2026-09-04,REVIEW
Partnership/vetting claim,https://dubai-pet-relocation.ae/guides/rabies-titer-test-dubai/,Dubai Pet Relocation connects you with partner vets who have experience with international titer testing and proper sample handling.,needs manual verification,needs manual verification,2026-09-04,REVIEW
License/certification claim,https://dubai-pet-relocation.ae/guides/rabies-titer-test-dubai/,Using a non-accredited lab will result in rejection by the UAE.,needs manual verification,needs manual verification,2026-09-04,REVIEW
License/certification claim,https://dubai-pet-relocation.ae/guides/rabies-titer-test-dubai/,We have partnered with accredited labs and experienced veterinarians in multiple countries.,needs manual verification,needs manual verification,2026-09-04,REVIEW
Partnership/vetting claim,https://dubai-pet-relocation.ae/guides/rabies-titer-test-dubai/,1 Vet Appointment We book a partner vet for vaccination and blood draw.,needs manual verification,needs manual verification,2026-09-04,REVIEW
License/certification claim,https://dubai-pet-relocation.ae/guides/rabies-titer-test-dubai/,Which labs are accredited for titer tests for Dubai?,needs manual verification,needs manual verification,2026-09-04,REVIEW
MOCCAE-related claim,https://dubai-pet-relocation.ae/guides/rabies-titer-test-dubai/,"We guide you through MOCCAE requirements, vetted partners and door-to-door delivery.",needs manual verification,needs manual verification,2026-09-04,REVIEW
Partnership/vetting claim,https://dubai-pet-relocation.ae/cities/dubai/,"Dubai Pet Relocation partners with all major clinics for health checks, vaccinations, and documentation.",needs manual verification,needs manual verification,2026-09-04,REVIEW
Other factual trust claim,https://dubai-pet-relocation.ae/cities/dubai/,All pets must be registered within 30 days of arrival.,needs manual verification,needs manual verification,2026-09-04,REVIEW
IATA/IPATA compliance or membership claim,https://dubai-pet-relocation.ae/cities/dubai/,"MOCCAE import permit application Origin-country vet coordination IATA-compliant crate sourcing DXB customs clearance & delivery Aleef registration assistance Read Import Guide From Dubai Exporting a pet from Dubai to the UK, USA, Europe, Australia, Canada, or anywhere in the world.",needs manual verification,needs manual verification,2026-09-04,REVIEW
Partnership/vetting claim,https://dubai-pet-relocation.ae/cities/dubai/,"Inter-emirate health certificates Climate-controlled ground transport Municipality registration transfer Boarding & acclimatisation support Same-day or next-day delivery Abu Dhabi Guide Network Local Partners in Dubai Dubai Pet Relocation works with a trusted network of veterinary clinics, cargo agents, and pet service providers across Dubai to ensure seamless relocation.",needs manual verification,needs manual verification,2026-09-04,REVIEW
Partnership/vetting claim,https://dubai-pet-relocation.ae/cities/dubai/,dnata Cargo Services Ground handling partner for multiple airlines at DXB.,needs manual verification,needs manual verification,2026-09-04,REVIEW
Other factual trust claim,https://dubai-pet-relocation.ae/cities/dubai/,Mandatory registration: All pets must be registered on the Dubai Municipality Aleef app within 30 days of arrival.,needs manual verification,needs manual verification,2026-09-04,REVIEW
MOCCAE-related claim,https://dubai-pet-relocation.ae/cities/dubai/,"We guide you through MOCCAE requirements, vetted partners and door-to-door delivery.",needs manual verification,needs manual verification,2026-09-04,REVIEW
IATA/IPATA compliance or membership claim,https://dubai-pet-relocation.ae/cities/abu-dhabi/,"IATA-compliant hard crate required Climate-controlled cargo hold (16–18°C) Available for all breeds (subject to restrictions) Dubai Pet Relocation books cargo space and handles AUH clearance Priority offloading for live animals Best for: Medium and large dogs, multiple pets, brachycephalic breeds (cargo restrictions still apply in summer), and owners relocating multiple animals.",needs manual verification,needs manual verification,2026-09-04,REVIEW
MOCCAE-related claim,https://dubai-pet-relocation.ae/cities/abu-dhabi/,"We guide you through MOCCAE requirements, vetted partners and door-to-door delivery.",needs manual verification,needs manual verification,2026-09-04,REVIEW
Partnership/vetting claim,https://dubai-pet-relocation.ae/privacy-policy/,"To share necessary information with our trusted partners (veterinarians, airlines, transport providers) to facilitate your relocation.",needs manual verification,needs manual verification,2026-09-04,REVIEW
MOCCAE-related claim,https://dubai-pet-relocation.ae/privacy-policy/,"We guide you through MOCCAE requirements, vetted partners and door-to-door delivery.",needs manual verification,needs manual verification,2026-09-04,REVIEW
Partnership/vetting claim,https://dubai-pet-relocation.ae/terms-of-service/,"We help pet owners understand the requirements for relocating pets to and from Dubai, check and prepare documents, and connect clients with trusted third-party partners including veterinarians, airlines, cargo agents, and ground transport providers.",needs manual verification,needs manual verification,2026-09-04,REVIEW
Partnership/vetting claim,https://dubai-pet-relocation.ae/terms-of-service/,"Dubai Pet Relocation is not liable for: Actions, omissions, or negligence of third-party partners (airlines, veterinarians, transport providers, government agencies).",needs manual verification,needs manual verification,2026-09-04,REVIEW
MOCCAE-related claim,https://dubai-pet-relocation.ae/terms-of-service/,"We guide you through MOCCAE requirements, vetted partners and door-to-door delivery.",needs manual verification,needs manual verification,2026-09-04,REVIEW
