filename,version,week,url,section,priority,aspect_ratio,orientation,alt_text,prompt,negatives,status,delivered_path,delivered_date,notes
uae-pet-relocation-cities-emirates-map.png,v1,1,https://dubai-pet-relocation.ae/cities/,Hero,hero,16:9,landscape,"UAE map of pet relocation coverage across Dubai, Abu Dhabi and Sharjah","Clean flat-design infographic: simplified UAE map with paw-pin markers on Dubai, Abu Dhabi and Sharjah and greyed future-emirate outlines. Labels: Dubai; Abu Dhabi; Sharjah; more emirates coming. Sand-and-teal palette, illustrative-map note, no brand logos, landscape 16:9. Negatives: no logos; no airline branding or marks; no certificates or readable fake paperwork; no airport official signage as fact; no fake staff/employee portraits; no fake review UI; no watermarks; no text overlays with brand names; illustrative lifestyle/process only — not a claimed real customer case",no logos; no airline branding or marks; no certificates or readable fake paperwork; no airport official signage as fact; no fake staff/employee portraits; no fake review UI; no watermarks; no text overlays with brand names; illustrative lifestyle/process only — not a claimed real customer case,delivered,/workspace/seo-strategy-q4/SEO-MASTER/assets-w1-w3-delivered/uae-pet-relocation-cities-emirates-map.png,2026-09-04,"W1–W3 AI batch; redos applied for safety on moccae hands, cat process, coordinator (hands-only), inbound journey (icons-only)."
uae-cities-hub-emirate-card-icons.png,v1,1,https://dubai-pet-relocation.ae/cities/,Emirate cards,supporting,16:9,landscape,Icon set for UAE city pet relocation cards,"Clean flat-design icon sheet of three matching line icons: city skyline, mosque-dome silhouette, paw print, sand-and-teal palette, consistent stroke, no brand logos, landscape 16:9. Negatives: no logos; no airline branding or marks; no certificates or readable fake paperwork; no airport official signage as fact; no fake staff/employee portraits; no fake review UI; no watermarks; no text overlays with brand names; illustrative lifestyle/process only — not a claimed real customer case",no logos; no airline branding or marks; no certificates or readable fake paperwork; no airport official signage as fact; no fake staff/employee portraits; no fake review UI; no watermarks; no text overlays with brand names; illustrative lifestyle/process only — not a claimed real customer case,delivered,/workspace/seo-strategy-q4/SEO-MASTER/assets-w1-w3-delivered/uae-cities-hub-emirate-card-icons.png,2026-09-04,"W1–W3 AI batch; redos applied for safety on moccae hands, cat process, coordinator (hands-only), inbound journey (icons-only)."
pet-relocation-routes-hub-inbound-outbound-map.png,v1,1,https://dubai-pet-relocation.ae/routes/,Hero,hero,16:9,landscape,Map of pet relocation routes to and from Dubai grouped into inbound and outbound corridors,"Clean flat-design infographic: stylised map with a central Dubai marker and two colour-coded families of route arcs - inbound corridors (UK, USA, Canada, Australia, India, Philippines, New Zealand, South Africa, Germany, France, Netherlands, Singapore, Saudi Arabia) and outbound corridors (UK, USA, Canada, Australia, India, Philippines, Germany, Saudi Arabia). Labels: Inbound to Dubai (one colour); From Dubai (second colour); corridor names as small tags. Sand-and-teal palette, no brand logos, landscape 16:9. Negatives: no logos; no airline branding or marks; no certificates or readable fake paperwork; no airport official signage as fact; no fake staff/employee portraits; no fake review UI; no watermarks; no text overlays with brand names; illustrative lifestyle/process only — not a claimed real customer case",no logos; no airline branding or marks; no certificates or readable fake paperwork; no airport official signage as fact; no fake staff/employee portraits; no fake review UI; no watermarks; no text overlays with brand names; illustrative lifestyle/process only — not a claimed real customer case,delivered,/workspace/seo-strategy-q4/SEO-MASTER/assets-w1-w3-delivered/pet-relocation-routes-hub-inbound-outbound-map.png,2026-09-04,"W1–W3 AI batch; redos applied for safety on moccae hands, cat process, coordinator (hands-only), inbound journey (icons-only)."
route-card-icons-crate-plane-document-paw.png,v1,1,https://dubai-pet-relocation.ae/routes/,Route cards,supporting,16:9,landscape,Icon set used across pet relocation route cards,"Clean flat-design icon set of four matching line icons: IATA travel crate, generic plane silhouette (no airline livery), document folder, paw print, sand-and-teal palette, consistent stroke width, no brand logos, landscape 16:9 sheet. Negatives: no logos; no airline branding or marks; no certificates or readable fake paperwork; no airport official signage as fact; no fake staff/employee portraits; no fake review UI; no watermarks; no text overlays with brand names; illustrative lifestyle/process only — not a claimed real customer case",no logos; no airline branding or marks; no certificates or readable fake paperwork; no airport official signage as fact; no fake staff/employee portraits; no fake review UI; no watermarks; no text overlays with brand names; illustrative lifestyle/process only — not a claimed real customer case,delivered,/workspace/seo-strategy-q4/SEO-MASTER/assets-w1-w3-delivered/route-card-icons-crate-plane-document-paw.png,2026-09-04,"W1–W3 AI batch; redos applied for safety on moccae hands, cat process, coordinator (hands-only), inbound journey (icons-only)."
german-shepherd-travel-crate-dog-relocation-dubai.jpg,v4,3,https://dubai-pet-relocation.ae/,Services strip (card 1),supporting,4:3,landscape,German Shepherd standing in an open IATA travel crate before dog relocation from Dubai,"Photorealistic documentary-style image of a calm German Shepherd standing in an open IATA-compliant travel crate, door swung open, no people, Dubai villa driveway with palms in soft morning light, warm natural light, authentic Dubai/UAE context, no logos, no text, no fictional airport signs, editorial photography, landscape 4:3.",no logos; no airline branding or marks; no certificates or readable fake paperwork; no airport official signage as fact; no fake staff/employee portraits; no fake review UI; no watermarks; no text overlays with brand names; illustrative lifestyle/process only — not a claimed real customer case,delivered,/workspace/seo-strategy-q4/SEO-MASTER/assets-w1-w3-delivered/german-shepherd-travel-crate-dog-relocation-dubai.jpg,2026-09-04,P1 trust-uplift v4: no people/hands; dog + open crate only.
british-shorthair-cat-carrier-cat-relocation-dubai.jpg,v1,3,https://dubai-pet-relocation.ae/,Services strip (card 2),supporting,4:3,landscape,British Shorthair cat resting in a travel carrier inside a Dubai apartment,"Photorealistic documentary-style image of a British Shorthair cat curled inside an open soft-lined travel carrier on a sofa, relaxed posture, Dubai apartment window light, warm natural light, authentic Dubai/UAE context, no logos, no text, no fictional airport signs, editorial photography, landscape 4:3.",no logos; no airline branding or marks; no certificates or readable fake paperwork; no airport official signage as fact; no fake staff/employee portraits; no fake review UI; no watermarks; no text overlays with brand names; illustrative lifestyle/process only — not a claimed real customer case,delivered,/workspace/seo-strategy-q4/SEO-MASTER/assets-w1-w3-delivered/british-shorthair-cat-carrier-cat-relocation-dubai.jpg,2026-09-04,"W1–W3 AI batch; redos applied for safety on moccae hands, cat process, coordinator (hands-only), inbound journey (icons-only)."
moccae-permit-document-check-hands-dubai.jpg,v4,3,https://dubai-pet-relocation.ae/,Services strip (card 3),supporting,4:3,landscape,Hands reviewing a pet travel checklist for a MOCCAE permit application,"Photorealistic documentary-style top-down image of hands ticking a printed PET TRAVEL CHECKLIST beside a plain pet document booklet, laptop edge and coffee mug, Dubai skyline soft in the window, no faces, no official-looking seals or stamps, warm natural light, authentic Dubai/UAE context, editorial photography, landscape 4:3.",no logos; no airline branding or marks; no certificates or readable fake paperwork; no airport official signage as fact; no fake staff/employee portraits; no fake review UI; no watermarks; no text overlays with brand names; illustrative lifestyle/process only — not a claimed real customer case,delivered,/workspace/seo-strategy-q4/SEO-MASTER/assets-w1-w3-delivered/moccae-permit-document-check-hands-dubai.jpg,2026-09-04,P1 trust-uplift v4: clearer paperwork process; hands-only; no fake people or official seals.
routes-strip-beagle-crate-doorway-dubai-skyline.jpg,v1,3,https://dubai-pet-relocation.ae/,Routes strip,section,16:9,landscape,"Beagle in a travel crate at a home doorway with a Dubai skyline beyond, suggesting international pet relocation routes","Photorealistic documentary-style image of a beagle sitting in an open travel crate at a home doorway, soft Dubai skyline visible through a balcony beyond, clearly editorial rather than documentary, warm natural light, authentic Dubai/UAE context, no logos, no text, no fictional airport signs, editorial photography, landscape 16:9.",no logos; no airline branding or marks; no certificates or readable fake paperwork; no airport official signage as fact; no fake staff/employee portraits; no fake review UI; no watermarks; no text overlays with brand names; illustrative lifestyle/process only — not a claimed real customer case,delivered,/workspace/seo-strategy-q4/SEO-MASTER/assets-w1-w3-delivered/routes-strip-beagle-crate-doorway-dubai-skyline.jpg,2026-09-04,"W1–W3 AI batch; redos applied for safety on moccae hands, cat process, coordinator (hands-only), inbound journey (icons-only)."
how-pet-relocation-works-7-step-process-dubai.png,v1,3,https://dubai-pet-relocation.ae/,How it works,section,16:9,landscape,Diagram of the 7-step Dubai pet relocation process from free consultation to home reunion,"Clean flat-design infographic: seven-step horizontal process flow for pet relocation (consultation, document check, partner matching, booking, pre-travel prep, travel day, arrival and reunion), numbered nodes connected by a line with paw-print accents. Labels: 1 Free consultation; 2 Document check; 3 Partner matching; 4 Booking; 5 Pre-travel prep; 6 Travel day; 7 Arrival and reunion. Neutral sand-and-teal palette, generous whitespace, simple vector icons, legible typography, no brand logos, no fake official seals, landscape 16:9. Negatives: no logos; no airline branding or marks; no certificates or readable fake paperwork; no airport official signage as fact; no fake staff/employee portraits; no fake review UI; no watermarks; no text overlays with brand names; illustrative lifestyle/process only — not a claimed real customer case",no logos; no airline branding or marks; no certificates or readable fake paperwork; no airport official signage as fact; no fake staff/employee portraits; no fake review UI; no watermarks; no text overlays with brand names; illustrative lifestyle/process only — not a claimed real customer case,delivered,/workspace/seo-strategy-q4/SEO-MASTER/assets-w1-w3-delivered/how-pet-relocation-works-7-step-process-dubai.png,2026-09-04,"W1–W3 AI batch; redos applied for safety on moccae hands, cat process, coordinator (hands-only), inbound journey (icons-only)."
iata-crate-hardware-detail-compliance-dubai.jpg,v1,3,https://dubai-pet-relocation.ae/,Compliance block,section,4:3,landscape,Close-up of IATA-compliant pet crate hardware with ventilation grille and secure metal door,"Photorealistic macro detail of IATA-compliant pet travel crate hardware, metal mesh door, bolts and clip-on water bowl, neutral studio background, product-photography feel, warm natural light, no logos, no text, editorial photography, landscape 4:3.",no logos; no airline branding or marks; no certificates or readable fake paperwork; no airport official signage as fact; no fake staff/employee portraits; no fake review UI; no watermarks; no text overlays with brand names; illustrative lifestyle/process only — not a claimed real customer case,delivered,/workspace/seo-strategy-q4/SEO-MASTER/assets-w1-w3-delivered/iata-crate-hardware-detail-compliance-dubai.jpg,2026-09-04,"W1–W3 AI batch; redos applied for safety on moccae hands, cat process, coordinator (hands-only), inbound journey (icons-only)."
dubai-pet-relocation-community-coverage-map.png,v1,3,https://dubai-pet-relocation.ae/,Local coverage,section,16:9,landscape,"Map of Dubai communities covered for pet relocation, from Dubai Marina to Mirdif and Dubai South","Clean flat-design infographic: simplified stylised map of Dubai's coastline and main corridors with paw-print markers on Dubai Marina, JLT, JBR, Palm Jumeirah, Downtown, Business Bay, Jumeirah, Arabian Ranches, Dubai Hills, JVC, Al Barsha, Mirdif, Deira, Bur Dubai, Umm Suqeim, Dubai South. Labels: community names as small labels; DXB and DWC marked with small plane icons; small 'illustrative map' note in corner. Sand-and-teal palette, no brand logos, landscape 16:9. Negatives: no logos; no airline branding or marks; no certificates or readable fake paperwork; no airport official signage as fact; no fake staff/employee portraits; no fake review UI; no watermarks; no text overlays with brand names; illustrative lifestyle/process only — not a claimed real customer case",no logos; no airline branding or marks; no certificates or readable fake paperwork; no airport official signage as fact; no fake staff/employee portraits; no fake review UI; no watermarks; no text overlays with brand names; illustrative lifestyle/process only — not a claimed real customer case,delivered,/workspace/seo-strategy-q4/SEO-MASTER/assets-w1-w3-delivered/dubai-pet-relocation-community-coverage-map.png,2026-09-04,"W1–W3 AI batch; redos applied for safety on moccae hands, cat process, coordinator (hands-only), inbound journey (icons-only)."
cat-relocation-dubai-process-diagram.png,v1,3,https://dubai-pet-relocation.ae/service/cat-relocation-dubai/,Process,section,16:9,landscape,"Cat relocation process in Dubai: carrier acclimation, vet checks, documents, flight, quiet arrival","Clean flat-design infographic: five-step horizontal cat-relocation flow with a carrier icon first. Labels: Carrier acclimation (2 weeks); Vet and documents; MOCCAE permits; Flight day; Quiet first 48 hours. Sand-and-teal palette, no brand logos, landscape 16:9. Negatives: no logos; no airline branding or marks; no certificates or readable fake paperwork; no airport official signage as fact; no fake staff/employee portraits; no fake review UI; no watermarks; no text overlays with brand names; illustrative lifestyle/process only — not a claimed real customer case",no logos; no airline branding or marks; no certificates or readable fake paperwork; no airport official signage as fact; no fake staff/employee portraits; no fake review UI; no watermarks; no text overlays with brand names; illustrative lifestyle/process only — not a claimed real customer case,delivered,/workspace/seo-strategy-q4/SEO-MASTER/assets-w1-w3-delivered/cat-relocation-dubai-process-diagram.png,2026-09-04,"W1–W3 AI batch; redos applied for safety on moccae hands, cat process, coordinator (hands-only), inbound journey (icons-only)."
why-no-sedation-cats-flying-diagram.png,v1,3,https://dubai-pet-relocation.ae/service/cat-relocation-dubai/,Detail,supporting,16:9,landscape,Why vets advise against sedating cats for flights: blood pressure and balance effects at altitude,"Clean flat-design infographic: simple do/don't panel - left shows calming alternatives, right shows a crossed-out pill icon with a caution note. Labels: Do: acclimate early, familiar bedding, pheromone spray; Don't: sedate unless a vet explicitly instructs; Airline rules plus vet guidance. Sand-and-teal palette, no brand logos, landscape 16:9. Negatives: no logos; no airline branding or marks; no certificates or readable fake paperwork; no airport official signage as fact; no fake staff/employee portraits; no fake review UI; no watermarks; no text overlays with brand names; illustrative lifestyle/process only — not a claimed real customer case",no logos; no airline branding or marks; no certificates or readable fake paperwork; no airport official signage as fact; no fake staff/employee portraits; no fake review UI; no watermarks; no text overlays with brand names; illustrative lifestyle/process only — not a claimed real customer case,delivered,/workspace/seo-strategy-q4/SEO-MASTER/assets-w1-w3-delivered/why-no-sedation-cats-flying-diagram.png,2026-09-04,"W1–W3 AI batch; redos applied for safety on moccae hands, cat process, coordinator (hands-only), inbound journey (icons-only)."
dog-relocation-dubai-process-diagram.png,v1,3,https://dubai-pet-relocation.ae/service/dog-relocation-dubai/,Process,section,16:9,landscape,"Dog relocation process in Dubai: breed eligibility, crate sizing, vaccinations, permits, flight, arrival","Clean flat-design infographic: six-step horizontal dog-relocation flow with a magnifier icon on step one. Labels: Breed eligibility check; Crate sizing; Vaccination timeline; Permits; Flight day; Arrival. Sand-and-teal palette, no brand logos, landscape 16:9. Negatives: no logos; no airline branding or marks; no certificates or readable fake paperwork; no airport official signage as fact; no fake staff/employee portraits; no fake review UI; no watermarks; no text overlays with brand names; illustrative lifestyle/process only — not a claimed real customer case",no logos; no airline branding or marks; no certificates or readable fake paperwork; no airport official signage as fact; no fake staff/employee portraits; no fake review UI; no watermarks; no text overlays with brand names; illustrative lifestyle/process only — not a claimed real customer case,delivered,/workspace/seo-strategy-q4/SEO-MASTER/assets-w1-w3-delivered/dog-relocation-dubai-process-diagram.png,2026-09-04,"W1–W3 AI batch; redos applied for safety on moccae hands, cat process, coordinator (hands-only), inbound journey (icons-only)."
snub-nosed-vs-standard-dog-crate-rule-diagram.png,v1,3,https://dubai-pet-relocation.ae/service/dog-relocation-dubai/,Detail,supporting,16:9,landscape,Snub-nosed versus standard dog head shapes and the larger crate rule for UAE flights,"Clean flat-design infographic: side-by-side flat profiles of a brachycephalic dog (pug-type) and a standard-muzzle dog with a larger crate outline behind the snub-nosed profile. Labels: Snub-nosed (brachycephalic); Standard muzzle; Larger crate required; Heat-sensitive. Sand-and-teal palette, no brand logos, landscape 16:9. Negatives: no logos; no airline branding or marks; no certificates or readable fake paperwork; no airport official signage as fact; no fake staff/employee portraits; no fake review UI; no watermarks; no text overlays with brand names; illustrative lifestyle/process only — not a claimed real customer case",no logos; no airline branding or marks; no certificates or readable fake paperwork; no airport official signage as fact; no fake staff/employee portraits; no fake review UI; no watermarks; no text overlays with brand names; illustrative lifestyle/process only — not a claimed real customer case,delivered,/workspace/seo-strategy-q4/SEO-MASTER/assets-w1-w3-delivered/snub-nosed-vs-standard-dog-crate-rule-diagram.png,2026-09-04,"W1–W3 AI batch; redos applied for safety on moccae hands, cat process, coordinator (hands-only), inbound journey (icons-only)."
international-pet-relocation-world-route-map-dubai.png,v1,3,https://dubai-pet-relocation.ae/service/international-pet-relocation/,Hero,hero,16:9,landscape,"World map of pet relocation routes to and from Dubai across the UK, Europe, USA, Asia and Australia","Clean flat-design infographic: stylised world map centred on the Gulf with dashed route arcs from Dubai to London, Frankfurt, New York, Toronto, Mumbai, Manila, Singapore, Sydney, Johannesburg, Riyadh. Labels: Dubai hub marker; destination dots with small city labels. Sand-and-teal palette, no brand logos, landscape 16:9. Negatives: no logos; no airline branding or marks; no certificates or readable fake paperwork; no airport official signage as fact; no fake staff/employee portraits; no fake review UI; no watermarks; no text overlays with brand names; illustrative lifestyle/process only — not a claimed real customer case",no logos; no airline branding or marks; no certificates or readable fake paperwork; no airport official signage as fact; no fake staff/employee portraits; no fake review UI; no watermarks; no text overlays with brand names; illustrative lifestyle/process only — not a claimed real customer case,delivered,/workspace/seo-strategy-q4/SEO-MASTER/assets-w1-w3-delivered/international-pet-relocation-world-route-map-dubai.png,2026-09-04,"W1–W3 AI batch; redos applied for safety on moccae hands, cat process, coordinator (hands-only), inbound journey (icons-only)."
international-pet-relocation-coordinator-timeline-dubai.jpg,v1,3,https://dubai-pet-relocation.ae/service/international-pet-relocation/,Process,section,4:3,landscape,Coordinator managing an international pet relocation timeline from a Dubai office,"Photorealistic documentary-style image of a coordinator working between two phones and a laptop showing a generic timeline view, documentary office shot, screen abstract and unreadable, warm natural light, authentic Dubai/UAE context, no logos, no text, editorial photography, landscape 4:3.",no logos; no airline branding or marks; no certificates or readable fake paperwork; no airport official signage as fact; no fake staff/employee portraits; no fake review UI; no watermarks; no text overlays with brand names; illustrative lifestyle/process only — not a claimed real customer case,delivered,/workspace/seo-strategy-q4/SEO-MASTER/assets-w1-w3-delivered/international-pet-relocation-coordinator-timeline-dubai.jpg,2026-09-04,"W1–W3 AI batch; redos applied for safety on moccae hands, cat process, coordinator (hands-only), inbound journey (icons-only)."
pet-airline-options-cabin-baggage-cargo-diagram.png,v1,3,https://dubai-pet-relocation.ae/service/international-pet-relocation/,Detail,supporting,16:9,landscape,"How pets can fly internationally: in-cabin, as excess baggage or as manifest cargo, compared","Clean flat-design infographic: three-way comparison graphic of pet travel modes with suitability cues by pet size and route. Labels: In-cabin (small pets, few airlines); Excess baggage (limited routes); Manifest cargo (most long-haul, most sizes). Sand-and-teal palette, no airline logos, landscape 16:9. Negatives: no logos; no airline branding or marks; no certificates or readable fake paperwork; no airport official signage as fact; no fake staff/employee portraits; no fake review UI; no watermarks; no text overlays with brand names; illustrative lifestyle/process only — not a claimed real customer case",no logos; no airline branding or marks; no certificates or readable fake paperwork; no airport official signage as fact; no fake staff/employee portraits; no fake review UI; no watermarks; no text overlays with brand names; illustrative lifestyle/process only — not a claimed real customer case,delivered,/workspace/seo-strategy-q4/SEO-MASTER/assets-w1-w3-delivered/pet-airline-options-cabin-baggage-cargo-diagram.png,2026-09-04,"W1–W3 AI batch; redos applied for safety on moccae hands, cat process, coordinator (hands-only), inbound journey (icons-only)."
pet-relocation-dubai-process-five-stages.png,v1,3,https://dubai-pet-relocation.ae/service/pet-relocation-dubai/,Process,section,16:9,landscape,"Five-stage pet relocation process in Dubai: quote, documents, booking, travel day, delivery","Clean flat-design infographic: five connected stage cards for a door-to-door pet relocation. Labels: Quote; Document check; Booking; Travel day; Delivery and reunion. Sand-and-teal palette, simple icons, no brand logos, landscape 16:9. Negatives: no logos; no airline branding or marks; no certificates or readable fake paperwork; no airport official signage as fact; no fake staff/employee portraits; no fake review UI; no watermarks; no text overlays with brand names; illustrative lifestyle/process only — not a claimed real customer case",no logos; no airline branding or marks; no certificates or readable fake paperwork; no airport official signage as fact; no fake staff/employee portraits; no fake review UI; no watermarks; no text overlays with brand names; illustrative lifestyle/process only — not a claimed real customer case,delivered,/workspace/seo-strategy-q4/SEO-MASTER/assets-w1-w3-delivered/pet-relocation-dubai-process-five-stages.png,2026-09-04,"W1–W3 AI batch; redos applied for safety on moccae hands, cat process, coordinator (hands-only), inbound journey (icons-only)."
measuring-toy-poodle-crate-sizing-dubai.jpg,v4,3,https://dubai-pet-relocation.ae/service/pet-relocation-dubai/,Detail,supporting,4:3,landscape,Hands measuring a toy poodle with a tape for IATA crate sizing before a Dubai pet relocation,"Photorealistic documentary-style image of a toy poodle standing on a mat being measured with a white tape by hands only, open travel crate beside the dog, Dubai apartment skyline window, measuring from ground to head, warm natural light, authentic Dubai/UAE context, no faces, no logos, no text overlays, editorial photography, landscape 4:3.",no logos; no airline branding or marks; no certificates or readable fake paperwork; no airport official signage as fact; no fake staff/employee portraits; no fake review UI; no watermarks; no text overlays with brand names; illustrative lifestyle/process only — not a claimed real customer case,delivered,/workspace/seo-strategy-q4/SEO-MASTER/assets-w1-w3-delivered/measuring-toy-poodle-crate-sizing-dubai.jpg,2026-09-04,P1 trust-uplift v4: hands-only crate sizing; open crate in frame; no fake people.
pet-relocation-from-dubai-husky-balcony-golden-hour.jpg,v4,3,https://dubai-pet-relocation.ae/service/pet-relocation-from-dubai/,Hero,hero,16:9,landscape,Husky sitting beside a packed travel crate on a Dubai balcony before relocating from Dubai,"Photorealistic documentary-style image of a husky sitting on a high-rise Dubai balcony at golden hour beside a packed travel crate with a document pouch zip-tied on top, no people, Burj Khalifa in background, hopeful mood, warm natural light, authentic Dubai/UAE context, no logos, no readable official seals, editorial photography, landscape 16:9.",no logos; no airline branding or marks; no certificates or readable fake paperwork; no airport official signage as fact; no fake staff/employee portraits; no fake review UI; no watermarks; no text overlays with brand names; illustrative lifestyle/process only — not a claimed real customer case,delivered,/workspace/seo-strategy-q4/SEO-MASTER/assets-w1-w3-delivered/pet-relocation-from-dubai-husky-balcony-golden-hour.jpg,2026-09-04,P1 trust-uplift v4: no owner/people; crate + paperwork pouch visible.
pet-relocation-from-dubai-outbound-journey-diagram.png,v1,3,https://dubai-pet-relocation.ae/service/pet-relocation-from-dubai/,Process,section,16:9,landscape,Outbound pet relocation journey from Dubai with destination-specific rules highlighted,"Clean flat-design infographic: seven-step outbound arc from Dubai with a branching node at step one. Labels: Destination rules (they differ); Vet and vaccinations; Export health certificate; MOCCAE export certificate; Flight booking; Departure day; Arrival support. Sand-and-teal palette, no brand logos, no fake official seals, landscape 16:9. Negatives: no logos; no airline branding or marks; no certificates or readable fake paperwork; no airport official signage as fact; no fake staff/employee portraits; no fake review UI; no watermarks; no text overlays with brand names; illustrative lifestyle/process only — not a claimed real customer case",no logos; no airline branding or marks; no certificates or readable fake paperwork; no airport official signage as fact; no fake staff/employee portraits; no fake review UI; no watermarks; no text overlays with brand names; illustrative lifestyle/process only — not a claimed real customer case,delivered,/workspace/seo-strategy-q4/SEO-MASTER/assets-w1-w3-delivered/pet-relocation-from-dubai-outbound-journey-diagram.png,2026-09-04,"W1–W3 AI batch; redos applied for safety on moccae hands, cat process, coordinator (hands-only), inbound journey (icons-only)."
export-documents-crate-pouch-checklist-dubai.jpg,v1,3,https://dubai-pet-relocation.ae/service/pet-relocation-from-dubai/,Detail,supporting,4:3,landscape,Export documents pouch secured to a pet travel crate before departure from Dubai,"Photorealistic documentary-style image of a document pouch zip-tied to the top of a pet travel crate beside a ticked checklist card, documents generic, no official seals or readable data, warm natural light, no logos, editorial photography, landscape 4:3.",no logos; no airline branding or marks; no certificates or readable fake paperwork; no airport official signage as fact; no fake staff/employee portraits; no fake review UI; no watermarks; no text overlays with brand names; illustrative lifestyle/process only — not a claimed real customer case,delivered,/workspace/seo-strategy-q4/SEO-MASTER/assets-w1-w3-delivered/export-documents-crate-pouch-checklist-dubai.jpg,2026-09-04,"W1–W3 AI batch; redos applied for safety on moccae hands, cat process, coordinator (hands-only), inbound journey (icons-only)."
pet-relocation-to-dubai-cat-arrival-new-apartment.jpg,v1,3,https://dubai-pet-relocation.ae/service/pet-relocation-to-dubai/,Hero,hero,16:9,landscape,Cat stepping out of its travel crate into a new Dubai apartment after relocating to Dubai,"Photorealistic documentary-style image of a ginger cat stepping out of an open travel crate toward a sunny balcony in a new Dubai apartment, first-arrival curiosity, skyline soft in background, warm natural light, authentic Dubai/UAE context, no logos, no text, no fictional airport signs, editorial photography, landscape 16:9.",no logos; no airline branding or marks; no certificates or readable fake paperwork; no airport official signage as fact; no fake staff/employee portraits; no fake review UI; no watermarks; no text overlays with brand names; illustrative lifestyle/process only — not a claimed real customer case,delivered,/workspace/seo-strategy-q4/SEO-MASTER/assets-w1-w3-delivered/pet-relocation-to-dubai-cat-arrival-new-apartment.jpg,2026-09-04,"W1–W3 AI batch; redos applied for safety on moccae hands, cat process, coordinator (hands-only), inbound journey (icons-only)."
pet-relocation-to-dubai-inbound-journey-diagram.png,v1,3,https://dubai-pet-relocation.ae/service/pet-relocation-to-dubai/,Process,section,16:9,landscape,Inbound pet relocation journey to Dubai from first vet visit to home delivery,"Clean flat-design infographic: two-row eight-step journey arc for moving a pet to Dubai. Labels: Home-country vet; Vaccinations; Titer test if required; MOCCAE import permit; Flight; DXB/AUH clearance; Home delivery; Settling in. Sand-and-teal palette, no brand logos, no fake official seals, landscape 16:9. Negatives: no logos; no airline branding or marks; no certificates or readable fake paperwork; no airport official signage as fact; no fake staff/employee portraits; no fake review UI; no watermarks; no text overlays with brand names; illustrative lifestyle/process only — not a claimed real customer case",no logos; no airline branding or marks; no certificates or readable fake paperwork; no airport official signage as fact; no fake staff/employee portraits; no fake review UI; no watermarks; no text overlays with brand names; illustrative lifestyle/process only — not a claimed real customer case,delivered,/workspace/seo-strategy-q4/SEO-MASTER/assets-w1-w3-delivered/pet-relocation-to-dubai-inbound-journey-diagram.png,2026-09-04,"W1–W3 AI batch; redos applied for safety on moccae hands, cat process, coordinator (hands-only), inbound journey (icons-only)."
settling-in-first-week-dubai-spaniel-pet-corner.jpg,v4,3,https://dubai-pet-relocation.ae/service/pet-relocation-to-dubai/,Detail,supporting,4:3,landscape,Cocker spaniel sniffing a pet bed in a new Dubai apartment during the first week after relocation,"Photorealistic documentary-style image of a cocker spaniel sniffing a plush pet bed and steel bowl in a new apartment, moving boxes half-unpacked, Dubai Marina skyline through the window, no people, warm natural light, authentic Dubai/UAE context, no logos, no text, editorial photography, landscape 4:3.",no logos; no airline branding or marks; no certificates or readable fake paperwork; no airport official signage as fact; no fake staff/employee portraits; no fake review UI; no watermarks; no text overlays with brand names; illustrative lifestyle/process only — not a claimed real customer case,delivered,/workspace/seo-strategy-q4/SEO-MASTER/assets-w1-w3-delivered/settling-in-first-week-dubai-spaniel-pet-corner.jpg,2026-09-04,P1 trust-uplift v4: no owner/people; pet corner + moving boxes only.
dubai-abu-dhabi-pet-transport-route-map.png,v1,3,https://dubai-pet-relocation.ae/service/pet-transport-dubai/,Process,section,16:9,landscape,Inter-emirate pet transport route between Dubai and Abu Dhabi with approximate drive time,"Clean flat-design infographic: simplified UAE road map showing the Dubai-Abu Dhabi corridor with a van icon and a typical drive-time bubble. Labels: Dubai; Abu Dhabi; approximate drive time per page copy. Sand-and-teal palette, no brand logos, landscape 16:9. Negatives: no logos; no airline branding or marks; no certificates or readable fake paperwork; no airport official signage as fact; no fake staff/employee portraits; no fake review UI; no watermarks; no text overlays with brand names; illustrative lifestyle/process only — not a claimed real customer case",no logos; no airline branding or marks; no certificates or readable fake paperwork; no airport official signage as fact; no fake staff/employee portraits; no fake review UI; no watermarks; no text overlays with brand names; illustrative lifestyle/process only — not a claimed real customer case,delivered,/workspace/seo-strategy-q4/SEO-MASTER/assets-w1-w3-delivered/dubai-abu-dhabi-pet-transport-route-map.png,2026-09-04,"W1–W3 AI batch; redos applied for safety on moccae hands, cat process, coordinator (hands-only), inbound journey (icons-only)."
pet-transport-rest-stop-water-border-collie.jpg,v3,3,https://dubai-pet-relocation.ae/service/pet-transport-dubai/,Detail,supporting,4:3,landscape,Handler giving water to a border collie during a shaded rest stop on a UAE pet transport journey,"Photorealistic documentary-style image of a handler kneeling to offer a water bowl to a border collie on a leash in a shaded parking area, candid, midday shade, warm natural light, authentic Dubai/UAE context, no logos, no text, editorial photography, landscape 4:3.",no logos; no airline branding or marks; no certificates or readable fake paperwork; no airport official signage as fact; no fake staff/employee portraits; no fake review UI; no watermarks; no text overlays with brand names; illustrative lifestyle/process only — not a claimed real customer case,delivered,/workspace/seo-strategy-q4/SEO-MASTER/assets-w1-w3-delivered/pet-transport-rest-stop-water-border-collie.jpg,2026-09-04,v3 VD trust redo: dog+bowl+crate+vehicle under canopy; zero people/hands/staff
pet-relocation-service-tiers-comparison-dubai.png,v1,3,https://dubai-pet-relocation.ae/services/,Tier comparison,section,16:9,landscape,"Comparison of PawPilot, PawPartner and PawVIP pet relocation service tiers in Dubai","Clean flat-design infographic: three-column pricing-tier comparison card layout with checkmark rows. Labels: PawPilot Essential; PawPartner Premium; PawVIP Coordination; row labels to match the on-page comparison table exactly (consultation, document check, permit filing, booking management, travel-day coordination, arrival support). Sand-and-teal palette, no brand logos, landscape 16:9. Negatives: no logos; no airline branding or marks; no certificates or readable fake paperwork; no airport official signage as fact; no fake staff/employee portraits; no fake review UI; no watermarks; no text overlays with brand names; illustrative lifestyle/process only — not a claimed real customer case",no logos; no airline branding or marks; no certificates or readable fake paperwork; no airport official signage as fact; no fake staff/employee portraits; no fake review UI; no watermarks; no text overlays with brand names; illustrative lifestyle/process only — not a claimed real customer case,delivered,/workspace/seo-strategy-q4/SEO-MASTER/assets-w1-w3-delivered/pet-relocation-service-tiers-comparison-dubai.png,2026-09-04,"W1–W3 AI batch; redos applied for safety on moccae hands, cat process, coordinator (hands-only), inbound journey (icons-only)."
